sex,ann_finest_level,clid,mapping_status,author_cohort_size,azimuth_count,pan_human_count,both_same_cell_count,azimuth_only_count,pan_human_only_count,union_count
Female,Adventitial fibroblasts,CL:0000057,mapped_clid,1243,0,1023,0,0,1023,1023
Female,Adventitial fibroblasts,CL:0000083,mapped_clid,1243,0,1,0,0,1,1
Female,Adventitial fibroblasts,CL:0000097,mapped_clid,1243,0,3,0,0,3,3
Female,Adventitial fibroblasts,CL:0000158,mapped_clid,1243,0,2,0,0,2,2
Female,Adventitial fibroblasts,CL:0000186,mapped_clid,1243,6,30,3,3,27,33
Female,Adventitial fibroblasts,CL:0000192,mapped_clid,1243,1,0,0,1,0,1
Female,Adventitial fibroblasts,CL:0000322,mapped_clid,1243,1,0,0,1,0,1
Female,Adventitial fibroblasts,CL:0000625,mapped_clid,1243,3,0,0,3,0,3
Female,Adventitial fibroblasts,CL:0000669,mapped_clid,1243,0,1,0,0,1,1
Female,Adventitial fibroblasts,CL:0000765,mapped_clid,1243,0,4,0,0,4,4
Female,Adventitial fibroblasts,CL:0000786,mapped_clid,1243,1,0,0,1,0,1
Female,Adventitial fibroblasts,CL:0000792,mapped_clid,1243,0,1,0,0,1,1
Female,Adventitial fibroblasts,CL:0000814,mapped_clid,1243,0,6,0,0,6,6
Female,Adventitial fibroblasts,CL:0000860,mapped_clid,1243,2,0,0,2,0,2
Female,Adventitial fibroblasts,CL:0000909,mapped_clid,1243,0,3,0,0,3,3
Female,Adventitial fibroblasts,CL:0001054,mapped_clid,1243,0,2,0,0,2,2
Female,Adventitial fibroblasts,CL:0002062,mapped_clid,1243,3,2,2,1,0,3
Female,Adventitial fibroblasts,CL:0002063,mapped_clid,1243,1,0,0,1,0,1
Female,Adventitial fibroblasts,CL:0002138,mapped_clid,1243,0,2,0,0,2,2
Female,Adventitial fibroblasts,CL:0002144,mapped_clid,1243,0,1,0,0,1,1
Female,Adventitial fibroblasts,CL:0002357,mapped_clid,1243,0,2,0,0,2,2
Female,Adventitial fibroblasts,CL:0002399,mapped_clid,1243,0,1,0,0,1,1
Female,Adventitial fibroblasts,CL:0002543,mapped_clid,1243,0,2,0,0,2,2
Female,Adventitial fibroblasts,CL:0002553,mapped_clid,1243,7,0,0,7,0,7
Female,Adventitial fibroblasts,CL:0009086,mapped_clid,1243,1,0,0,1,0,1
Female,Adventitial fibroblasts,CL:1000413,mapped_clid,1243,0,1,0,0,1,1
Female,Adventitial fibroblasts,CL:1000493,mapped_clid,1243,2,0,0,2,0,2
Female,Adventitial fibroblasts,CL:1001568,mapped_clid,1243,1,0,0,1,0,1
Female,Adventitial fibroblasts,CL:1001603,mapped_clid,1243,2,0,0,2,0,2
Female,Adventitial fibroblasts,CL:4023026,mapped_clid,1243,0,1,0,0,1,1
Female,Adventitial fibroblasts,CL:4028002,mapped_clid,1243,1,0,0,1,0,1
Female,Adventitial fibroblasts,CL:4028003,mapped_clid,1243,1,1,1,0,0,1
Female,Adventitial fibroblasts,CL:4028004,mapped_clid,1243,92,0,0,92,0,92
Female,Adventitial fibroblasts,CL:4033008,mapped_clid,1243,4,0,0,4,0,4
Female,Adventitial fibroblasts,CL:4052029,mapped_clid,1243,3,0,0,3,0,3
Female,Adventitial fibroblasts,CL:4052030,mapped_clid,1243,1111,0,0,1111,0,1111
Female,Adventitial fibroblasts,NA,method_prediction_absent,1243,0,154,0,0,154,154
Female,Alveolar fibroblasts,CL:0000057,mapped_clid,1738,0,1378,0,0,1378,1378
Female,Alveolar fibroblasts,CL:0000186,mapped_clid,1738,18,74,6,12,68,86
Female,Alveolar fibroblasts,CL:0000192,mapped_clid,1738,1,0,0,1,0,1
Female,Alveolar fibroblasts,CL:0000583,mapped_clid,1738,0,1,0,0,1,1
Female,Alveolar fibroblasts,CL:0000624,mapped_clid,1738,1,0,0,1,0,1
Female,Alveolar fibroblasts,CL:0000669,mapped_clid,1738,0,2,0,0,2,2
Female,Alveolar fibroblasts,CL:0000745,mapped_clid,1738,0,2,0,0,2,2
Female,Alveolar fibroblasts,CL:0000765,mapped_clid,1738,0,1,0,0,1,1
Female,Alveolar fibroblasts,CL:0000860,mapped_clid,1738,1,0,0,1,0,1
Female,Alveolar fibroblasts,CL:0001054,mapped_clid,1738,0,1,0,0,1,1
Female,Alveolar fibroblasts,CL:0002062,mapped_clid,1738,2,2,2,0,0,2
Female,Alveolar fibroblasts,CL:0002063,mapped_clid,1738,1,0,0,1,0,1
Female,Alveolar fibroblasts,CL:0002138,mapped_clid,1738,0,1,0,0,1,1
Female,Alveolar fibroblasts,CL:0002357,mapped_clid,1738,0,2,0,0,2,2
Female,Alveolar fibroblasts,CL:0002399,mapped_clid,1738,0,1,0,0,1,1
Female,Alveolar fibroblasts,CL:0002543,mapped_clid,1738,0,1,0,0,1,1
Female,Alveolar fibroblasts,CL:0002553,mapped_clid,1738,1,0,0,1,0,1
Female,Alveolar fibroblasts,CL:0002633,mapped_clid,1738,1,0,0,1,0,1
Female,Alveolar fibroblasts,CL:0009086,mapped_clid,1738,1,0,0,1,0,1
Female,Alveolar fibroblasts,CL:0009089,mapped_clid,1738,1,0,0,1,0,1
Female,Alveolar fibroblasts,CL:1001603,mapped_clid,1738,3,0,0,3,0,3
Female,Alveolar fibroblasts,CL:4028002,mapped_clid,1738,2,0,0,2,0,2
Female,Alveolar fibroblasts,CL:4028004,mapped_clid,1738,1628,0,0,1628,0,1628
Female,Alveolar fibroblasts,CL:4033008,mapped_clid,1738,2,0,0,2,0,2
Female,Alveolar fibroblasts,CL:4052029,mapped_clid,1738,1,0,0,1,0,1
Female,Alveolar fibroblasts,CL:4052030,mapped_clid,1738,74,0,0,74,0,74
Female,Alveolar fibroblasts,NA,method_prediction_absent,1738,0,272,0,0,272,272
Female,Alveolar macrophages,CL:0000057,mapped_clid,17289,0,3,0,0,3,3
Female,Alveolar macrophages,CL:0000097,mapped_clid,17289,3,2,2,1,0,3
Female,Alveolar macrophages,CL:0000158,mapped_clid,17289,15,0,0,15,0,15
Female,Alveolar macrophages,CL:0000192,mapped_clid,17289,3,0,0,3,0,3
Female,Alveolar macrophages,CL:0000235,mapped_clid,17289,0,23,0,0,23,23
Female,Alveolar macrophages,CL:0000236,mapped_clid,17289,3,0,0,3,0,3
Female,Alveolar macrophages,CL:0000322,mapped_clid,17289,6,0,0,6,0,6
Female,Alveolar macrophages,CL:0000576,mapped_clid,17289,0,1,0,0,1,1
Female,Alveolar macrophages,CL:0000583,mapped_clid,17289,16446,15679,15388,1058,291,16737
Female,Alveolar macrophages,CL:0000623,mapped_clid,17289,1,0,0,1,0,1
Female,Alveolar macrophages,CL:0000624,mapped_clid,17289,2,0,0,2,0,2
Female,Alveolar macrophages,CL:0000625,mapped_clid,17289,7,0,0,7,0,7
Female,Alveolar macrophages,CL:0000784,mapped_clid,17289,0,1,0,0,1,1
Female,Alveolar macrophages,CL:0000786,mapped_clid,17289,3,0,0,3,0,3
Female,Alveolar macrophages,CL:0000860,mapped_clid,17289,23,0,0,23,0,23
Female,Alveolar macrophages,CL:0000863,mapped_clid,17289,0,625,0,0,625,625
Female,Alveolar macrophages,CL:0000875,mapped_clid,17289,53,0,0,53,0,53
Female,Alveolar macrophages,CL:0000909,mapped_clid,17289,0,3,0,0,3,3
Female,Alveolar macrophages,CL:0000939,mapped_clid,17289,0,2,0,0,2,2
Female,Alveolar macrophages,CL:0001054,mapped_clid,17289,0,9,0,0,9,9
Female,Alveolar macrophages,CL:0001058,mapped_clid,17289,1,0,0,1,0,1
Female,Alveolar macrophages,CL:0002062,mapped_clid,17289,9,0,0,9,0,9
Female,Alveolar macrophages,CL:0002063,mapped_clid,17289,25,0,0,25,0,25
Female,Alveolar macrophages,CL:0002145,mapped_clid,17289,2,0,0,2,0,2
Female,Alveolar macrophages,CL:0002357,mapped_clid,17289,0,1,0,0,1,1
Female,Alveolar macrophages,CL:0002394,mapped_clid,17289,0,1,0,0,1,1
Female,Alveolar macrophages,CL:0002399,mapped_clid,17289,59,206,33,26,173,232
Female,Alveolar macrophages,CL:0002543,mapped_clid,17289,0,6,0,0,6,6
Female,Alveolar macrophages,CL:0009086,mapped_clid,17289,1,0,0,1,0,1
Female,Alveolar macrophages,CL:0011031,mapped_clid,17289,0,1,0,0,1,1
Female,Alveolar macrophages,CL:0019031,mapped_clid,17289,0,3,0,0,3,3
Female,Alveolar macrophages,CL:1001568,mapped_clid,17289,3,0,0,3,0,3
Female,Alveolar macrophages,CL:1001603,mapped_clid,17289,479,0,0,479,0,479
Female,Alveolar macrophages,CL:4028002,mapped_clid,17289,26,0,0,26,0,26
Female,Alveolar macrophages,CL:4028004,mapped_clid,17289,3,0,0,3,0,3
Female,Alveolar macrophages,CL:4033008,mapped_clid,17289,13,0,0,13,0,13
Female,Alveolar macrophages,CL:4033041,mapped_clid,17289,63,0,0,63,0,63
Female,Alveolar macrophages,CL:4033043,mapped_clid,17289,21,0,0,21,0,21
Female,Alveolar macrophages,CL:4033077,mapped_clid,17289,6,0,0,6,0,6
Female,Alveolar macrophages,CL:4033081,mapped_clid,17289,0,233,0,0,233,233
Female,Alveolar macrophages,CL:4052029,mapped_clid,17289,2,0,0,2,0,2
Female,Alveolar macrophages,CL:4052030,mapped_clid,17289,11,0,0,11,0,11
Female,Alveolar macrophages,NA,method_prediction_absent,17289,0,490,0,0,490,490
Female,Alveolar Mph CCL3+,CL:0000576,mapped_clid,873,0,1,0,0,1,1
Female,Alveolar Mph CCL3+,CL:0000583,mapped_clid,873,643,732,610,33,122,765
Female,Alveolar Mph CCL3+,CL:0000623,mapped_clid,873,2,0,0,2,0,2
Female,Alveolar Mph CCL3+,CL:0000625,mapped_clid,873,1,0,0,1,0,1
Female,Alveolar Mph CCL3+,CL:0000860,mapped_clid,873,4,0,0,4,0,4
Female,Alveolar Mph CCL3+,CL:0000863,mapped_clid,873,0,109,0,0,109,109
Female,Alveolar Mph CCL3+,CL:0000939,mapped_clid,873,0,1,0,0,1,1
Female,Alveolar Mph CCL3+,CL:0001054,mapped_clid,873,0,1,0,0,1,1
Female,Alveolar Mph CCL3+,CL:0002399,mapped_clid,873,1,3,1,0,2,3
Female,Alveolar Mph CCL3+,CL:1001603,mapped_clid,873,196,0,0,196,0,196
Female,Alveolar Mph CCL3+,CL:4028002,mapped_clid,873,2,0,0,2,0,2
Female,Alveolar Mph CCL3+,CL:4033041,mapped_clid,873,24,0,0,24,0,24
Female,Alveolar Mph CCL3+,CL:4033081,mapped_clid,873,0,4,0,0,4,4
Female,Alveolar Mph CCL3+,NA,method_prediction_absent,873,0,22,0,0,22,22
Female,Alveolar Mph MT-positive,CL:0000235,mapped_clid,1104,0,10,0,0,10,10
Female,Alveolar Mph MT-positive,CL:0000583,mapped_clid,1104,615,778,521,94,257,872
Female,Alveolar Mph MT-positive,CL:0000625,mapped_clid,1104,2,0,0,2,0,2
Female,Alveolar Mph MT-positive,CL:0000860,mapped_clid,1104,2,0,0,2,0,2
Female,Alveolar Mph MT-positive,CL:0000863,mapped_clid,1104,0,242,0,0,242,242
Female,Alveolar Mph MT-positive,CL:0000909,mapped_clid,1104,0,1,0,0,1,1
Female,Alveolar Mph MT-positive,CL:0001054,mapped_clid,1104,0,1,0,0,1,1
Female,Alveolar Mph MT-positive,CL:0002399,mapped_clid,1104,0,3,0,0,3,3
Female,Alveolar Mph MT-positive,CL:1001603,mapped_clid,1104,479,0,0,479,0,479
Female,Alveolar Mph MT-positive,CL:4028002,mapped_clid,1104,1,0,0,1,0,1
Female,Alveolar Mph MT-positive,CL:4028003,mapped_clid,1104,1,0,0,1,0,1
Female,Alveolar Mph MT-positive,CL:4033042,mapped_clid,1104,3,0,0,3,0,3
Female,Alveolar Mph MT-positive,CL:4033077,mapped_clid,1104,1,0,0,1,0,1
Female,Alveolar Mph MT-positive,CL:4033081,mapped_clid,1104,0,8,0,0,8,8
Female,Alveolar Mph MT-positive,NA,method_prediction_absent,1104,0,61,0,0,61,61
Female,Alveolar Mph proliferating,CL:0000583,mapped_clid,358,82,10,10,72,0,82
Female,Alveolar Mph proliferating,CL:0002145,mapped_clid,358,1,0,0,1,0,1
Female,Alveolar Mph proliferating,CL:0002399,mapped_clid,358,7,0,0,7,0,7
Female,Alveolar Mph proliferating,CL:1001603,mapped_clid,358,8,0,0,8,0,8
Female,Alveolar Mph proliferating,CL:4033077,mapped_clid,358,260,0,0,260,0,260
Female,Alveolar Mph proliferating,CL:4033081,mapped_clid,358,0,337,0,0,337,337
Female,Alveolar Mph proliferating,NA,method_prediction_absent,358,0,11,0,0,11,11
Female,AT0,CL:0000158,mapped_clid,670,0,499,0,0,499,499
Female,AT0,CL:0000322,mapped_clid,670,539,0,0,539,0,539
Female,AT0,CL:0000625,mapped_clid,670,1,0,0,1,0,1
Female,AT0,CL:0002062,mapped_clid,670,61,23,9,52,14,75
Female,AT0,CL:0002063,mapped_clid,670,69,71,48,21,23,92
Female,AT0,CL:0002633,mapped_clid,670,0,1,0,0,1,1
Female,AT0,CL:0019031,mapped_clid,670,0,3,0,0,3,3
Female,AT0,NA,method_prediction_absent,670,0,73,0,0,73,73
Female,AT1,CL:0000077,mapped_clid,2746,0,2,0,0,2,2
Female,AT1,CL:0000083,mapped_clid,2746,0,1,0,0,1,1
Female,AT1,CL:0000097,mapped_clid,2746,0,3,0,0,3,3
Female,AT1,CL:0000158,mapped_clid,2746,2,96,0,2,96,98
Female,AT1,CL:0000235,mapped_clid,2746,0,1,0,0,1,1
Female,AT1,CL:0000322,mapped_clid,2746,14,0,0,14,0,14
Female,AT1,CL:0000576,mapped_clid,2746,0,1,0,0,1,1
Female,AT1,CL:0000583,mapped_clid,2746,1,5,1,0,4,5
Female,AT1,CL:0000623,mapped_clid,2746,1,0,0,1,0,1
Female,AT1,CL:0000775,mapped_clid,2746,0,1,0,0,1,1
Female,AT1,CL:0000786,mapped_clid,2746,0,2,0,0,2,2
Female,AT1,CL:0000860,mapped_clid,2746,8,0,0,8,0,8
Female,AT1,CL:0000863,mapped_clid,2746,0,4,0,0,4,4
Female,AT1,CL:0001054,mapped_clid,2746,0,8,0,0,8,8
Female,AT1,CL:0002062,mapped_clid,2746,2690,2341,2326,364,15,2705
Female,AT1,CL:0002063,mapped_clid,2746,27,12,6,21,6,33
Female,AT1,CL:0002144,mapped_clid,2746,0,2,0,0,2,2
Female,AT1,CL:0002357,mapped_clid,2746,0,2,0,0,2,2
Female,AT1,CL:0002399,mapped_clid,2746,0,5,0,0,5,5
Female,AT1,CL:0002633,mapped_clid,2746,0,10,0,0,10,10
Female,AT1,CL:0009086,mapped_clid,2746,1,0,0,1,0,1
Female,AT1,CL:0017000,mapped_clid,2746,0,1,0,0,1,1
Female,AT1,CL:0019031,mapped_clid,2746,0,3,0,0,3,3
Female,AT1,CL:4028002,mapped_clid,2746,1,0,0,1,0,1
Female,AT1,CL:4028004,mapped_clid,2746,1,0,0,1,0,1
Female,AT1,NA,method_prediction_absent,2746,0,246,0,0,246,246
Female,AT2,CL:0000057,mapped_clid,28532,0,10,0,0,10,10
Female,AT2,CL:0000097,mapped_clid,28532,0,5,0,0,5,5
Female,AT2,CL:0000158,mapped_clid,28532,1,1024,0,1,1024,1025
Female,AT2,CL:0000235,mapped_clid,28532,0,2,0,0,2,2
Female,AT2,CL:0000322,mapped_clid,28532,105,0,0,105,0,105
Female,AT2,CL:0000576,mapped_clid,28532,0,3,0,0,3,3
Female,AT2,CL:0000583,mapped_clid,28532,13,127,11,2,116,129
Female,AT2,CL:0000623,mapped_clid,28532,4,0,0,4,0,4
Female,AT2,CL:0000624,mapped_clid,28532,3,0,0,3,0,3
Female,AT2,CL:0000625,mapped_clid,28532,17,0,0,17,0,17
Female,AT2,CL:0000775,mapped_clid,28532,0,2,0,0,2,2
Female,AT2,CL:0000786,mapped_clid,28532,6,3,3,3,0,6
Female,AT2,CL:0000787,mapped_clid,28532,0,1,0,0,1,1
Female,AT2,CL:0000788,mapped_clid,28532,0,2,0,0,2,2
Female,AT2,CL:0000814,mapped_clid,28532,0,1,0,0,1,1
Female,AT2,CL:0000860,mapped_clid,28532,9,0,0,9,0,9
Female,AT2,CL:0000863,mapped_clid,28532,0,3,0,0,3,3
Female,AT2,CL:0000897,mapped_clid,28532,0,1,0,0,1,1
Female,AT2,CL:0000909,mapped_clid,28532,0,12,0,0,12,12
Female,AT2,CL:0000939,mapped_clid,28532,0,4,0,0,4,4
Female,AT2,CL:0001054,mapped_clid,28532,0,2,0,0,2,2
Female,AT2,CL:0001058,mapped_clid,28532,1,0,0,1,0,1
Female,AT2,CL:0002062,mapped_clid,28532,573,172,67,506,105,678
Female,AT2,CL:0002063,mapped_clid,28532,27782,26177,26109,1673,68,27850
Female,AT2,CL:0002399,mapped_clid,28532,0,21,0,0,21,21
Female,AT2,CL:0002543,mapped_clid,28532,0,1,0,0,1,1
Female,AT2,CL:0002633,mapped_clid,28532,4,14,1,3,13,17
Female,AT2,CL:0009086,mapped_clid,28532,1,0,0,1,0,1
Female,AT2,CL:0019031,mapped_clid,28532,0,7,0,0,7,7
Female,AT2,CL:1001603,mapped_clid,28532,3,0,0,3,0,3
Female,AT2,CL:4028003,mapped_clid,28532,0,1,0,0,1,1
Female,AT2,CL:4028004,mapped_clid,28532,3,0,0,3,0,3
Female,AT2,CL:4033008,mapped_clid,28532,1,0,0,1,0,1
Female,AT2,CL:4033048,mapped_clid,28532,1,0,0,1,0,1
Female,AT2,CL:4033058,mapped_clid,28532,0,1,0,0,1,1
Female,AT2,CL:4033080,mapped_clid,28532,2,0,0,2,0,2
Female,AT2,CL:4052021,mapped_clid,28532,0,1,0,0,1,1
Female,AT2,CL:4052030,mapped_clid,28532,3,0,0,3,0,3
Female,AT2,NA,method_prediction_absent,28532,0,935,0,0,935,935
Female,AT2 proliferating,CL:0000158,mapped_clid,541,0,1,0,0,1,1
Female,AT2 proliferating,CL:0000322,mapped_clid,541,3,0,0,3,0,3
Female,AT2 proliferating,CL:0000786,mapped_clid,541,1,0,0,1,0,1
Female,AT2 proliferating,CL:0002062,mapped_clid,541,20,1,1,19,0,20
Female,AT2 proliferating,CL:0002063,mapped_clid,541,209,523,201,8,322,531
Female,AT2 proliferating,CL:1001603,mapped_clid,541,1,0,0,1,0,1
Female,AT2 proliferating,CL:4033080,mapped_clid,541,307,0,0,307,0,307
Female,AT2 proliferating,CL:4033081,mapped_clid,541,0,1,0,0,1,1
Female,AT2 proliferating,NA,method_prediction_absent,541,0,15,0,0,15,15
Female,B cells,CL:0000236,mapped_clid,1249,1218,0,0,1218,0,1218
Female,B cells,CL:0000623,mapped_clid,1249,1,0,0,1,0,1
Female,B cells,CL:0000624,mapped_clid,1249,21,0,0,21,0,21
Female,B cells,CL:0000625,mapped_clid,1249,4,0,0,4,0,4
Female,B cells,CL:0000786,mapped_clid,1249,0,11,0,0,11,11
Female,B cells,CL:0000787,mapped_clid,1249,0,1014,0,0,1014,1014
Female,B cells,CL:0000788,mapped_clid,1249,0,152,0,0,152,152
Female,B cells,CL:0000792,mapped_clid,1249,0,3,0,0,3,3
Female,B cells,CL:0000814,mapped_clid,1249,0,2,0,0,2,2
Female,B cells,CL:0000844,mapped_clid,1249,0,3,0,0,3,3
Female,B cells,CL:0000875,mapped_clid,1249,1,0,0,1,0,1
Female,B cells,CL:0000895,mapped_clid,1249,0,1,0,0,1,1
Female,B cells,CL:0000897,mapped_clid,1249,0,1,0,0,1,1
Female,B cells,CL:0000938,mapped_clid,1249,0,1,0,0,1,1
Female,B cells,CL:0002394,mapped_clid,1249,0,1,0,0,1,1
Female,B cells,CL:0002399,mapped_clid,1249,3,6,3,0,3,6
Female,B cells,CL:1001603,mapped_clid,1249,1,0,0,1,0,1
Female,B cells,CL:4052021,mapped_clid,1249,0,7,0,0,7,7
Female,B cells,NA,method_prediction_absent,1249,0,47,0,0,47,47
Female,Basal resting,CL:0000083,mapped_clid,141,0,1,0,0,1,1
Female,Basal resting,CL:0000158,mapped_clid,141,0,22,0,0,22,22
Female,Basal resting,CL:0000236,mapped_clid,141,1,0,0,1,0,1
Female,Basal resting,CL:0000322,mapped_clid,141,2,0,0,2,0,2
Female,Basal resting,CL:0000624,mapped_clid,141,2,0,0,2,0,2
Female,Basal resting,CL:0000860,mapped_clid,141,1,0,0,1,0,1
Female,Basal resting,CL:0002062,mapped_clid,141,25,0,0,25,0,25
Female,Basal resting,CL:0002633,mapped_clid,141,106,102,93,13,9,115
Female,Basal resting,CL:1001603,mapped_clid,141,1,0,0,1,0,1
Female,Basal resting,CL:4028002,mapped_clid,141,3,0,0,3,0,3
Female,Basal resting,NA,method_prediction_absent,141,0,16,0,0,16,16
Female,CD4 T cells,CL:0000037,mapped_clid,8817,0,2,0,0,2,2
Female,CD4 T cells,CL:0000051,mapped_clid,8817,0,1,0,0,1,1
Female,CD4 T cells,CL:0000084,mapped_clid,8817,0,1,0,0,1,1
Female,CD4 T cells,CL:0000097,mapped_clid,8817,0,1,0,0,1,1
Female,CD4 T cells,CL:0000236,mapped_clid,8817,5,0,0,5,0,5
Female,CD4 T cells,CL:0000576,mapped_clid,8817,0,1,0,0,1,1
Female,CD4 T cells,CL:0000583,mapped_clid,8817,0,1,0,0,1,1
Female,CD4 T cells,CL:0000623,mapped_clid,8817,1,0,0,1,0,1
Female,CD4 T cells,CL:0000624,mapped_clid,8817,6814,0,0,6814,0,6814
Female,CD4 T cells,CL:0000625,mapped_clid,8817,1978,0,0,1978,0,1978
Female,CD4 T cells,CL:0000786,mapped_clid,8817,1,0,0,1,0,1
Female,CD4 T cells,CL:0000790,mapped_clid,8817,0,6,0,0,6,6
Female,CD4 T cells,CL:0000792,mapped_clid,8817,0,604,0,0,604,604
Female,CD4 T cells,CL:0000798,mapped_clid,8817,0,2,0,0,2,2
Female,CD4 T cells,CL:0000814,mapped_clid,8817,0,12,0,0,12,12
Female,CD4 T cells,CL:0000860,mapped_clid,8817,5,0,0,5,0,5
Female,CD4 T cells,CL:0000863,mapped_clid,8817,0,1,0,0,1,1
Female,CD4 T cells,CL:0000875,mapped_clid,8817,2,0,0,2,0,2
Female,CD4 T cells,CL:0000895,mapped_clid,8817,0,2786,0,0,2786,2786
Female,CD4 T cells,CL:0000897,mapped_clid,8817,0,4205,0,0,4205,4205
Female,CD4 T cells,CL:0000898,mapped_clid,8817,0,25,0,0,25,25
Female,CD4 T cells,CL:0000900,mapped_clid,8817,0,30,0,0,30,30
Female,CD4 T cells,CL:0000909,mapped_clid,8817,0,88,0,0,88,88
Female,CD4 T cells,CL:0000934,mapped_clid,8817,0,56,0,0,56,56
Female,CD4 T cells,CL:0000940,mapped_clid,8817,0,113,0,0,113,113
Female,CD4 T cells,CL:0001054,mapped_clid,8817,0,1,0,0,1,1
Female,CD4 T cells,CL:0001058,mapped_clid,8817,1,0,0,1,0,1
Female,CD4 T cells,CL:0001065,mapped_clid,8817,0,25,0,0,25,25
Female,CD4 T cells,CL:0002038,mapped_clid,8817,0,62,0,0,62,62
Female,CD4 T cells,CL:0002063,mapped_clid,8817,3,1,1,2,0,3
Female,CD4 T cells,CL:0002399,mapped_clid,8817,2,1,1,1,0,2
Female,CD4 T cells,CL:0002489,mapped_clid,8817,0,1,0,0,1,1
Female,CD4 T cells,CL:4028002,mapped_clid,8817,3,0,0,3,0,3
Female,CD4 T cells,CL:4033069,mapped_clid,8817,1,0,0,1,0,1
Female,CD4 T cells,CL:4052021,mapped_clid,8817,0,274,0,0,274,274
Female,CD4 T cells,CL:4052030,mapped_clid,8817,1,0,0,1,0,1
Female,CD4 T cells,NA,method_prediction_absent,8817,0,517,0,0,517,517
Female,CD8 T cells,CL:0000037,mapped_clid,8529,0,1,0,0,1,1
Female,CD8 T cells,CL:0000051,mapped_clid,8529,0,1,0,0,1,1
Female,CD8 T cells,CL:0000097,mapped_clid,8529,0,1,0,0,1,1
Female,CD8 T cells,CL:0000158,mapped_clid,8529,1,0,0,1,0,1
Female,CD8 T cells,CL:0000186,mapped_clid,8529,2,2,1,1,1,3
Female,CD8 T cells,CL:0000192,mapped_clid,8529,10,0,0,10,0,10
Female,CD8 T cells,CL:0000235,mapped_clid,8529,0,1,0,0,1,1
Female,CD8 T cells,CL:0000236,mapped_clid,8529,15,0,0,15,0,15
Female,CD8 T cells,CL:0000359,mapped_clid,8529,0,3,0,0,3,3
Female,CD8 T cells,CL:0000576,mapped_clid,8529,0,3,0,0,3,3
Female,CD8 T cells,CL:0000583,mapped_clid,8529,1,1,0,1,1,2
Female,CD8 T cells,CL:0000623,mapped_clid,8529,134,0,0,134,0,134
Female,CD8 T cells,CL:0000624,mapped_clid,8529,546,0,0,546,0,546
Female,CD8 T cells,CL:0000625,mapped_clid,8529,7793,0,0,7793,0,7793
Female,CD8 T cells,CL:0000669,mapped_clid,8529,0,4,0,0,4,4
Female,CD8 T cells,CL:0000790,mapped_clid,8529,0,10,0,0,10,10
Female,CD8 T cells,CL:0000792,mapped_clid,8529,0,96,0,0,96,96
Female,CD8 T cells,CL:0000798,mapped_clid,8529,0,15,0,0,15,15
Female,CD8 T cells,CL:0000814,mapped_clid,8529,0,12,0,0,12,12
Female,CD8 T cells,CL:0000860,mapped_clid,8529,2,0,0,2,0,2
Female,CD8 T cells,CL:0000863,mapped_clid,8529,0,2,0,0,2,2
Female,CD8 T cells,CL:0000875,mapped_clid,8529,1,0,0,1,0,1
Female,CD8 T cells,CL:0000895,mapped_clid,8529,0,145,0,0,145,145
Female,CD8 T cells,CL:0000897,mapped_clid,8529,0,766,0,0,766,766
Female,CD8 T cells,CL:0000898,mapped_clid,8529,0,2,0,0,2,2
Female,CD8 T cells,CL:0000900,mapped_clid,8529,0,2,0,0,2,2
Female,CD8 T cells,CL:0000909,mapped_clid,8529,0,4403,0,0,4403,4403
Female,CD8 T cells,CL:0000934,mapped_clid,8529,0,3,0,0,3,3
Female,CD8 T cells,CL:0000938,mapped_clid,8529,0,79,0,0,79,79
Female,CD8 T cells,CL:0000939,mapped_clid,8529,0,224,0,0,224,224
Female,CD8 T cells,CL:0000940,mapped_clid,8529,0,8,0,0,8,8
Female,CD8 T cells,CL:0001054,mapped_clid,8529,0,1,0,0,1,1
Female,CD8 T cells,CL:0001065,mapped_clid,8529,0,26,0,0,26,26
Female,CD8 T cells,CL:0002038,mapped_clid,8529,0,2,0,0,2,2
Female,CD8 T cells,CL:0002062,mapped_clid,8529,5,0,0,5,0,5
Female,CD8 T cells,CL:0002063,mapped_clid,8529,2,0,0,2,0,2
Female,CD8 T cells,CL:0002399,mapped_clid,8529,0,4,0,0,4,4
Female,CD8 T cells,CL:0002489,mapped_clid,8529,0,10,0,0,10,10
Female,CD8 T cells,CL:0009089,mapped_clid,8529,6,0,0,6,0,6
Female,CD8 T cells,CL:1001603,mapped_clid,8529,2,0,0,2,0,2
Female,CD8 T cells,CL:4028002,mapped_clid,8529,3,0,0,3,0,3
Female,CD8 T cells,CL:4033008,mapped_clid,8529,2,0,0,2,0,2
Female,CD8 T cells,CL:4033069,mapped_clid,8529,4,0,0,4,0,4
Female,CD8 T cells,CL:4052021,mapped_clid,8529,0,1893,0,0,1893,1893
Female,CD8 T cells,NA,method_prediction_absent,8529,0,809,0,0,809,809
Female,Classical monocytes,CL:0000129,mapped_clid,7339,0,1,0,0,1,1
Female,Classical monocytes,CL:0000192,mapped_clid,7339,1,0,0,1,0,1
Female,Classical monocytes,CL:0000235,mapped_clid,7339,0,30,0,0,30,30
Female,Classical monocytes,CL:0000236,mapped_clid,7339,1,0,0,1,0,1
Female,Classical monocytes,CL:0000576,mapped_clid,7339,0,181,0,0,181,181
Female,Classical monocytes,CL:0000583,mapped_clid,7339,1,9,0,1,9,10
Female,Classical monocytes,CL:0000623,mapped_clid,7339,7,0,0,7,0,7
Female,Classical monocytes,CL:0000624,mapped_clid,7339,1,0,0,1,0,1
Female,Classical monocytes,CL:0000625,mapped_clid,7339,4,0,0,4,0,4
Female,Classical monocytes,CL:0000775,mapped_clid,7339,0,7,0,0,7,7
Female,Classical monocytes,CL:0000798,mapped_clid,7339,0,1,0,0,1,1
Female,Classical monocytes,CL:0000834,mapped_clid,7339,0,1,0,0,1,1
Female,Classical monocytes,CL:0000860,mapped_clid,7339,6518,0,0,6518,0,6518
Female,Classical monocytes,CL:0000863,mapped_clid,7339,0,261,0,0,261,261
Female,Classical monocytes,CL:0000875,mapped_clid,7339,336,0,0,336,0,336
Female,Classical monocytes,CL:0000895,mapped_clid,7339,0,1,0,0,1,1
Female,Classical monocytes,CL:0000897,mapped_clid,7339,0,2,0,0,2,2
Female,Classical monocytes,CL:0000909,mapped_clid,7339,0,4,0,0,4,4
Female,Classical monocytes,CL:0000939,mapped_clid,7339,0,4,0,0,4,4
Female,Classical monocytes,CL:0000940,mapped_clid,7339,0,2,0,0,2,2
Female,Classical monocytes,CL:0001054,mapped_clid,7339,0,6120,0,0,6120,6120
Female,Classical monocytes,CL:0002144,mapped_clid,7339,0,1,0,0,1,1
Female,Classical monocytes,CL:0002394,mapped_clid,7339,0,5,0,0,5,5
Female,Classical monocytes,CL:0002399,mapped_clid,7339,106,307,81,25,226,332
Female,Classical monocytes,CL:1001568,mapped_clid,7339,1,0,0,1,0,1
Female,Classical monocytes,CL:1001603,mapped_clid,7339,325,0,0,325,0,325
Female,Classical monocytes,CL:4028002,mapped_clid,7339,4,0,0,4,0,4
Female,Classical monocytes,CL:4033008,mapped_clid,7339,6,0,0,6,0,6
Female,Classical monocytes,CL:4033043,mapped_clid,7339,28,0,0,28,0,28
Female,Classical monocytes,CL:4033081,mapped_clid,7339,0,2,0,0,2,2
Female,Classical monocytes,CL:4052021,mapped_clid,7339,0,2,0,0,2,2
Female,Classical monocytes,NA,method_prediction_absent,7339,0,398,0,0,398,398
Female,Club (nasal),CL:0000158,mapped_clid,9,0,2,0,0,2,2
Female,Club (nasal),CL:0000583,mapped_clid,9,1,2,1,0,1,2
Female,Club (nasal),CL:0000624,mapped_clid,9,1,0,0,1,0,1
Female,Club (nasal),CL:0000625,mapped_clid,9,1,0,0,1,0,1
Female,Club (nasal),CL:0002062,mapped_clid,9,3,0,0,3,0,3
Female,Club (nasal),CL:0002063,mapped_clid,9,2,2,2,0,0,2
Female,Club (nasal),CL:0002633,mapped_clid,9,1,0,0,1,0,1
Female,Club (nasal),NA,method_prediction_absent,9,0,3,0,0,3,3
Female,Club (non-nasal),CL:0000158,mapped_clid,369,343,0,0,343,0,343
Female,Club (non-nasal),CL:0000322,mapped_clid,369,11,0,0,11,0,11
Female,Club (non-nasal),CL:0000583,mapped_clid,369,0,3,0,0,3,3
Female,Club (non-nasal),CL:0002062,mapped_clid,369,1,0,0,1,0,1
Female,Club (non-nasal),CL:0002063,mapped_clid,369,4,4,2,2,2,6
Female,Club (non-nasal),CL:0002145,mapped_clid,369,1,0,0,1,0,1
Female,Club (non-nasal),CL:0002480,mapped_clid,369,3,0,0,3,0,3
Female,Club (non-nasal),CL:0002633,mapped_clid,369,1,0,0,1,0,1
Female,Club (non-nasal),CL:0019031,mapped_clid,369,0,351,0,0,351,351
Female,Club (non-nasal),CL:4033024,mapped_clid,369,3,0,0,3,0,3
Female,Club (non-nasal),CL:4033048,mapped_clid,369,2,0,0,2,0,2
Female,Club (non-nasal),NA,method_prediction_absent,369,0,11,0,0,11,11
Female,DC1,CL:0000624,mapped_clid,134,1,0,0,1,0,1
Female,DC1,CL:0002063,mapped_clid,134,2,0,0,2,0,2
Female,DC1,CL:0002394,mapped_clid,134,0,125,0,0,125,125
Female,DC1,CL:0002399,mapped_clid,134,131,5,5,126,0,131
Female,DC1,NA,method_prediction_absent,134,0,4,0,0,4,4
Female,DC2,CL:0000235,mapped_clid,2441,0,65,0,0,65,65
Female,DC2,CL:0000236,mapped_clid,2441,5,0,0,5,0,5
Female,DC2,CL:0000322,mapped_clid,2441,1,0,0,1,0,1
Female,DC2,CL:0000451,mapped_clid,2441,0,8,0,0,8,8
Female,DC2,CL:0000576,mapped_clid,2441,0,5,0,0,5,5
Female,DC2,CL:0000583,mapped_clid,2441,9,3,1,8,2,11
Female,DC2,CL:0000623,mapped_clid,2441,7,0,0,7,0,7
Female,DC2,CL:0000624,mapped_clid,2441,7,0,0,7,0,7
Female,DC2,CL:0000625,mapped_clid,2441,11,0,0,11,0,11
Female,DC2,CL:0000787,mapped_clid,2441,0,2,0,0,2,2
Female,DC2,CL:0000814,mapped_clid,2441,0,5,0,0,5,5
Female,DC2,CL:0000860,mapped_clid,2441,106,0,0,106,0,106
Female,DC2,CL:0000863,mapped_clid,2441,0,15,0,0,15,15
Female,DC2,CL:0000875,mapped_clid,2441,109,0,0,109,0,109
Female,DC2,CL:0000909,mapped_clid,2441,0,4,0,0,4,4
Female,DC2,CL:0001054,mapped_clid,2441,0,48,0,0,48,48
Female,DC2,CL:0001058,mapped_clid,2441,3,0,0,3,0,3
Female,DC2,CL:0002062,mapped_clid,2441,4,0,0,4,0,4
Female,DC2,CL:0002063,mapped_clid,2441,1,1,1,0,0,1
Female,DC2,CL:0002394,mapped_clid,2441,0,38,0,0,38,38
Female,DC2,CL:0002399,mapped_clid,2441,1913,2084,1744,169,340,2253
Female,DC2,CL:1001603,mapped_clid,2441,154,0,0,154,0,154
Female,DC2,CL:3000001,mapped_clid,2441,0,1,0,0,1,1
Female,DC2,CL:4028002,mapped_clid,2441,5,0,0,5,0,5
Female,DC2,CL:4033043,mapped_clid,2441,99,0,0,99,0,99
Female,DC2,CL:4033045,mapped_clid,2441,3,0,0,3,0,3
Female,DC2,CL:4033068,mapped_clid,2441,0,1,0,0,1,1
Female,DC2,CL:4033077,mapped_clid,2441,3,0,0,3,0,3
Female,DC2,CL:4033080,mapped_clid,2441,1,0,0,1,0,1
Female,DC2,CL:4033081,mapped_clid,2441,0,29,0,0,29,29
Female,DC2,NA,method_prediction_absent,2441,0,132,0,0,132,132
Female,Deuterosomal,CL:0000158,mapped_clid,70,0,2,0,0,2,2
Female,Deuterosomal,CL:0000322,mapped_clid,70,1,0,0,1,0,1
Female,Deuterosomal,CL:0002063,mapped_clid,70,0,1,0,0,1,1
Female,Deuterosomal,CL:0002145,mapped_clid,70,18,0,0,18,0,18
Female,Deuterosomal,CL:0019031,mapped_clid,70,0,2,0,0,2,2
Female,Deuterosomal,CL:1000271,mapped_clid,70,0,62,0,0,62,62
Female,Deuterosomal,CL:4033044,mapped_clid,70,51,0,0,51,0,51
Female,Deuterosomal,NA,method_prediction_absent,70,0,3,0,0,3,3
Female,EC aerocyte capillary,CL:0000583,mapped_clid,1129,0,1,0,0,1,1
Female,EC aerocyte capillary,CL:0002062,mapped_clid,1129,3,1,1,2,0,3
Female,EC aerocyte capillary,CL:0002063,mapped_clid,1129,1,0,0,1,0,1
Female,EC aerocyte capillary,CL:0002138,mapped_clid,1129,0,1,0,0,1,1
Female,EC aerocyte capillary,CL:0002144,mapped_clid,1129,0,11,0,0,11,11
Female,EC aerocyte capillary,CL:0002543,mapped_clid,1129,0,1,0,0,1,1
Female,EC aerocyte capillary,CL:4028002,mapped_clid,1129,64,0,0,64,0,64
Female,EC aerocyte capillary,CL:4028003,mapped_clid,1129,1060,1066,1027,33,39,1099
Female,EC aerocyte capillary,CL:4033008,mapped_clid,1129,1,0,0,1,0,1
Female,EC aerocyte capillary,ASCTB-TEMP:endothelial-mesenchymal-transition-ec,unmapped_non_cl_id,1129,0,1,0,0,1,1
Female,EC aerocyte capillary,NA,method_prediction_absent,1129,0,47,0,0,47,47
Female,EC arterial,CL:0000158,mapped_clid,1350,0,2,0,0,2,2
Female,EC arterial,CL:0000322,mapped_clid,1350,2,0,0,2,0,2
Female,EC arterial,CL:0000625,mapped_clid,1350,1,0,0,1,0,1
Female,EC arterial,CL:0000765,mapped_clid,1350,0,1,0,0,1,1
Female,EC arterial,CL:0000909,mapped_clid,1350,0,1,0,0,1,1
Female,EC arterial,CL:0002062,mapped_clid,1350,1,0,0,1,0,1
Female,EC arterial,CL:0002063,mapped_clid,1350,7,5,5,2,0,7
Female,EC arterial,CL:0002138,mapped_clid,1350,0,3,0,0,3,3
Female,EC arterial,CL:0002144,mapped_clid,1350,0,51,0,0,51,51
Female,EC arterial,CL:0002399,mapped_clid,1350,0,1,0,0,1,1
Female,EC arterial,CL:0002543,mapped_clid,1350,0,87,0,0,87,87
Female,EC arterial,CL:1000413,mapped_clid,1350,0,1116,0,0,1116,1116
Female,EC arterial,CL:1001568,mapped_clid,1350,1181,0,0,1181,0,1181
Female,EC arterial,CL:1001603,mapped_clid,1350,1,0,0,1,0,1
Female,EC arterial,CL:4028002,mapped_clid,1350,81,0,0,81,0,81
Female,EC arterial,CL:4033008,mapped_clid,1350,76,0,0,76,0,76
Female,EC arterial,ASCTB-TEMP:endothelial-mesenchymal-transition-ec,unmapped_non_cl_id,1350,0,10,0,0,10,10
Female,EC arterial,NA,method_prediction_absent,1350,0,73,0,0,73,73
Female,EC general capillary,CL:0000057,mapped_clid,2956,0,1,0,0,1,1
Female,EC general capillary,CL:0000097,mapped_clid,2956,0,3,0,0,3,3
Female,EC general capillary,CL:0000115,mapped_clid,2956,0,2,0,0,2,2
Female,EC general capillary,CL:0000158,mapped_clid,2956,0,1,0,0,1,1
Female,EC general capillary,CL:0000192,mapped_clid,2956,4,0,0,4,0,4
Female,EC general capillary,CL:0000233,mapped_clid,2956,0,1,0,0,1,1
Female,EC general capillary,CL:0000235,mapped_clid,2956,0,1,0,0,1,1
Female,EC general capillary,CL:0000236,mapped_clid,2956,2,0,0,2,0,2
Female,EC general capillary,CL:0000583,mapped_clid,2956,2,7,0,2,7,9
Female,EC general capillary,CL:0000625,mapped_clid,2956,3,0,0,3,0,3
Female,EC general capillary,CL:0000669,mapped_clid,2956,0,3,0,0,3,3
Female,EC general capillary,CL:0000765,mapped_clid,2956,0,3,0,0,3,3
Female,EC general capillary,CL:0000786,mapped_clid,2956,1,2,1,0,1,2
Female,EC general capillary,CL:0000790,mapped_clid,2956,0,2,0,0,2,2
Female,EC general capillary,CL:0000792,mapped_clid,2956,0,1,0,0,1,1
Female,EC general capillary,CL:0000814,mapped_clid,2956,0,10,0,0,10,10
Female,EC general capillary,CL:0000837,mapped_clid,2956,0,1,0,0,1,1
Female,EC general capillary,CL:0000860,mapped_clid,2956,4,0,0,4,0,4
Female,EC general capillary,CL:0000875,mapped_clid,2956,1,0,0,1,0,1
Female,EC general capillary,CL:0000895,mapped_clid,2956,0,1,0,0,1,1
Female,EC general capillary,CL:0000909,mapped_clid,2956,0,1,0,0,1,1
Female,EC general capillary,CL:0001054,mapped_clid,2956,0,1,0,0,1,1
Female,EC general capillary,CL:0001058,mapped_clid,2956,1,0,0,1,0,1
Female,EC general capillary,CL:0002062,mapped_clid,2956,6,0,0,6,0,6
Female,EC general capillary,CL:0002063,mapped_clid,2956,2,1,1,1,0,2
Female,EC general capillary,CL:0002138,mapped_clid,2956,0,6,0,0,6,6
Female,EC general capillary,CL:0002144,mapped_clid,2956,0,2112,0,0,2112,2112
Female,EC general capillary,CL:0002357,mapped_clid,2956,0,3,0,0,3,3
Female,EC general capillary,CL:0002543,mapped_clid,2956,0,157,0,0,157,157
Female,EC general capillary,CL:0009086,mapped_clid,2956,4,0,0,4,0,4
Female,EC general capillary,CL:1000413,mapped_clid,2956,0,110,0,0,110,110
Female,EC general capillary,CL:1001568,mapped_clid,2956,129,0,0,129,0,129
Female,EC general capillary,CL:1001603,mapped_clid,2956,1,0,0,1,0,1
Female,EC general capillary,CL:4028002,mapped_clid,2956,2617,0,0,2617,0,2617
Female,EC general capillary,CL:4028003,mapped_clid,2956,74,64,24,50,40,114
Female,EC general capillary,CL:4033008,mapped_clid,2956,103,0,0,103,0,103
Female,EC general capillary,CL:4033048,mapped_clid,2956,2,0,0,2,0,2
Female,EC general capillary,ASCTB-TEMP:endothelial-mesenchymal-transition-ec,unmapped_non_cl_id,2956,0,19,0,0,19,19
Female,EC general capillary,NA,method_prediction_absent,2956,0,443,0,0,443,443
Female,EC venous pulmonary,CL:0000814,mapped_clid,1232,0,1,0,0,1,1
Female,EC venous pulmonary,CL:0000860,mapped_clid,1232,1,0,0,1,0,1
Female,EC venous pulmonary,CL:0001054,mapped_clid,1232,0,1,0,0,1,1
Female,EC venous pulmonary,CL:0002063,mapped_clid,1232,8,6,6,2,0,8
Female,EC venous pulmonary,CL:0002138,mapped_clid,1232,0,3,0,0,3,3
Female,EC venous pulmonary,CL:0002144,mapped_clid,1232,0,15,0,0,15,15
Female,EC venous pulmonary,CL:0002399,mapped_clid,1232,0,1,0,0,1,1
Female,EC venous pulmonary,CL:0002543,mapped_clid,1232,0,1158,0,0,1158,1158
Female,EC venous pulmonary,CL:1000413,mapped_clid,1232,0,11,0,0,11,11
Female,EC venous pulmonary,CL:1001568,mapped_clid,1232,7,0,0,7,0,7
Female,EC venous pulmonary,CL:4028002,mapped_clid,1232,34,0,0,34,0,34
Female,EC venous pulmonary,CL:4033008,mapped_clid,1232,1182,0,0,1182,0,1182
Female,EC venous pulmonary,ASCTB-TEMP:endothelial-mesenchymal-transition-ec,unmapped_non_cl_id,1232,0,3,0,0,3,3
Female,EC venous pulmonary,NA,method_prediction_absent,1232,0,33,0,0,33,33
Female,EC venous systemic,CL:0000236,mapped_clid,769,2,0,0,2,0,2
Female,EC venous systemic,CL:0000583,mapped_clid,769,1,1,0,1,1,2
Female,EC venous systemic,CL:0000765,mapped_clid,769,0,1,0,0,1,1
Female,EC venous systemic,CL:0000786,mapped_clid,769,1,1,1,0,0,1
Female,EC venous systemic,CL:0000814,mapped_clid,769,0,1,0,0,1,1
Female,EC venous systemic,CL:0002138,mapped_clid,769,0,1,0,0,1,1
Female,EC venous systemic,CL:0002144,mapped_clid,769,0,113,0,0,113,113
Female,EC venous systemic,CL:0002543,mapped_clid,769,0,575,0,0,575,575
Female,EC venous systemic,CL:1000413,mapped_clid,769,0,40,0,0,40,40
Female,EC venous systemic,CL:1001568,mapped_clid,769,30,0,0,30,0,30
Female,EC venous systemic,CL:4028002,mapped_clid,769,61,0,0,61,0,61
Female,EC venous systemic,CL:4028003,mapped_clid,769,1,1,1,0,0,1
Female,EC venous systemic,CL:4033008,mapped_clid,769,673,0,0,673,0,673
Female,EC venous systemic,ASCTB-TEMP:endothelial-mesenchymal-transition-ec,unmapped_non_cl_id,769,0,2,0,0,2,2
Female,EC venous systemic,NA,method_prediction_absent,769,0,33,0,0,33,33
Female,Goblet (bronchial),CL:0000158,mapped_clid,15,11,0,0,11,0,11
Female,Goblet (bronchial),CL:0002062,mapped_clid,15,1,0,0,1,0,1
Female,Goblet (bronchial),CL:0002145,mapped_clid,15,1,0,0,1,0,1
Female,Goblet (bronchial),CL:0002480,mapped_clid,15,1,0,0,1,0,1
Female,Goblet (bronchial),CL:0002633,mapped_clid,15,1,2,1,0,1,2
Female,Goblet (bronchial),CL:0019031,mapped_clid,15,0,13,0,0,13,13
Female,Goblet (nasal),CL:0000158,mapped_clid,24,5,5,0,5,5,10
Female,Goblet (nasal),CL:0000322,mapped_clid,24,8,0,0,8,0,8
Female,Goblet (nasal),CL:0000583,mapped_clid,24,3,3,2,1,1,4
Female,Goblet (nasal),CL:0001054,mapped_clid,24,0,1,0,0,1,1
Female,Goblet (nasal),CL:0002062,mapped_clid,24,2,0,0,2,0,2
Female,Goblet (nasal),CL:0002145,mapped_clid,24,4,0,0,4,0,4
Female,Goblet (nasal),CL:0002480,mapped_clid,24,1,0,0,1,0,1
Female,Goblet (nasal),CL:0019031,mapped_clid,24,0,12,0,0,12,12
Female,Goblet (nasal),CL:1001603,mapped_clid,24,1,0,0,1,0,1
Female,Goblet (nasal),NA,method_prediction_absent,24,0,3,0,0,3,3
Female,Goblet (subsegmental),CL:0000158,mapped_clid,6,4,0,0,4,0,4
Female,Goblet (subsegmental),CL:0000322,mapped_clid,6,1,0,0,1,0,1
Female,Goblet (subsegmental),CL:0019031,mapped_clid,6,0,6,0,0,6,6
Female,Goblet (subsegmental),CL:1000312,mapped_clid,6,1,0,0,1,0,1
Female,Hematopoietic stem cells,CL:0000037,mapped_clid,39,0,26,0,0,26,26
Female,Hematopoietic stem cells,CL:0000051,mapped_clid,39,0,1,0,0,1,1
Female,Hematopoietic stem cells,CL:0000236,mapped_clid,39,2,0,0,2,0,2
Female,Hematopoietic stem cells,CL:0000557,mapped_clid,39,0,1,0,0,1,1
Female,Hematopoietic stem cells,CL:0000624,mapped_clid,39,21,0,0,21,0,21
Female,Hematopoietic stem cells,CL:0000625,mapped_clid,39,12,0,0,12,0,12
Female,Hematopoietic stem cells,CL:0000765,mapped_clid,39,0,1,0,0,1,1
Female,Hematopoietic stem cells,CL:0000814,mapped_clid,39,0,3,0,0,3,3
Female,Hematopoietic stem cells,CL:0001065,mapped_clid,39,0,1,0,0,1,1
Female,Hematopoietic stem cells,CL:0002062,mapped_clid,39,1,0,0,1,0,1
Female,Hematopoietic stem cells,CL:0002399,mapped_clid,39,2,0,0,2,0,2
Female,Hematopoietic stem cells,CL:4033069,mapped_clid,39,1,0,0,1,0,1
Female,Hematopoietic stem cells,NA,method_prediction_absent,39,0,6,0,0,6,6
Female,Interstitial Mph perivascular,CL:0000129,mapped_clid,789,0,1,0,0,1,1
Female,Interstitial Mph perivascular,CL:0000235,mapped_clid,789,0,352,0,0,352,352
Female,Interstitial Mph perivascular,CL:0000576,mapped_clid,789,0,1,0,0,1,1
Female,Interstitial Mph perivascular,CL:0000583,mapped_clid,789,11,3,0,11,3,14
Female,Interstitial Mph perivascular,CL:0000786,mapped_clid,789,1,0,0,1,0,1
Female,Interstitial Mph perivascular,CL:0000860,mapped_clid,789,92,0,0,92,0,92
Female,Interstitial Mph perivascular,CL:0000863,mapped_clid,789,0,54,0,0,54,54
Female,Interstitial Mph perivascular,CL:0000875,mapped_clid,789,81,0,0,81,0,81
Female,Interstitial Mph perivascular,CL:0001054,mapped_clid,789,0,35,0,0,35,35
Female,Interstitial Mph perivascular,CL:0002399,mapped_clid,789,113,257,55,58,202,315
Female,Interstitial Mph perivascular,CL:1001568,mapped_clid,789,1,0,0,1,0,1
Female,Interstitial Mph perivascular,CL:1001603,mapped_clid,789,183,0,0,183,0,183
Female,Interstitial Mph perivascular,CL:4028002,mapped_clid,789,4,0,0,4,0,4
Female,Interstitial Mph perivascular,CL:4033008,mapped_clid,789,2,0,0,2,0,2
Female,Interstitial Mph perivascular,CL:4033043,mapped_clid,789,301,0,0,301,0,301
Female,Interstitial Mph perivascular,NA,method_prediction_absent,789,0,86,0,0,86,86
Female,Ionocyte,CL:0017000,mapped_clid,11,11,9,9,2,0,11
Female,Ionocyte,CL:1000223,mapped_clid,11,0,2,0,0,2,2
Female,Lymphatic EC differentiating,CL:0002138,mapped_clid,30,0,28,0,0,28,28
Female,Lymphatic EC differentiating,CL:0008019,mapped_clid,30,0,1,0,0,1,1
Female,Lymphatic EC differentiating,CL:0009086,mapped_clid,30,29,0,0,29,0,29
Female,Lymphatic EC differentiating,CL:4033008,mapped_clid,30,1,0,0,1,0,1
Female,Lymphatic EC differentiating,NA,method_prediction_absent,30,0,1,0,0,1,1
Female,Lymphatic EC mature,CL:0000037,mapped_clid,940,0,1,0,0,1,1
Female,Lymphatic EC mature,CL:0000322,mapped_clid,940,1,0,0,1,0,1
Female,Lymphatic EC mature,CL:0000576,mapped_clid,940,0,1,0,0,1,1
Female,Lymphatic EC mature,CL:0000583,mapped_clid,940,0,1,0,0,1,1
Female,Lymphatic EC mature,CL:0000765,mapped_clid,940,0,1,0,0,1,1
Female,Lymphatic EC mature,CL:0000860,mapped_clid,940,2,0,0,2,0,2
Female,Lymphatic EC mature,CL:0001054,mapped_clid,940,0,2,0,0,2,2
Female,Lymphatic EC mature,CL:0002063,mapped_clid,940,4,3,3,1,0,4
Female,Lymphatic EC mature,CL:0002138,mapped_clid,940,0,900,0,0,900,900
Female,Lymphatic EC mature,CL:0002543,mapped_clid,940,0,1,0,0,1,1
Female,Lymphatic EC mature,CL:0002633,mapped_clid,940,1,0,0,1,0,1
Female,Lymphatic EC mature,CL:0009086,mapped_clid,940,922,0,0,922,0,922
Female,Lymphatic EC mature,CL:0017000,mapped_clid,940,1,0,0,1,0,1
Female,Lymphatic EC mature,CL:1000413,mapped_clid,940,0,1,0,0,1,1
Female,Lymphatic EC mature,CL:4028002,mapped_clid,940,7,0,0,7,0,7
Female,Lymphatic EC mature,CL:4028004,mapped_clid,940,1,0,0,1,0,1
Female,Lymphatic EC mature,CL:4033008,mapped_clid,940,1,0,0,1,0,1
Female,Lymphatic EC mature,ASCTB-TEMP:endothelial-mesenchymal-transition-ec,unmapped_non_cl_id,940,0,1,0,0,1,1
Female,Lymphatic EC mature,NA,method_prediction_absent,940,0,28,0,0,28,28
Female,Lymphatic EC proliferating,CL:0000814,mapped_clid,8,0,1,0,0,1,1
Female,Lymphatic EC proliferating,CL:0002138,mapped_clid,8,0,7,0,0,7,7
Female,Lymphatic EC proliferating,CL:0009086,mapped_clid,8,5,0,0,5,0,5
Female,Lymphatic EC proliferating,CL:4033079,mapped_clid,8,3,0,0,3,0,3
Female,Mast cells,CL:0000037,mapped_clid,3099,0,1,0,0,1,1
Female,Mast cells,CL:0000097,mapped_clid,3099,2819,2987,2784,35,203,3022
Female,Mast cells,CL:0000192,mapped_clid,3099,1,0,0,1,0,1
Female,Mast cells,CL:0000235,mapped_clid,3099,0,15,0,0,15,15
Female,Mast cells,CL:0000236,mapped_clid,3099,2,0,0,2,0,2
Female,Mast cells,CL:0000322,mapped_clid,3099,1,0,0,1,0,1
Female,Mast cells,CL:0000359,mapped_clid,3099,0,1,0,0,1,1
Female,Mast cells,CL:0000583,mapped_clid,3099,6,6,5,1,1,7
Female,Mast cells,CL:0000623,mapped_clid,3099,20,0,0,20,0,20
Female,Mast cells,CL:0000624,mapped_clid,3099,129,0,0,129,0,129
Female,Mast cells,CL:0000625,mapped_clid,3099,90,0,0,90,0,90
Female,Mast cells,CL:0000790,mapped_clid,3099,0,1,0,0,1,1
Female,Mast cells,CL:0000792,mapped_clid,3099,0,2,0,0,2,2
Female,Mast cells,CL:0000860,mapped_clid,3099,9,0,0,9,0,9
Female,Mast cells,CL:0000863,mapped_clid,3099,0,2,0,0,2,2
Female,Mast cells,CL:0000895,mapped_clid,3099,0,2,0,0,2,2
Female,Mast cells,CL:0000909,mapped_clid,3099,0,7,0,0,7,7
Female,Mast cells,CL:0000938,mapped_clid,3099,0,2,0,0,2,2
Female,Mast cells,CL:0000939,mapped_clid,3099,0,6,0,0,6,6
Female,Mast cells,CL:0001054,mapped_clid,3099,0,1,0,0,1,1
Female,Mast cells,CL:0002062,mapped_clid,3099,1,0,0,1,0,1
Female,Mast cells,CL:0002145,mapped_clid,3099,1,0,0,1,0,1
Female,Mast cells,CL:0002399,mapped_clid,3099,1,1,0,1,1,2
Female,Mast cells,CL:0002489,mapped_clid,3099,0,1,0,0,1,1
Female,Mast cells,CL:1001603,mapped_clid,3099,9,0,0,9,0,9
Female,Mast cells,CL:4028002,mapped_clid,3099,9,0,0,9,0,9
Female,Mast cells,CL:4033043,mapped_clid,3099,1,0,0,1,0,1
Female,Mast cells,CL:4052021,mapped_clid,3099,0,13,0,0,13,13
Female,Mast cells,NA,method_prediction_absent,3099,0,51,0,0,51,51
Female,Mesothelium,CL:0000057,mapped_clid,6,0,4,0,0,4,4
Female,Mesothelium,CL:1000493,mapped_clid,6,4,0,0,4,0,4
Female,Mesothelium,CL:4052029,mapped_clid,6,1,0,0,1,0,1
Female,Mesothelium,CL:4052030,mapped_clid,6,1,0,0,1,0,1
Female,Mesothelium,NA,method_prediction_absent,6,0,2,0,0,2,2
Female,Migratory DCs,CL:0000451,mapped_clid,122,0,111,0,0,111,111
Female,Migratory DCs,CL:0000624,mapped_clid,122,1,0,0,1,0,1
Female,Migratory DCs,CL:0002399,mapped_clid,122,64,3,3,61,0,64
Female,Migratory DCs,CL:4033045,mapped_clid,122,57,0,0,57,0,57
Female,Migratory DCs,NA,method_prediction_absent,122,0,8,0,0,8,8
Female,Monocyte-derived Mph,CL:0000235,mapped_clid,7285,0,134,0,0,134,134
Female,Monocyte-derived Mph,CL:0000236,mapped_clid,7285,5,0,0,5,0,5
Female,Monocyte-derived Mph,CL:0000576,mapped_clid,7285,0,2,0,0,2,2
Female,Monocyte-derived Mph,CL:0000583,mapped_clid,7285,1335,1083,680,655,403,1738
Female,Monocyte-derived Mph,CL:0000623,mapped_clid,7285,8,0,0,8,0,8
Female,Monocyte-derived Mph,CL:0000624,mapped_clid,7285,1,0,0,1,0,1
Female,Monocyte-derived Mph,CL:0000625,mapped_clid,7285,15,0,0,15,0,15
Female,Monocyte-derived Mph,CL:0000788,mapped_clid,7285,0,1,0,0,1,1
Female,Monocyte-derived Mph,CL:0000860,mapped_clid,7285,320,0,0,320,0,320
Female,Monocyte-derived Mph,CL:0000863,mapped_clid,7285,0,4679,0,0,4679,4679
Female,Monocyte-derived Mph,CL:0000875,mapped_clid,7285,92,0,0,92,0,92
Female,Monocyte-derived Mph,CL:0000909,mapped_clid,7285,0,5,0,0,5,5
Female,Monocyte-derived Mph,CL:0000939,mapped_clid,7285,0,3,0,0,3,3
Female,Monocyte-derived Mph,CL:0001054,mapped_clid,7285,0,333,0,0,333,333
Female,Monocyte-derived Mph,CL:0002062,mapped_clid,7285,1,0,0,1,0,1
Female,Monocyte-derived Mph,CL:0002063,mapped_clid,7285,1,0,0,1,0,1
Female,Monocyte-derived Mph,CL:0002399,mapped_clid,7285,80,391,58,22,333,413
Female,Monocyte-derived Mph,CL:1001603,mapped_clid,7285,5340,0,0,5340,0,5340
Female,Monocyte-derived Mph,CL:3000001,mapped_clid,7285,0,1,0,0,1,1
Female,Monocyte-derived Mph,CL:4028002,mapped_clid,7285,2,0,0,2,0,2
Female,Monocyte-derived Mph,CL:4033041,mapped_clid,7285,5,0,0,5,0,5
Female,Monocyte-derived Mph,CL:4033043,mapped_clid,7285,80,0,0,80,0,80
Female,Monocyte-derived Mph,CL:4033081,mapped_clid,7285,0,20,0,0,20,20
Female,Monocyte-derived Mph,NA,method_prediction_absent,7285,0,633,0,0,633,633
Female,Multiciliated (nasal),CL:0000583,mapped_clid,7,1,1,1,0,0,1
Female,Multiciliated (nasal),CL:0002145,mapped_clid,7,6,0,0,6,0,6
Female,Multiciliated (nasal),CL:1000271,mapped_clid,7,0,2,0,0,2,2
Female,Multiciliated (nasal),NA,method_prediction_absent,7,0,4,0,0,4,4
Female,Multiciliated (non-nasal),CL:0000066,mapped_clid,2114,0,2,0,0,2,2
Female,Multiciliated (non-nasal),CL:0000097,mapped_clid,2114,1,1,1,0,0,1
Female,Multiciliated (non-nasal),CL:0000158,mapped_clid,2114,23,138,0,23,138,161
Female,Multiciliated (non-nasal),CL:0000192,mapped_clid,2114,1,0,0,1,0,1
Female,Multiciliated (non-nasal),CL:0000322,mapped_clid,2114,53,0,0,53,0,53
Female,Multiciliated (non-nasal),CL:0000583,mapped_clid,2114,9,19,8,1,11,20
Female,Multiciliated (non-nasal),CL:0000623,mapped_clid,2114,1,0,0,1,0,1
Female,Multiciliated (non-nasal),CL:0000624,mapped_clid,2114,1,0,0,1,0,1
Female,Multiciliated (non-nasal),CL:0000625,mapped_clid,2114,1,0,0,1,0,1
Female,Multiciliated (non-nasal),CL:0000787,mapped_clid,2114,0,1,0,0,1,1
Female,Multiciliated (non-nasal),CL:0000863,mapped_clid,2114,0,1,0,0,1,1
Female,Multiciliated (non-nasal),CL:0000909,mapped_clid,2114,0,1,0,0,1,1
Female,Multiciliated (non-nasal),CL:0000939,mapped_clid,2114,0,1,0,0,1,1
Female,Multiciliated (non-nasal),CL:0001054,mapped_clid,2114,0,2,0,0,2,2
Female,Multiciliated (non-nasal),CL:0002062,mapped_clid,2114,6,3,1,5,2,8
Female,Multiciliated (non-nasal),CL:0002063,mapped_clid,2114,60,77,52,8,25,85
Female,Multiciliated (non-nasal),CL:0002138,mapped_clid,2114,0,1,0,0,1,1
Female,Multiciliated (non-nasal),CL:0002145,mapped_clid,2114,1953,0,0,1953,0,1953
Female,Multiciliated (non-nasal),CL:0002633,mapped_clid,2114,1,5,1,0,4,5
Female,Multiciliated (non-nasal),CL:0009086,mapped_clid,2114,2,0,0,2,0,2
Female,Multiciliated (non-nasal),CL:0019031,mapped_clid,2114,0,75,0,0,75,75
Female,Multiciliated (non-nasal),CL:1000271,mapped_clid,2114,0,1562,0,0,1562,1562
Female,Multiciliated (non-nasal),CL:1000347,mapped_clid,2114,0,1,0,0,1,1
Female,Multiciliated (non-nasal),CL:1001603,mapped_clid,2114,1,0,0,1,0,1
Female,Multiciliated (non-nasal),CL:4023026,mapped_clid,2114,0,1,0,0,1,1
Female,Multiciliated (non-nasal),CL:4033044,mapped_clid,2114,1,0,0,1,0,1
Female,Multiciliated (non-nasal),NA,method_prediction_absent,2114,0,223,0,0,223,223
Female,Myofibroblasts,CL:0000057,mapped_clid,270,0,1,0,0,1,1
Female,Myofibroblasts,CL:0000186,mapped_clid,270,205,257,197,8,60,265
Female,Myofibroblasts,CL:0000192,mapped_clid,270,29,0,0,29,0,29
Female,Myofibroblasts,CL:0000359,mapped_clid,270,0,1,0,0,1,1
Female,Myofibroblasts,CL:0002553,mapped_clid,270,9,0,0,9,0,9
Female,Myofibroblasts,CL:1000493,mapped_clid,270,2,0,0,2,0,2
Female,Myofibroblasts,CL:4028004,mapped_clid,270,19,0,0,19,0,19
Female,Myofibroblasts,CL:4052030,mapped_clid,270,6,0,0,6,0,6
Female,Myofibroblasts,NA,method_prediction_absent,270,0,11,0,0,11,11
Female,Neuroendocrine,CL:0017000,mapped_clid,10,6,0,0,6,0,6
Female,Neuroendocrine,CL:1000223,mapped_clid,10,4,10,4,0,6,10
Female,NK cells,CL:0000097,mapped_clid,9354,0,1,0,0,1,1
Female,NK cells,CL:0000236,mapped_clid,9354,2,0,0,2,0,2
Female,NK cells,CL:0000623,mapped_clid,9354,6729,0,0,6729,0,6729
Female,NK cells,CL:0000624,mapped_clid,9354,1,0,0,1,0,1
Female,NK cells,CL:0000625,mapped_clid,9354,2610,0,0,2610,0,2610
Female,NK cells,CL:0000790,mapped_clid,9354,0,1,0,0,1,1
Female,NK cells,CL:0000798,mapped_clid,9354,0,2,0,0,2,2
Female,NK cells,CL:0000814,mapped_clid,9354,0,153,0,0,153,153
Female,NK cells,CL:0000860,mapped_clid,9354,2,0,0,2,0,2
Female,NK cells,CL:0000875,mapped_clid,9354,1,0,0,1,0,1
Female,NK cells,CL:0000895,mapped_clid,9354,0,2,0,0,2,2
Female,NK cells,CL:0000909,mapped_clid,9354,0,359,0,0,359,359
Female,NK cells,CL:0000934,mapped_clid,9354,0,1,0,0,1,1
Female,NK cells,CL:0000938,mapped_clid,9354,0,267,0,0,267,267
Female,NK cells,CL:0000939,mapped_clid,9354,0,8048,0,0,8048,8048
Female,NK cells,CL:0000940,mapped_clid,9354,0,1,0,0,1,1
Female,NK cells,CL:0001065,mapped_clid,9354,0,2,0,0,2,2
Female,NK cells,CL:0002062,mapped_clid,9354,1,0,0,1,0,1
Female,NK cells,CL:0002489,mapped_clid,9354,0,5,0,0,5,5
Female,NK cells,CL:0002633,mapped_clid,9354,1,0,0,1,0,1
Female,NK cells,CL:0009086,mapped_clid,9354,1,0,0,1,0,1
Female,NK cells,CL:1000413,mapped_clid,9354,0,1,0,0,1,1
Female,NK cells,CL:1001568,mapped_clid,9354,1,0,0,1,0,1
Female,NK cells,CL:1001603,mapped_clid,9354,2,0,0,2,0,2
Female,NK cells,CL:4033048,mapped_clid,9354,1,0,0,1,0,1
Female,NK cells,CL:4033069,mapped_clid,9354,2,0,0,2,0,2
Female,NK cells,CL:4052021,mapped_clid,9354,0,79,0,0,79,79
Female,NK cells,NA,method_prediction_absent,9354,0,432,0,0,432,432
Female,Non-classical monocytes,CL:0000235,mapped_clid,2037,0,93,0,0,93,93
Female,Non-classical monocytes,CL:0000236,mapped_clid,2037,2,0,0,2,0,2
Female,Non-classical monocytes,CL:0000322,mapped_clid,2037,1,0,0,1,0,1
Female,Non-classical monocytes,CL:0000576,mapped_clid,2037,0,1034,0,0,1034,1034
Female,Non-classical monocytes,CL:0000583,mapped_clid,2037,170,134,79,91,55,225
Female,Non-classical monocytes,CL:0000623,mapped_clid,2037,3,0,0,3,0,3
Female,Non-classical monocytes,CL:0000624,mapped_clid,2037,3,0,0,3,0,3
Female,Non-classical monocytes,CL:0000625,mapped_clid,2037,12,0,0,12,0,12
Female,Non-classical monocytes,CL:0000784,mapped_clid,2037,0,1,0,0,1,1
Female,Non-classical monocytes,CL:0000792,mapped_clid,2037,0,1,0,0,1,1
Female,Non-classical monocytes,CL:0000798,mapped_clid,2037,0,2,0,0,2,2
Female,Non-classical monocytes,CL:0000860,mapped_clid,2037,273,0,0,273,0,273
Female,Non-classical monocytes,CL:0000863,mapped_clid,2037,0,172,0,0,172,172
Female,Non-classical monocytes,CL:0000875,mapped_clid,2037,1229,0,0,1229,0,1229
Female,Non-classical monocytes,CL:0000909,mapped_clid,2037,0,1,0,0,1,1
Female,Non-classical monocytes,CL:0000938,mapped_clid,2037,0,1,0,0,1,1
Female,Non-classical monocytes,CL:0000939,mapped_clid,2037,0,1,0,0,1,1
Female,Non-classical monocytes,CL:0001054,mapped_clid,2037,0,218,0,0,218,218
Female,Non-classical monocytes,CL:0002062,mapped_clid,2037,1,0,0,1,0,1
Female,Non-classical monocytes,CL:0002399,mapped_clid,2037,45,104,22,23,82,127
Female,Non-classical monocytes,CL:0009086,mapped_clid,2037,3,0,0,3,0,3
Female,Non-classical monocytes,CL:1001603,mapped_clid,2037,255,0,0,255,0,255
Female,Non-classical monocytes,CL:4028002,mapped_clid,2037,1,0,0,1,0,1
Female,Non-classical monocytes,CL:4033043,mapped_clid,2037,39,0,0,39,0,39
Female,Non-classical monocytes,NA,method_prediction_absent,2037,0,275,0,0,275,275
Female,Peribronchial fibroblasts,CL:0000057,mapped_clid,73,0,54,0,0,54,54
Female,Peribronchial fibroblasts,CL:0000186,mapped_clid,73,4,9,2,2,7,11
Female,Peribronchial fibroblasts,CL:0002553,mapped_clid,73,14,0,0,14,0,14
Female,Peribronchial fibroblasts,CL:1000493,mapped_clid,73,1,0,0,1,0,1
Female,Peribronchial fibroblasts,CL:4028004,mapped_clid,73,16,0,0,16,0,16
Female,Peribronchial fibroblasts,CL:4052029,mapped_clid,73,1,0,0,1,0,1
Female,Peribronchial fibroblasts,CL:4052030,mapped_clid,73,37,0,0,37,0,37
Female,Peribronchial fibroblasts,NA,method_prediction_absent,73,0,10,0,0,10,10
Female,Pericytes,CL:0000186,mapped_clid,416,1,0,0,1,0,1
Female,Pericytes,CL:0000192,mapped_clid,416,3,0,0,3,0,3
Female,Pericytes,CL:0000359,mapped_clid,416,0,4,0,0,4,4
Female,Pericytes,CL:0000669,mapped_clid,416,0,410,0,0,410,410
Female,Pericytes,CL:0002399,mapped_clid,416,1,1,1,0,0,1
Female,Pericytes,CL:0009089,mapped_clid,416,409,0,0,409,0,409
Female,Pericytes,CL:4028002,mapped_clid,416,1,0,0,1,0,1
Female,Pericytes,CL:4028004,mapped_clid,416,1,0,0,1,0,1
Female,Pericytes,NA,method_prediction_absent,416,0,1,0,0,1,1
Female,Plasma cells,CL:0000097,mapped_clid,682,0,1,0,0,1,1
Female,Plasma cells,CL:0000236,mapped_clid,682,37,0,0,37,0,37
Female,Plasma cells,CL:0000583,mapped_clid,682,1,13,1,0,12,13
Female,Plasma cells,CL:0000624,mapped_clid,682,1,0,0,1,0,1
Female,Plasma cells,CL:0000786,mapped_clid,682,639,648,615,24,33,672
Female,Plasma cells,CL:0000788,mapped_clid,682,0,2,0,0,2,2
Female,Plasma cells,CL:0000934,mapped_clid,682,0,1,0,0,1,1
Female,Plasma cells,CL:0000939,mapped_clid,682,0,1,0,0,1,1
Female,Plasma cells,CL:0001058,mapped_clid,682,3,0,0,3,0,3
Female,Plasma cells,CL:0002063,mapped_clid,682,1,1,1,0,0,1
Female,Plasma cells,CL:0002138,mapped_clid,682,0,1,0,0,1,1
Female,Plasma cells,CL:0002399,mapped_clid,682,0,2,0,0,2,2
Female,Plasma cells,NA,method_prediction_absent,682,0,12,0,0,12,12
Female,Plasmacytoid DCs,CL:0000051,mapped_clid,56,0,1,0,0,1,1
Female,Plasmacytoid DCs,CL:0000236,mapped_clid,56,1,0,0,1,0,1
Female,Plasmacytoid DCs,CL:0000624,mapped_clid,56,2,0,0,2,0,2
Female,Plasmacytoid DCs,CL:0000625,mapped_clid,56,1,0,0,1,0,1
Female,Plasmacytoid DCs,CL:0000784,mapped_clid,56,0,48,0,0,48,48
Female,Plasmacytoid DCs,CL:0000786,mapped_clid,56,0,1,0,0,1,1
Female,Plasmacytoid DCs,CL:0001058,mapped_clid,56,52,0,0,52,0,52
Female,Plasmacytoid DCs,CL:0002399,mapped_clid,56,0,2,0,0,2,2
Female,Plasmacytoid DCs,NA,method_prediction_absent,56,0,4,0,0,4,4
Female,pre-TB secretory,CL:0000158,mapped_clid,694,203,257,1,202,256,459
Female,pre-TB secretory,CL:0000186,mapped_clid,694,0,1,0,0,1,1
Female,pre-TB secretory,CL:0000322,mapped_clid,694,470,0,0,470,0,470
Female,pre-TB secretory,CL:0000897,mapped_clid,694,0,1,0,0,1,1
Female,pre-TB secretory,CL:0001054,mapped_clid,694,0,1,0,0,1,1
Female,pre-TB secretory,CL:0002063,mapped_clid,694,9,10,4,5,6,15
Female,pre-TB secretory,CL:0002145,mapped_clid,694,7,0,0,7,0,7
Female,pre-TB secretory,CL:0002633,mapped_clid,694,0,1,0,0,1,1
Female,pre-TB secretory,CL:0019031,mapped_clid,694,0,384,0,0,384,384
Female,pre-TB secretory,CL:4033024,mapped_clid,694,5,0,0,5,0,5
Female,pre-TB secretory,NA,method_prediction_absent,694,0,39,0,0,39,39
Female,SM activated stress response,CL:0000186,mapped_clid,137,0,4,0,0,4,4
Female,SM activated stress response,CL:0000192,mapped_clid,137,134,0,0,134,0,134
Female,SM activated stress response,CL:0000359,mapped_clid,137,0,126,0,0,126,126
Female,SM activated stress response,CL:0000669,mapped_clid,137,0,3,0,0,3,3
Female,SM activated stress response,CL:0002553,mapped_clid,137,2,0,0,2,0,2
Female,SM activated stress response,CL:0009089,mapped_clid,137,1,0,0,1,0,1
Female,SM activated stress response,NA,method_prediction_absent,137,0,4,0,0,4,4
Female,Smooth muscle,CL:0000057,mapped_clid,829,0,2,0,0,2,2
Female,Smooth muscle,CL:0000125,mapped_clid,829,0,1,0,0,1,1
Female,Smooth muscle,CL:0000186,mapped_clid,829,17,33,6,11,27,44
Female,Smooth muscle,CL:0000192,mapped_clid,829,759,0,0,759,0,759
Female,Smooth muscle,CL:0000233,mapped_clid,829,0,2,0,0,2,2
Female,Smooth muscle,CL:0000235,mapped_clid,829,0,2,0,0,2,2
Female,Smooth muscle,CL:0000236,mapped_clid,829,4,0,0,4,0,4
Female,Smooth muscle,CL:0000359,mapped_clid,829,0,635,0,0,635,635
Female,Smooth muscle,CL:0000583,mapped_clid,829,3,8,3,0,5,8
Female,Smooth muscle,CL:0000669,mapped_clid,829,0,40,0,0,40,40
Female,Smooth muscle,CL:0000765,mapped_clid,829,0,2,0,0,2,2
Female,Smooth muscle,CL:0000786,mapped_clid,829,0,1,0,0,1,1
Female,Smooth muscle,CL:0000909,mapped_clid,829,0,1,0,0,1,1
Female,Smooth muscle,CL:0002062,mapped_clid,829,5,0,0,5,0,5
Female,Smooth muscle,CL:0002138,mapped_clid,829,0,1,0,0,1,1
Female,Smooth muscle,CL:0002357,mapped_clid,829,0,8,0,0,8,8
Female,Smooth muscle,CL:0002543,mapped_clid,829,0,2,0,0,2,2
Female,Smooth muscle,CL:0009086,mapped_clid,829,1,0,0,1,0,1
Female,Smooth muscle,CL:0009089,mapped_clid,829,12,0,0,12,0,12
Female,Smooth muscle,CL:0017000,mapped_clid,829,1,0,0,1,0,1
Female,Smooth muscle,CL:1000413,mapped_clid,829,0,1,0,0,1,1
Female,Smooth muscle,CL:1001568,mapped_clid,829,2,0,0,2,0,2
Female,Smooth muscle,CL:4028002,mapped_clid,829,21,0,0,21,0,21
Female,Smooth muscle,CL:4028004,mapped_clid,829,2,0,0,2,0,2
Female,Smooth muscle,CL:4052030,mapped_clid,829,2,0,0,2,0,2
Female,Smooth muscle,ASCTB-TEMP:endothelial-mesenchymal-transition-ec,unmapped_non_cl_id,829,0,1,0,0,1,1
Female,Smooth muscle,NA,method_prediction_absent,829,0,89,0,0,89,89
Female,Smooth muscle FAM83D+,CL:0000186,mapped_clid,35,2,25,2,0,23,25
Female,Smooth muscle FAM83D+,CL:0000192,mapped_clid,35,14,0,0,14,0,14
Female,Smooth muscle FAM83D+,CL:0000359,mapped_clid,35,0,8,0,0,8,8
Female,Smooth muscle FAM83D+,CL:0002553,mapped_clid,35,19,0,0,19,0,19
Female,Smooth muscle FAM83D+,NA,method_prediction_absent,35,0,2,0,0,2,2
Female,Subpleural fibroblasts,CL:0000057,mapped_clid,87,0,79,0,0,79,79
Female,Subpleural fibroblasts,CL:1000493,mapped_clid,87,2,0,0,2,0,2
Female,Subpleural fibroblasts,CL:1001603,mapped_clid,87,1,0,0,1,0,1
Female,Subpleural fibroblasts,CL:4028004,mapped_clid,87,1,0,0,1,0,1
Female,Subpleural fibroblasts,CL:4052029,mapped_clid,87,81,0,0,81,0,81
Female,Subpleural fibroblasts,CL:4052030,mapped_clid,87,2,0,0,2,0,2
Female,Subpleural fibroblasts,NA,method_prediction_absent,87,0,8,0,0,8,8
Female,Suprabasal,CL:0000158,mapped_clid,92,23,3,0,23,3,26
Female,Suprabasal,CL:0000624,mapped_clid,92,1,0,0,1,0,1
Female,Suprabasal,CL:0000625,mapped_clid,92,1,0,0,1,0,1
Female,Suprabasal,CL:0000765,mapped_clid,92,0,1,0,0,1,1
Female,Suprabasal,CL:0000786,mapped_clid,92,1,0,0,1,0,1
Female,Suprabasal,CL:0000814,mapped_clid,92,0,1,0,0,1,1
Female,Suprabasal,CL:0002062,mapped_clid,92,4,0,0,4,0,4
Female,Suprabasal,CL:0002063,mapped_clid,92,2,1,0,2,1,3
Female,Suprabasal,CL:0002399,mapped_clid,92,0,1,0,0,1,1
Female,Suprabasal,CL:0002480,mapped_clid,92,1,0,0,1,0,1
Female,Suprabasal,CL:0002633,mapped_clid,92,36,44,31,5,13,49
Female,Suprabasal,CL:0019031,mapped_clid,92,0,31,0,0,31,31
Female,Suprabasal,CL:1001568,mapped_clid,92,1,0,0,1,0,1
Female,Suprabasal,CL:1001603,mapped_clid,92,1,0,0,1,0,1
Female,Suprabasal,CL:4033048,mapped_clid,92,21,0,0,21,0,21
Female,Suprabasal,NA,method_prediction_absent,92,0,10,0,0,10,10
Female,T cells proliferating,CL:0000623,mapped_clid,296,5,0,0,5,0,5
Female,T cells proliferating,CL:0000624,mapped_clid,296,12,0,0,12,0,12
Female,T cells proliferating,CL:0000625,mapped_clid,296,67,0,0,67,0,67
Female,T cells proliferating,CL:0000814,mapped_clid,296,0,255,0,0,255,255
Female,T cells proliferating,CL:0000897,mapped_clid,296,0,1,0,0,1,1
Female,T cells proliferating,CL:0000909,mapped_clid,296,0,14,0,0,14,14
Female,T cells proliferating,CL:0002063,mapped_clid,296,1,0,0,1,0,1
Female,T cells proliferating,CL:0002399,mapped_clid,296,1,0,0,1,0,1
Female,T cells proliferating,CL:4033069,mapped_clid,296,210,0,0,210,0,210
Female,T cells proliferating,CL:4033081,mapped_clid,296,0,2,0,0,2,2
Female,T cells proliferating,CL:4052021,mapped_clid,296,0,5,0,0,5,5
Female,T cells proliferating,NA,method_prediction_absent,296,0,19,0,0,19,19
Female,Tuft,CL:0002075,mapped_clid,1,1,0,0,1,0,1
Female,Tuft,CL:0017000,mapped_clid,1,0,1,0,0,1,1
Male,Adventitial fibroblasts,CL:0000057,mapped_clid,8181,0,7274,0,0,7274,7274
Male,Adventitial fibroblasts,CL:0000097,mapped_clid,8181,0,1,0,0,1,1
Male,Adventitial fibroblasts,CL:0000125,mapped_clid,8181,0,1,0,0,1,1
Male,Adventitial fibroblasts,CL:0000127,mapped_clid,8181,0,1,0,0,1,1
Male,Adventitial fibroblasts,CL:0000158,mapped_clid,8181,0,1,0,0,1,1
Male,Adventitial fibroblasts,CL:0000186,mapped_clid,8181,15,43,1,14,42,57
Male,Adventitial fibroblasts,CL:0000192,mapped_clid,8181,2,0,0,2,0,2
Male,Adventitial fibroblasts,CL:0000583,mapped_clid,8181,0,8,0,0,8,8
Male,Adventitial fibroblasts,CL:0000623,mapped_clid,8181,1,0,0,1,0,1
Male,Adventitial fibroblasts,CL:0000625,mapped_clid,8181,1,0,0,1,0,1
Male,Adventitial fibroblasts,CL:0000669,mapped_clid,8181,0,3,0,0,3,3
Male,Adventitial fibroblasts,CL:0000765,mapped_clid,8181,0,1,0,0,1,1
Male,Adventitial fibroblasts,CL:0000860,mapped_clid,8181,2,0,0,2,0,2
Male,Adventitial fibroblasts,CL:0000897,mapped_clid,8181,0,1,0,0,1,1
Male,Adventitial fibroblasts,CL:0000909,mapped_clid,8181,0,1,0,0,1,1
Male,Adventitial fibroblasts,CL:0000936,mapped_clid,8181,0,1,0,0,1,1
Male,Adventitial fibroblasts,CL:0000939,mapped_clid,8181,0,2,0,0,2,2
Male,Adventitial fibroblasts,CL:0001054,mapped_clid,8181,0,6,0,0,6,6
Male,Adventitial fibroblasts,CL:0002062,mapped_clid,8181,3,2,1,2,1,4
Male,Adventitial fibroblasts,CL:0002063,mapped_clid,8181,1,0,0,1,0,1
Male,Adventitial fibroblasts,CL:0002138,mapped_clid,8181,0,1,0,0,1,1
Male,Adventitial fibroblasts,CL:0002357,mapped_clid,8181,0,4,0,0,4,4
Male,Adventitial fibroblasts,CL:0002394,mapped_clid,8181,0,2,0,0,2,2
Male,Adventitial fibroblasts,CL:0002399,mapped_clid,8181,0,1,0,0,1,1
Male,Adventitial fibroblasts,CL:0002543,mapped_clid,8181,0,19,0,0,19,19
Male,Adventitial fibroblasts,CL:0002553,mapped_clid,8181,5,0,0,5,0,5
Male,Adventitial fibroblasts,CL:0002633,mapped_clid,8181,2,1,0,2,1,3
Male,Adventitial fibroblasts,CL:1000413,mapped_clid,8181,0,6,0,0,6,6
Male,Adventitial fibroblasts,CL:1000493,mapped_clid,8181,10,0,0,10,0,10
Male,Adventitial fibroblasts,CL:4028002,mapped_clid,8181,3,0,0,3,0,3
Male,Adventitial fibroblasts,CL:4028003,mapped_clid,8181,0,1,0,0,1,1
Male,Adventitial fibroblasts,CL:4028004,mapped_clid,8181,76,0,0,76,0,76
Male,Adventitial fibroblasts,CL:4033008,mapped_clid,8181,8,0,0,8,0,8
Male,Adventitial fibroblasts,CL:4052029,mapped_clid,8181,4,0,0,4,0,4
Male,Adventitial fibroblasts,CL:4052030,mapped_clid,8181,8048,0,0,8048,0,8048
Male,Adventitial fibroblasts,NA,method_prediction_absent,8181,0,800,0,0,800,800
Male,Alveolar fibroblasts,CL:0000057,mapped_clid,2546,0,2248,0,0,2248,2248
Male,Alveolar fibroblasts,CL:0000125,mapped_clid,2546,0,1,0,0,1,1
Male,Alveolar fibroblasts,CL:0000186,mapped_clid,2546,9,29,2,7,27,36
Male,Alveolar fibroblasts,CL:0000583,mapped_clid,2546,1,2,0,1,2,3
Male,Alveolar fibroblasts,CL:0000669,mapped_clid,2546,0,3,0,0,3,3
Male,Alveolar fibroblasts,CL:0000814,mapped_clid,2546,0,1,0,0,1,1
Male,Alveolar fibroblasts,CL:0000860,mapped_clid,2546,1,0,0,1,0,1
Male,Alveolar fibroblasts,CL:0000939,mapped_clid,2546,0,1,0,0,1,1
Male,Alveolar fibroblasts,CL:0002062,mapped_clid,2546,2,6,0,2,6,8
Male,Alveolar fibroblasts,CL:0002063,mapped_clid,2546,1,1,1,0,0,1
Male,Alveolar fibroblasts,CL:0002138,mapped_clid,2546,0,2,0,0,2,2
Male,Alveolar fibroblasts,CL:0002357,mapped_clid,2546,0,10,0,0,10,10
Male,Alveolar fibroblasts,CL:0002399,mapped_clid,2546,0,2,0,0,2,2
Male,Alveolar fibroblasts,CL:0002553,mapped_clid,2546,4,0,0,4,0,4
Male,Alveolar fibroblasts,CL:0009086,mapped_clid,2546,2,0,0,2,0,2
Male,Alveolar fibroblasts,CL:0009089,mapped_clid,2546,1,0,0,1,0,1
Male,Alveolar fibroblasts,CL:1000413,mapped_clid,2546,0,1,0,0,1,1
Male,Alveolar fibroblasts,CL:4028004,mapped_clid,2546,2447,0,0,2447,0,2447
Male,Alveolar fibroblasts,CL:4052030,mapped_clid,2546,78,0,0,78,0,78
Male,Alveolar fibroblasts,NA,method_prediction_absent,2546,0,239,0,0,239,239
Male,Alveolar macrophages,CL:0000057,mapped_clid,45674,0,7,0,0,7,7
Male,Alveolar macrophages,CL:0000097,mapped_clid,45674,5,5,3,2,2,7
Male,Alveolar macrophages,CL:0000158,mapped_clid,45674,25,0,0,25,0,25
Male,Alveolar macrophages,CL:0000192,mapped_clid,45674,6,0,0,6,0,6
Male,Alveolar macrophages,CL:0000235,mapped_clid,45674,0,99,0,0,99,99
Male,Alveolar macrophages,CL:0000236,mapped_clid,45674,7,0,0,7,0,7
Male,Alveolar macrophages,CL:0000322,mapped_clid,45674,17,0,0,17,0,17
Male,Alveolar macrophages,CL:0000359,mapped_clid,45674,0,1,0,0,1,1
Male,Alveolar macrophages,CL:0000576,mapped_clid,45674,0,3,0,0,3,3
Male,Alveolar macrophages,CL:0000583,mapped_clid,45674,43210,40897,39964,3246,933,44143
Male,Alveolar macrophages,CL:0000624,mapped_clid,45674,7,0,0,7,0,7
Male,Alveolar macrophages,CL:0000625,mapped_clid,45674,17,0,0,17,0,17
Male,Alveolar macrophages,CL:0000860,mapped_clid,45674,57,0,0,57,0,57
Male,Alveolar macrophages,CL:0000863,mapped_clid,45674,0,2998,0,0,2998,2998
Male,Alveolar macrophages,CL:0000875,mapped_clid,45674,173,0,0,173,0,173
Male,Alveolar macrophages,CL:0000939,mapped_clid,45674,0,2,0,0,2,2
Male,Alveolar macrophages,CL:0001054,mapped_clid,45674,0,20,0,0,20,20
Male,Alveolar macrophages,CL:0002062,mapped_clid,45674,2,0,0,2,0,2
Male,Alveolar macrophages,CL:0002063,mapped_clid,45674,12,0,0,12,0,12
Male,Alveolar macrophages,CL:0002144,mapped_clid,45674,0,1,0,0,1,1
Male,Alveolar macrophages,CL:0002145,mapped_clid,45674,1,0,0,1,0,1
Male,Alveolar macrophages,CL:0002399,mapped_clid,45674,30,176,18,12,158,188
Male,Alveolar macrophages,CL:0002543,mapped_clid,45674,0,62,0,0,62,62
Male,Alveolar macrophages,CL:0009086,mapped_clid,45674,13,0,0,13,0,13
Male,Alveolar macrophages,CL:0009089,mapped_clid,45674,1,0,0,1,0,1
Male,Alveolar macrophages,CL:0011031,mapped_clid,45674,0,1,0,0,1,1
Male,Alveolar macrophages,CL:0019031,mapped_clid,45674,0,7,0,0,7,7
Male,Alveolar macrophages,CL:1000413,mapped_clid,45674,0,40,0,0,40,40
Male,Alveolar macrophages,CL:1001568,mapped_clid,45674,9,0,0,9,0,9
Male,Alveolar macrophages,CL:1001603,mapped_clid,45674,1465,0,0,1465,0,1465
Male,Alveolar macrophages,CL:4028002,mapped_clid,45674,350,0,0,350,0,350
Male,Alveolar macrophages,CL:4028003,mapped_clid,45674,4,0,0,4,0,4
Male,Alveolar macrophages,CL:4028004,mapped_clid,45674,7,0,0,7,0,7
Male,Alveolar macrophages,CL:4033008,mapped_clid,45674,37,0,0,37,0,37
Male,Alveolar macrophages,CL:4033041,mapped_clid,45674,111,0,0,111,0,111
Male,Alveolar macrophages,CL:4033043,mapped_clid,45674,49,0,0,49,0,49
Male,Alveolar macrophages,CL:4033048,mapped_clid,45674,2,0,0,2,0,2
Male,Alveolar macrophages,CL:4033077,mapped_clid,45674,1,0,0,1,0,1
Male,Alveolar macrophages,CL:4033081,mapped_clid,45674,0,314,0,0,314,314
Male,Alveolar macrophages,CL:4052030,mapped_clid,45674,56,0,0,56,0,56
Male,Alveolar macrophages,NA,method_prediction_absent,45674,0,1041,0,0,1041,1041
Male,Alveolar Mph CCL3+,CL:0000235,mapped_clid,4718,0,8,0,0,8,8
Male,Alveolar Mph CCL3+,CL:0000583,mapped_clid,4718,941,4098,818,123,3280,4221
Male,Alveolar Mph CCL3+,CL:0000625,mapped_clid,4718,1,0,0,1,0,1
Male,Alveolar Mph CCL3+,CL:0000860,mapped_clid,4718,5,0,0,5,0,5
Male,Alveolar Mph CCL3+,CL:0000863,mapped_clid,4718,0,447,0,0,447,447
Male,Alveolar Mph CCL3+,CL:0000875,mapped_clid,4718,8,0,0,8,0,8
Male,Alveolar Mph CCL3+,CL:0001054,mapped_clid,4718,0,6,0,0,6,6
Male,Alveolar Mph CCL3+,CL:0002399,mapped_clid,4718,1,15,1,0,14,15
Male,Alveolar Mph CCL3+,CL:1001603,mapped_clid,4718,167,0,0,167,0,167
Male,Alveolar Mph CCL3+,CL:4033041,mapped_clid,4718,3591,0,0,3591,0,3591
Male,Alveolar Mph CCL3+,CL:4033043,mapped_clid,4718,4,0,0,4,0,4
Male,Alveolar Mph CCL3+,CL:4033081,mapped_clid,4718,0,51,0,0,51,51
Male,Alveolar Mph CCL3+,NA,method_prediction_absent,4718,0,93,0,0,93,93
Male,Alveolar Mph MT-positive,CL:0000235,mapped_clid,62,0,1,0,0,1,1
Male,Alveolar Mph MT-positive,CL:0000236,mapped_clid,62,1,0,0,1,0,1
Male,Alveolar Mph MT-positive,CL:0000583,mapped_clid,62,31,39,25,6,14,45
Male,Alveolar Mph MT-positive,CL:0000860,mapped_clid,62,1,0,0,1,0,1
Male,Alveolar Mph MT-positive,CL:0000863,mapped_clid,62,0,18,0,0,18,18
Male,Alveolar Mph MT-positive,CL:0001054,mapped_clid,62,0,1,0,0,1,1
Male,Alveolar Mph MT-positive,CL:1001603,mapped_clid,62,25,0,0,25,0,25
Male,Alveolar Mph MT-positive,CL:4028002,mapped_clid,62,1,0,0,1,0,1
Male,Alveolar Mph MT-positive,CL:4033041,mapped_clid,62,3,0,0,3,0,3
Male,Alveolar Mph MT-positive,NA,method_prediction_absent,62,0,3,0,0,3,3
Male,Alveolar Mph proliferating,CL:0000097,mapped_clid,637,1,0,0,1,0,1
Male,Alveolar Mph proliferating,CL:0000583,mapped_clid,637,116,7,7,109,0,116
Male,Alveolar Mph proliferating,CL:0000624,mapped_clid,637,1,0,0,1,0,1
Male,Alveolar Mph proliferating,CL:0000814,mapped_clid,637,0,2,0,0,2,2
Male,Alveolar Mph proliferating,CL:0000875,mapped_clid,637,1,0,0,1,0,1
Male,Alveolar Mph proliferating,CL:0002399,mapped_clid,637,4,0,0,4,0,4
Male,Alveolar Mph proliferating,CL:0002543,mapped_clid,637,0,3,0,0,3,3
Male,Alveolar Mph proliferating,CL:1001568,mapped_clid,637,1,0,0,1,0,1
Male,Alveolar Mph proliferating,CL:1001603,mapped_clid,637,13,0,0,13,0,13
Male,Alveolar Mph proliferating,CL:4028002,mapped_clid,637,1,0,0,1,0,1
Male,Alveolar Mph proliferating,CL:4033008,mapped_clid,637,6,0,0,6,0,6
Male,Alveolar Mph proliferating,CL:4033041,mapped_clid,637,12,0,0,12,0,12
Male,Alveolar Mph proliferating,CL:4033069,mapped_clid,637,1,0,0,1,0,1
Male,Alveolar Mph proliferating,CL:4033077,mapped_clid,637,480,0,0,480,0,480
Male,Alveolar Mph proliferating,CL:4033081,mapped_clid,637,0,594,0,0,594,594
Male,Alveolar Mph proliferating,NA,method_prediction_absent,637,0,31,0,0,31,31
Male,AT0,CL:0000158,mapped_clid,448,0,366,0,0,366,366
Male,AT0,CL:0000322,mapped_clid,448,317,0,0,317,0,317
Male,AT0,CL:0000576,mapped_clid,448,0,1,0,0,1,1
Male,AT0,CL:0000625,mapped_clid,448,1,0,0,1,0,1
Male,AT0,CL:0002062,mapped_clid,448,52,10,4,48,6,58
Male,AT0,CL:0002063,mapped_clid,448,77,30,20,57,10,87
Male,AT0,CL:0002633,mapped_clid,448,1,0,0,1,0,1
Male,AT0,CL:0019031,mapped_clid,448,0,3,0,0,3,3
Male,AT0,NA,method_prediction_absent,448,0,38,0,0,38,38
Male,AT1,CL:0000158,mapped_clid,4267,0,129,0,0,129,129
Male,AT1,CL:0000192,mapped_clid,4267,1,0,0,1,0,1
Male,AT1,CL:0000322,mapped_clid,4267,11,0,0,11,0,11
Male,AT1,CL:0000576,mapped_clid,4267,0,7,0,0,7,7
Male,AT1,CL:0000583,mapped_clid,4267,2,6,2,0,4,6
Male,AT1,CL:0000624,mapped_clid,4267,1,0,0,1,0,1
Male,AT1,CL:0000775,mapped_clid,4267,0,1,0,0,1,1
Male,AT1,CL:0000860,mapped_clid,4267,4,0,0,4,0,4
Male,AT1,CL:0000863,mapped_clid,4267,0,3,0,0,3,3
Male,AT1,CL:0000875,mapped_clid,4267,2,0,0,2,0,2
Male,AT1,CL:0000909,mapped_clid,4267,0,1,0,0,1,1
Male,AT1,CL:0001054,mapped_clid,4267,0,2,0,0,2,2
Male,AT1,CL:0002062,mapped_clid,4267,4197,3885,3859,338,26,4223
Male,AT1,CL:0002063,mapped_clid,4267,39,21,6,33,15,54
Male,AT1,CL:0002399,mapped_clid,4267,0,6,0,0,6,6
Male,AT1,CL:0002633,mapped_clid,4267,0,8,0,0,8,8
Male,AT1,CL:0009089,mapped_clid,4267,2,0,0,2,0,2
Male,AT1,CL:0017000,mapped_clid,4267,0,1,0,0,1,1
Male,AT1,CL:0019031,mapped_clid,4267,0,1,0,0,1,1
Male,AT1,CL:1001603,mapped_clid,4267,4,0,0,4,0,4
Male,AT1,CL:4028002,mapped_clid,4267,2,0,0,2,0,2
Male,AT1,CL:4033080,mapped_clid,4267,1,0,0,1,0,1
Male,AT1,CL:4052030,mapped_clid,4267,1,0,0,1,0,1
Male,AT1,NA,method_prediction_absent,4267,0,196,0,0,196,196
Male,AT2,CL:0000057,mapped_clid,26235,0,30,0,0,30,30
Male,AT2,CL:0000097,mapped_clid,26235,0,3,0,0,3,3
Male,AT2,CL:0000158,mapped_clid,26235,6,401,0,6,401,407
Male,AT2,CL:0000235,mapped_clid,26235,0,3,0,0,3,3
Male,AT2,CL:0000322,mapped_clid,26235,132,0,0,132,0,132
Male,AT2,CL:0000359,mapped_clid,26235,0,1,0,0,1,1
Male,AT2,CL:0000576,mapped_clid,26235,0,30,0,0,30,30
Male,AT2,CL:0000583,mapped_clid,26235,24,155,22,2,133,157
Male,AT2,CL:0000623,mapped_clid,26235,2,0,0,2,0,2
Male,AT2,CL:0000624,mapped_clid,26235,1,0,0,1,0,1
Male,AT2,CL:0000625,mapped_clid,26235,5,0,0,5,0,5
Male,AT2,CL:0000669,mapped_clid,26235,0,2,0,0,2,2
Male,AT2,CL:0000775,mapped_clid,26235,0,6,0,0,6,6
Male,AT2,CL:0000860,mapped_clid,26235,5,0,0,5,0,5
Male,AT2,CL:0000863,mapped_clid,26235,0,7,0,0,7,7
Male,AT2,CL:0000875,mapped_clid,26235,2,0,0,2,0,2
Male,AT2,CL:0000909,mapped_clid,26235,0,5,0,0,5,5
Male,AT2,CL:0000939,mapped_clid,26235,0,4,0,0,4,4
Male,AT2,CL:0001054,mapped_clid,26235,0,9,0,0,9,9
Male,AT2,CL:0002062,mapped_clid,26235,269,123,41,228,82,351
Male,AT2,CL:0002063,mapped_clid,26235,25743,24803,24736,1007,67,25810
Male,AT2,CL:0002138,mapped_clid,26235,0,1,0,0,1,1
Male,AT2,CL:0002145,mapped_clid,26235,1,0,0,1,0,1
Male,AT2,CL:0002357,mapped_clid,26235,0,1,0,0,1,1
Male,AT2,CL:0002399,mapped_clid,26235,1,24,0,1,24,25
Male,AT2,CL:0002543,mapped_clid,26235,0,2,0,0,2,2
Male,AT2,CL:0002553,mapped_clid,26235,1,0,0,1,0,1
Male,AT2,CL:0002633,mapped_clid,26235,4,23,0,4,23,27
Male,AT2,CL:0009086,mapped_clid,26235,4,0,0,4,0,4
Male,AT2,CL:0009089,mapped_clid,26235,2,0,0,2,0,2
Male,AT2,CL:0017000,mapped_clid,26235,0,2,0,0,2,2
Male,AT2,CL:0019031,mapped_clid,26235,0,12,0,0,12,12
Male,AT2,CL:1001603,mapped_clid,26235,5,0,0,5,0,5
Male,AT2,CL:4023016,mapped_clid,26235,0,1,0,0,1,1
Male,AT2,CL:4028002,mapped_clid,26235,7,0,0,7,0,7
Male,AT2,CL:4028003,mapped_clid,26235,0,1,0,0,1,1
Male,AT2,CL:4028004,mapped_clid,26235,8,0,0,8,0,8
Male,AT2,CL:4033008,mapped_clid,26235,1,0,0,1,0,1
Male,AT2,CL:4033048,mapped_clid,26235,1,0,0,1,0,1
Male,AT2,CL:4033080,mapped_clid,26235,1,0,0,1,0,1
Male,AT2,CL:4033081,mapped_clid,26235,0,4,0,0,4,4
Male,AT2,CL:4052030,mapped_clid,26235,10,0,0,10,0,10
Male,AT2,NA,method_prediction_absent,26235,0,582,0,0,582,582
Male,AT2 proliferating,CL:0000322,mapped_clid,267,5,0,0,5,0,5
Male,AT2 proliferating,CL:0000583,mapped_clid,267,0,1,0,0,1,1
Male,AT2 proliferating,CL:0000860,mapped_clid,267,1,0,0,1,0,1
Male,AT2 proliferating,CL:0002062,mapped_clid,267,23,0,0,23,0,23
Male,AT2 proliferating,CL:0002063,mapped_clid,267,101,251,99,2,152,253
Male,AT2 proliferating,CL:0002633,mapped_clid,267,0,8,0,0,8,8
Male,AT2 proliferating,CL:0017000,mapped_clid,267,0,1,0,0,1,1
Male,AT2 proliferating,CL:4033008,mapped_clid,267,1,0,0,1,0,1
Male,AT2 proliferating,CL:4033080,mapped_clid,267,136,0,0,136,0,136
Male,AT2 proliferating,NA,method_prediction_absent,267,0,6,0,0,6,6
Male,B cells,CL:0000236,mapped_clid,1005,972,0,0,972,0,972
Male,B cells,CL:0000557,mapped_clid,1005,0,2,0,0,2,2
Male,B cells,CL:0000624,mapped_clid,1005,27,0,0,27,0,27
Male,B cells,CL:0000625,mapped_clid,1005,2,0,0,2,0,2
Male,B cells,CL:0000786,mapped_clid,1005,0,11,0,0,11,11
Male,B cells,CL:0000787,mapped_clid,1005,0,829,0,0,829,829
Male,B cells,CL:0000788,mapped_clid,1005,0,110,0,0,110,110
Male,B cells,CL:0000792,mapped_clid,1005,0,6,0,0,6,6
Male,B cells,CL:0000814,mapped_clid,1005,0,2,0,0,2,2
Male,B cells,CL:0000860,mapped_clid,1005,1,0,0,1,0,1
Male,B cells,CL:0000897,mapped_clid,1005,0,1,0,0,1,1
Male,B cells,CL:0000909,mapped_clid,1005,0,1,0,0,1,1
Male,B cells,CL:0002399,mapped_clid,1005,2,4,1,1,3,5
Male,B cells,CL:1001603,mapped_clid,1005,1,0,0,1,0,1
Male,B cells,CL:4033068,mapped_clid,1005,0,1,0,0,1,1
Male,B cells,CL:4052021,mapped_clid,1005,0,3,0,0,3,3
Male,B cells,NA,method_prediction_absent,1005,0,35,0,0,35,35
Male,Basal resting,CL:0000158,mapped_clid,74,2,20,0,2,20,22
Male,Basal resting,CL:0000235,mapped_clid,74,0,1,0,0,1,1
Male,Basal resting,CL:0000322,mapped_clid,74,4,0,0,4,0,4
Male,Basal resting,CL:0000583,mapped_clid,74,1,0,0,1,0,1
Male,Basal resting,CL:0000624,mapped_clid,74,4,0,0,4,0,4
Male,Basal resting,CL:0000625,mapped_clid,74,1,0,0,1,0,1
Male,Basal resting,CL:0000875,mapped_clid,74,2,0,0,2,0,2
Male,Basal resting,CL:0002062,mapped_clid,74,13,0,0,13,0,13
Male,Basal resting,CL:0002063,mapped_clid,74,1,0,0,1,0,1
Male,Basal resting,CL:0002633,mapped_clid,74,43,41,28,15,13,56
Male,Basal resting,CL:4033048,mapped_clid,74,3,0,0,3,0,3
Male,Basal resting,NA,method_prediction_absent,74,0,12,0,0,12,12
Male,CD4 T cells,CL:0000097,mapped_clid,5936,0,1,0,0,1,1
Male,CD4 T cells,CL:0000235,mapped_clid,5936,0,1,0,0,1,1
Male,CD4 T cells,CL:0000236,mapped_clid,5936,4,0,0,4,0,4
Male,CD4 T cells,CL:0000576,mapped_clid,5936,0,3,0,0,3,3
Male,CD4 T cells,CL:0000583,mapped_clid,5936,2,0,0,2,0,2
Male,CD4 T cells,CL:0000624,mapped_clid,5936,5000,0,0,5000,0,5000
Male,CD4 T cells,CL:0000625,mapped_clid,5936,907,0,0,907,0,907
Male,CD4 T cells,CL:0000765,mapped_clid,5936,0,1,0,0,1,1
Male,CD4 T cells,CL:0000775,mapped_clid,5936,0,1,0,0,1,1
Male,CD4 T cells,CL:0000786,mapped_clid,5936,0,2,0,0,2,2
Male,CD4 T cells,CL:0000787,mapped_clid,5936,0,1,0,0,1,1
Male,CD4 T cells,CL:0000788,mapped_clid,5936,0,1,0,0,1,1
Male,CD4 T cells,CL:0000790,mapped_clid,5936,0,9,0,0,9,9
Male,CD4 T cells,CL:0000792,mapped_clid,5936,0,622,0,0,622,622
Male,CD4 T cells,CL:0000798,mapped_clid,5936,0,6,0,0,6,6
Male,CD4 T cells,CL:0000813,mapped_clid,5936,0,1,0,0,1,1
Male,CD4 T cells,CL:0000814,mapped_clid,5936,0,17,0,0,17,17
Male,CD4 T cells,CL:0000860,mapped_clid,5936,8,0,0,8,0,8
Male,CD4 T cells,CL:0000875,mapped_clid,5936,8,0,0,8,0,8
Male,CD4 T cells,CL:0000895,mapped_clid,5936,0,895,0,0,895,895
Male,CD4 T cells,CL:0000897,mapped_clid,5936,0,3496,0,0,3496,3496
Male,CD4 T cells,CL:0000898,mapped_clid,5936,0,4,0,0,4,4
Male,CD4 T cells,CL:0000900,mapped_clid,5936,0,71,0,0,71,71
Male,CD4 T cells,CL:0000909,mapped_clid,5936,0,21,0,0,21,21
Male,CD4 T cells,CL:0000934,mapped_clid,5936,0,20,0,0,20,20
Male,CD4 T cells,CL:0000938,mapped_clid,5936,0,1,0,0,1,1
Male,CD4 T cells,CL:0000940,mapped_clid,5936,0,110,0,0,110,110
Male,CD4 T cells,CL:0001054,mapped_clid,5936,0,5,0,0,5,5
Male,CD4 T cells,CL:0001065,mapped_clid,5936,0,20,0,0,20,20
Male,CD4 T cells,CL:0002038,mapped_clid,5936,0,73,0,0,73,73
Male,CD4 T cells,CL:0002063,mapped_clid,5936,1,0,0,1,0,1
Male,CD4 T cells,CL:0002399,mapped_clid,5936,0,1,0,0,1,1
Male,CD4 T cells,CL:1001603,mapped_clid,5936,1,0,0,1,0,1
Male,CD4 T cells,CL:4033041,mapped_clid,5936,2,0,0,2,0,2
Male,CD4 T cells,CL:4033069,mapped_clid,5936,2,0,0,2,0,2
Male,CD4 T cells,CL:4052021,mapped_clid,5936,0,184,0,0,184,184
Male,CD4 T cells,CL:4052030,mapped_clid,5936,1,0,0,1,0,1
Male,CD4 T cells,NA,method_prediction_absent,5936,0,369,0,0,369,369
Male,CD8 T cells,CL:0000097,mapped_clid,5270,0,1,0,0,1,1
Male,CD8 T cells,CL:0000158,mapped_clid,5270,0,1,0,0,1,1
Male,CD8 T cells,CL:0000186,mapped_clid,5270,1,0,0,1,0,1
Male,CD8 T cells,CL:0000192,mapped_clid,5270,3,0,0,3,0,3
Male,CD8 T cells,CL:0000235,mapped_clid,5270,0,1,0,0,1,1
Male,CD8 T cells,CL:0000236,mapped_clid,5270,3,0,0,3,0,3
Male,CD8 T cells,CL:0000322,mapped_clid,5270,1,0,0,1,0,1
Male,CD8 T cells,CL:0000359,mapped_clid,5270,0,1,0,0,1,1
Male,CD8 T cells,CL:0000576,mapped_clid,5270,0,4,0,0,4,4
Male,CD8 T cells,CL:0000583,mapped_clid,5270,14,21,9,5,12,26
Male,CD8 T cells,CL:0000623,mapped_clid,5270,72,0,0,72,0,72
Male,CD8 T cells,CL:0000624,mapped_clid,5270,719,0,0,719,0,719
Male,CD8 T cells,CL:0000625,mapped_clid,5270,4415,0,0,4415,0,4415
Male,CD8 T cells,CL:0000669,mapped_clid,5270,0,4,0,0,4,4
Male,CD8 T cells,CL:0000786,mapped_clid,5270,0,2,0,0,2,2
Male,CD8 T cells,CL:0000788,mapped_clid,5270,0,1,0,0,1,1
Male,CD8 T cells,CL:0000790,mapped_clid,5270,0,20,0,0,20,20
Male,CD8 T cells,CL:0000792,mapped_clid,5270,0,70,0,0,70,70
Male,CD8 T cells,CL:0000798,mapped_clid,5270,0,74,0,0,74,74
Male,CD8 T cells,CL:0000814,mapped_clid,5270,0,24,0,0,24,24
Male,CD8 T cells,CL:0000860,mapped_clid,5270,8,0,0,8,0,8
Male,CD8 T cells,CL:0000863,mapped_clid,5270,0,1,0,0,1,1
Male,CD8 T cells,CL:0000875,mapped_clid,5270,8,0,0,8,0,8
Male,CD8 T cells,CL:0000895,mapped_clid,5270,0,68,0,0,68,68
Male,CD8 T cells,CL:0000897,mapped_clid,5270,0,718,0,0,718,718
Male,CD8 T cells,CL:0000898,mapped_clid,5270,0,1,0,0,1,1
Male,CD8 T cells,CL:0000900,mapped_clid,5270,0,1,0,0,1,1
Male,CD8 T cells,CL:0000909,mapped_clid,5270,0,1966,0,0,1966,1966
Male,CD8 T cells,CL:0000938,mapped_clid,5270,0,173,0,0,173,173
Male,CD8 T cells,CL:0000939,mapped_clid,5270,0,177,0,0,177,177
Male,CD8 T cells,CL:0000940,mapped_clid,5270,0,12,0,0,12,12
Male,CD8 T cells,CL:0001054,mapped_clid,5270,0,2,0,0,2,2
Male,CD8 T cells,CL:0001058,mapped_clid,5270,4,0,0,4,0,4
Male,CD8 T cells,CL:0001065,mapped_clid,5270,0,31,0,0,31,31
Male,CD8 T cells,CL:0002038,mapped_clid,5270,0,4,0,0,4,4
Male,CD8 T cells,CL:0002062,mapped_clid,5270,3,3,3,0,0,3
Male,CD8 T cells,CL:0002063,mapped_clid,5270,1,0,0,1,0,1
Male,CD8 T cells,CL:0002357,mapped_clid,5270,0,1,0,0,1,1
Male,CD8 T cells,CL:0002394,mapped_clid,5270,0,1,0,0,1,1
Male,CD8 T cells,CL:0002399,mapped_clid,5270,1,7,0,1,7,8
Male,CD8 T cells,CL:0002489,mapped_clid,5270,0,2,0,0,2,2
Male,CD8 T cells,CL:0002543,mapped_clid,5270,0,1,0,0,1,1
Male,CD8 T cells,CL:0002553,mapped_clid,5270,1,0,0,1,0,1
Male,CD8 T cells,CL:0009089,mapped_clid,5270,2,0,0,2,0,2
Male,CD8 T cells,CL:1000413,mapped_clid,5270,0,1,0,0,1,1
Male,CD8 T cells,CL:1001603,mapped_clid,5270,5,0,0,5,0,5
Male,CD8 T cells,CL:4028002,mapped_clid,5270,4,0,0,4,0,4
Male,CD8 T cells,CL:4028004,mapped_clid,5270,3,0,0,3,0,3
Male,CD8 T cells,CL:4033069,mapped_clid,5270,1,0,0,1,0,1
Male,CD8 T cells,CL:4052021,mapped_clid,5270,0,1243,0,0,1243,1243
Male,CD8 T cells,CL:4052030,mapped_clid,5270,1,0,0,1,0,1
Male,CD8 T cells,NA,method_prediction_absent,5270,0,633,0,0,633,633
Male,Classical monocytes,CL:0000097,mapped_clid,7106,1,0,0,1,0,1
Male,Classical monocytes,CL:0000129,mapped_clid,7106,0,9,0,0,9,9
Male,Classical monocytes,CL:0000158,mapped_clid,7106,1,0,0,1,0,1
Male,Classical monocytes,CL:0000235,mapped_clid,7106,0,47,0,0,47,47
Male,Classical monocytes,CL:0000322,mapped_clid,7106,1,0,0,1,0,1
Male,Classical monocytes,CL:0000557,mapped_clid,7106,0,4,0,0,4,4
Male,Classical monocytes,CL:0000576,mapped_clid,7106,0,210,0,0,210,210
Male,Classical monocytes,CL:0000583,mapped_clid,7106,12,25,1,11,24,36
Male,Classical monocytes,CL:0000624,mapped_clid,7106,3,0,0,3,0,3
Male,Classical monocytes,CL:0000625,mapped_clid,7106,8,0,0,8,0,8
Male,Classical monocytes,CL:0000775,mapped_clid,7106,0,33,0,0,33,33
Male,Classical monocytes,CL:0000786,mapped_clid,7106,1,0,0,1,0,1
Male,Classical monocytes,CL:0000798,mapped_clid,7106,0,1,0,0,1,1
Male,Classical monocytes,CL:0000814,mapped_clid,7106,0,2,0,0,2,2
Male,Classical monocytes,CL:0000834,mapped_clid,7106,0,2,0,0,2,2
Male,Classical monocytes,CL:0000860,mapped_clid,7106,6030,0,0,6030,0,6030
Male,Classical monocytes,CL:0000863,mapped_clid,7106,0,107,0,0,107,107
Male,Classical monocytes,CL:0000875,mapped_clid,7106,750,0,0,750,0,750
Male,Classical monocytes,CL:0000897,mapped_clid,7106,0,1,0,0,1,1
Male,Classical monocytes,CL:0000939,mapped_clid,7106,0,1,0,0,1,1
Male,Classical monocytes,CL:0001054,mapped_clid,7106,0,5932,0,0,5932,5932
Male,Classical monocytes,CL:0002063,mapped_clid,7106,2,0,0,2,0,2
Male,Classical monocytes,CL:0002399,mapped_clid,7106,10,192,6,4,186,196
Male,Classical monocytes,CL:0002543,mapped_clid,7106,0,10,0,0,10,10
Male,Classical monocytes,CL:0009086,mapped_clid,7106,3,0,0,3,0,3
Male,Classical monocytes,CL:0009089,mapped_clid,7106,1,0,0,1,0,1
Male,Classical monocytes,CL:1000413,mapped_clid,7106,0,6,0,0,6,6
Male,Classical monocytes,CL:1001568,mapped_clid,7106,5,0,0,5,0,5
Male,Classical monocytes,CL:1001603,mapped_clid,7106,147,0,0,147,0,147
Male,Classical monocytes,CL:4028002,mapped_clid,7106,8,0,0,8,0,8
Male,Classical monocytes,CL:4028003,mapped_clid,7106,3,1,1,2,0,3
Male,Classical monocytes,CL:4028004,mapped_clid,7106,1,0,0,1,0,1
Male,Classical monocytes,CL:4033008,mapped_clid,7106,10,0,0,10,0,10
Male,Classical monocytes,CL:4033043,mapped_clid,7106,108,0,0,108,0,108
Male,Classical monocytes,CL:4033081,mapped_clid,7106,0,3,0,0,3,3
Male,Classical monocytes,CL:4052030,mapped_clid,7106,1,0,0,1,0,1
Male,Classical monocytes,NA,method_prediction_absent,7106,0,520,0,0,520,520
Male,Club (nasal),CL:0000158,mapped_clid,9,3,2,1,2,1,4
Male,Club (nasal),CL:0000583,mapped_clid,9,1,1,0,1,1,2
Male,Club (nasal),CL:0000624,mapped_clid,9,1,0,0,1,0,1
Male,Club (nasal),CL:0000863,mapped_clid,9,0,1,0,0,1,1
Male,Club (nasal),CL:0002062,mapped_clid,9,1,0,0,1,0,1
Male,Club (nasal),CL:0002633,mapped_clid,9,0,2,0,0,2,2
Male,Club (nasal),CL:0009086,mapped_clid,9,1,0,0,1,0,1
Male,Club (nasal),CL:0019031,mapped_clid,9,0,2,0,0,2,2
Male,Club (nasal),CL:4033048,mapped_clid,9,2,0,0,2,0,2
Male,Club (nasal),NA,method_prediction_absent,9,0,1,0,0,1,1
Male,Club (non-nasal),CL:0000158,mapped_clid,241,205,0,0,205,0,205
Male,Club (non-nasal),CL:0000322,mapped_clid,241,10,0,0,10,0,10
Male,Club (non-nasal),CL:0000583,mapped_clid,241,1,4,1,0,3,4
Male,Club (non-nasal),CL:0002062,mapped_clid,241,4,0,0,4,0,4
Male,Club (non-nasal),CL:0002063,mapped_clid,241,1,8,0,1,8,9
Male,Club (non-nasal),CL:0002145,mapped_clid,241,2,0,0,2,0,2
Male,Club (non-nasal),CL:0002480,mapped_clid,241,3,0,0,3,0,3
Male,Club (non-nasal),CL:0002633,mapped_clid,241,0,3,0,0,3,3
Male,Club (non-nasal),CL:0017000,mapped_clid,241,0,1,0,0,1,1
Male,Club (non-nasal),CL:0019031,mapped_clid,241,0,211,0,0,211,211
Male,Club (non-nasal),CL:1000312,mapped_clid,241,3,0,0,3,0,3
Male,Club (non-nasal),CL:4033024,mapped_clid,241,4,0,0,4,0,4
Male,Club (non-nasal),CL:4033048,mapped_clid,241,8,0,0,8,0,8
Male,Club (non-nasal),NA,method_prediction_absent,241,0,14,0,0,14,14
Male,DC1,CL:0000451,mapped_clid,97,0,1,0,0,1,1
Male,DC1,CL:0002063,mapped_clid,97,1,0,0,1,0,1
Male,DC1,CL:0002394,mapped_clid,97,0,91,0,0,91,91
Male,DC1,CL:0002399,mapped_clid,97,96,1,1,95,0,96
Male,DC1,NA,method_prediction_absent,97,0,4,0,0,4,4
Male,DC2,CL:0000129,mapped_clid,2734,0,1,0,0,1,1
Male,DC2,CL:0000158,mapped_clid,2734,2,0,0,2,0,2
Male,DC2,CL:0000235,mapped_clid,2734,0,85,0,0,85,85
Male,DC2,CL:0000236,mapped_clid,2734,2,0,0,2,0,2
Male,DC2,CL:0000451,mapped_clid,2734,0,8,0,0,8,8
Male,DC2,CL:0000576,mapped_clid,2734,0,5,0,0,5,5
Male,DC2,CL:0000583,mapped_clid,2734,28,10,3,25,7,35
Male,DC2,CL:0000624,mapped_clid,2734,8,0,0,8,0,8
Male,DC2,CL:0000625,mapped_clid,2734,10,0,0,10,0,10
Male,DC2,CL:0000784,mapped_clid,2734,0,2,0,0,2,2
Male,DC2,CL:0000860,mapped_clid,2734,40,0,0,40,0,40
Male,DC2,CL:0000863,mapped_clid,2734,0,79,0,0,79,79
Male,DC2,CL:0000875,mapped_clid,2734,166,0,0,166,0,166
Male,DC2,CL:0000909,mapped_clid,2734,0,1,0,0,1,1
Male,DC2,CL:0000939,mapped_clid,2734,0,1,0,0,1,1
Male,DC2,CL:0001054,mapped_clid,2734,0,52,0,0,52,52
Male,DC2,CL:0001058,mapped_clid,2734,2,0,0,2,0,2
Male,DC2,CL:0002063,mapped_clid,2734,3,0,0,3,0,3
Male,DC2,CL:0002394,mapped_clid,2734,0,18,0,0,18,18
Male,DC2,CL:0002399,mapped_clid,2734,1950,2232,1725,225,507,2457
Male,DC2,CL:0009086,mapped_clid,2734,1,0,0,1,0,1
Male,DC2,CL:1001603,mapped_clid,2734,266,0,0,266,0,266
Male,DC2,CL:4028002,mapped_clid,2734,1,0,0,1,0,1
Male,DC2,CL:4033043,mapped_clid,2734,249,0,0,249,0,249
Male,DC2,CL:4033069,mapped_clid,2734,1,0,0,1,0,1
Male,DC2,CL:4033077,mapped_clid,2734,5,0,0,5,0,5
Male,DC2,CL:4033081,mapped_clid,2734,0,50,0,0,50,50
Male,DC2,NA,method_prediction_absent,2734,0,190,0,0,190,190
Male,Deuterosomal,CL:0000158,mapped_clid,82,12,4,0,12,4,16
Male,Deuterosomal,CL:0000322,mapped_clid,82,6,0,0,6,0,6
Male,Deuterosomal,CL:0002063,mapped_clid,82,0,4,0,0,4,4
Male,Deuterosomal,CL:0002145,mapped_clid,82,30,0,0,30,0,30
Male,Deuterosomal,CL:0019031,mapped_clid,82,0,5,0,0,5,5
Male,Deuterosomal,CL:1000271,mapped_clid,82,0,55,0,0,55,55
Male,Deuterosomal,CL:4033044,mapped_clid,82,33,0,0,33,0,33
Male,Deuterosomal,CL:4033048,mapped_clid,82,1,0,0,1,0,1
Male,Deuterosomal,NA,method_prediction_absent,82,0,14,0,0,14,14
Male,EC aerocyte capillary,CL:0000583,mapped_clid,4600,1,2,1,0,1,2
Male,EC aerocyte capillary,CL:0002062,mapped_clid,4600,4,3,3,1,0,4
Male,EC aerocyte capillary,CL:0002144,mapped_clid,4600,0,42,0,0,42,42
Male,EC aerocyte capillary,CL:0002399,mapped_clid,4600,0,3,0,0,3,3
Male,EC aerocyte capillary,CL:0002543,mapped_clid,4600,0,6,0,0,6,6
Male,EC aerocyte capillary,CL:1000413,mapped_clid,4600,0,2,0,0,2,2
Male,EC aerocyte capillary,CL:1001568,mapped_clid,4600,4,0,0,4,0,4
Male,EC aerocyte capillary,CL:4028002,mapped_clid,4600,190,0,0,190,0,190
Male,EC aerocyte capillary,CL:4028003,mapped_clid,4600,4400,4456,4327,73,129,4529
Male,EC aerocyte capillary,CL:4033008,mapped_clid,4600,1,0,0,1,0,1
Male,EC aerocyte capillary,ASCTB-TEMP:endothelial-mesenchymal-transition-ec,unmapped_non_cl_id,4600,0,1,0,0,1,1
Male,EC aerocyte capillary,NA,method_prediction_absent,4600,0,85,0,0,85,85
Male,EC arterial,CL:0000051,mapped_clid,5153,0,1,0,0,1,1
Male,EC arterial,CL:0000235,mapped_clid,5153,0,1,0,0,1,1
Male,EC arterial,CL:0000322,mapped_clid,5153,1,0,0,1,0,1
Male,EC arterial,CL:0000576,mapped_clid,5153,0,1,0,0,1,1
Male,EC arterial,CL:0000583,mapped_clid,5153,8,0,0,8,0,8
Male,EC arterial,CL:0000624,mapped_clid,5153,1,0,0,1,0,1
Male,EC arterial,CL:0000814,mapped_clid,5153,0,1,0,0,1,1
Male,EC arterial,CL:0000860,mapped_clid,5153,5,0,0,5,0,5
Male,EC arterial,CL:0001054,mapped_clid,5153,0,2,0,0,2,2
Male,EC arterial,CL:0002063,mapped_clid,5153,6,5,5,1,0,6
Male,EC arterial,CL:0002138,mapped_clid,5153,0,1,0,0,1,1
Male,EC arterial,CL:0002144,mapped_clid,5153,0,415,0,0,415,415
Male,EC arterial,CL:0002543,mapped_clid,5153,0,120,0,0,120,120
Male,EC arterial,CL:0009086,mapped_clid,5153,7,0,0,7,0,7
Male,EC arterial,CL:1000413,mapped_clid,5153,0,4465,0,0,4465,4465
Male,EC arterial,CL:1001568,mapped_clid,5153,4815,0,0,4815,0,4815
Male,EC arterial,CL:4028002,mapped_clid,5153,239,0,0,239,0,239
Male,EC arterial,CL:4028003,mapped_clid,5153,20,12,10,10,2,22
Male,EC arterial,CL:4033008,mapped_clid,5153,51,0,0,51,0,51
Male,EC arterial,ASCTB-TEMP:endothelial-mesenchymal-transition-ec,unmapped_non_cl_id,5153,0,2,0,0,2,2
Male,EC arterial,NA,method_prediction_absent,5153,0,127,0,0,127,127
Male,EC general capillary,CL:0000037,mapped_clid,11095,0,1,0,0,1,1
Male,EC general capillary,CL:0000097,mapped_clid,11095,0,2,0,0,2,2
Male,EC general capillary,CL:0000158,mapped_clid,11095,0,1,0,0,1,1
Male,EC general capillary,CL:0000192,mapped_clid,11095,2,0,0,2,0,2
Male,EC general capillary,CL:0000235,mapped_clid,11095,0,8,0,0,8,8
Male,EC general capillary,CL:0000583,mapped_clid,11095,18,27,5,13,22,40
Male,EC general capillary,CL:0000625,mapped_clid,11095,2,0,0,2,0,2
Male,EC general capillary,CL:0000669,mapped_clid,11095,0,2,0,0,2,2
Male,EC general capillary,CL:0000775,mapped_clid,11095,0,1,0,0,1,1
Male,EC general capillary,CL:0000814,mapped_clid,11095,0,16,0,0,16,16
Male,EC general capillary,CL:0000860,mapped_clid,11095,2,0,0,2,0,2
Male,EC general capillary,CL:0000863,mapped_clid,11095,0,4,0,0,4,4
Male,EC general capillary,CL:0000895,mapped_clid,11095,0,1,0,0,1,1
Male,EC general capillary,CL:0000909,mapped_clid,11095,0,1,0,0,1,1
Male,EC general capillary,CL:0002062,mapped_clid,11095,11,0,0,11,0,11
Male,EC general capillary,CL:0002063,mapped_clid,11095,3,0,0,3,0,3
Male,EC general capillary,CL:0002138,mapped_clid,11095,0,15,0,0,15,15
Male,EC general capillary,CL:0002144,mapped_clid,11095,0,8923,0,0,8923,8923
Male,EC general capillary,CL:0002357,mapped_clid,11095,0,1,0,0,1,1
Male,EC general capillary,CL:0002399,mapped_clid,11095,1,2,0,1,2,3
Male,EC general capillary,CL:0002543,mapped_clid,11095,0,473,0,0,473,473
Male,EC general capillary,CL:0002633,mapped_clid,11095,1,2,1,0,1,2
Male,EC general capillary,CL:0009086,mapped_clid,11095,18,0,0,18,0,18
Male,EC general capillary,CL:0009089,mapped_clid,11095,2,0,0,2,0,2
Male,EC general capillary,CL:1000413,mapped_clid,11095,0,408,0,0,408,408
Male,EC general capillary,CL:1001568,mapped_clid,11095,334,0,0,334,0,334
Male,EC general capillary,CL:1001603,mapped_clid,11095,2,0,0,2,0,2
Male,EC general capillary,CL:4028002,mapped_clid,11095,10238,0,0,10238,0,10238
Male,EC general capillary,CL:4028003,mapped_clid,11095,224,361,106,118,255,479
Male,EC general capillary,CL:4028004,mapped_clid,11095,1,0,0,1,0,1
Male,EC general capillary,CL:4033008,mapped_clid,11095,235,0,0,235,0,235
Male,EC general capillary,CL:4033080,mapped_clid,11095,1,0,0,1,0,1
Male,EC general capillary,CL:4033081,mapped_clid,11095,0,1,0,0,1,1
Male,EC general capillary,ASCTB-TEMP:endothelial-mesenchymal-transition-ec,unmapped_non_cl_id,11095,0,8,0,0,8,8
Male,EC general capillary,NA,method_prediction_absent,11095,0,837,0,0,837,837
Male,EC venous pulmonary,CL:0000057,mapped_clid,4715,0,1,0,0,1,1
Male,EC venous pulmonary,CL:0000158,mapped_clid,4715,0,3,0,0,3,3
Male,EC venous pulmonary,CL:0000235,mapped_clid,4715,0,1,0,0,1,1
Male,EC venous pulmonary,CL:0000583,mapped_clid,4715,41,8,1,40,7,48
Male,EC venous pulmonary,CL:0000625,mapped_clid,4715,2,0,0,2,0,2
Male,EC venous pulmonary,CL:0000814,mapped_clid,4715,0,8,0,0,8,8
Male,EC venous pulmonary,CL:0000860,mapped_clid,4715,2,0,0,2,0,2
Male,EC venous pulmonary,CL:0000863,mapped_clid,4715,0,2,0,0,2,2
Male,EC venous pulmonary,CL:0000939,mapped_clid,4715,0,1,0,0,1,1
Male,EC venous pulmonary,CL:0001054,mapped_clid,4715,0,2,0,0,2,2
Male,EC venous pulmonary,CL:0002062,mapped_clid,4715,1,1,1,0,0,1
Male,EC venous pulmonary,CL:0002063,mapped_clid,4715,16,14,11,5,3,19
Male,EC venous pulmonary,CL:0002138,mapped_clid,4715,0,9,0,0,9,9
Male,EC venous pulmonary,CL:0002144,mapped_clid,4715,0,88,0,0,88,88
Male,EC venous pulmonary,CL:0002543,mapped_clid,4715,0,4452,0,0,4452,4452
Male,EC venous pulmonary,CL:0009086,mapped_clid,4715,15,0,0,15,0,15
Male,EC venous pulmonary,CL:0017000,mapped_clid,4715,0,1,0,0,1,1
Male,EC venous pulmonary,CL:1000413,mapped_clid,4715,0,30,0,0,30,30
Male,EC venous pulmonary,CL:1001568,mapped_clid,4715,20,0,0,20,0,20
Male,EC venous pulmonary,CL:1001603,mapped_clid,4715,1,0,0,1,0,1
Male,EC venous pulmonary,CL:4028002,mapped_clid,4715,108,0,0,108,0,108
Male,EC venous pulmonary,CL:4028003,mapped_clid,4715,4,3,2,2,1,5
Male,EC venous pulmonary,CL:4033008,mapped_clid,4715,4500,0,0,4500,0,4500
Male,EC venous pulmonary,CL:4033077,mapped_clid,4715,3,0,0,3,0,3
Male,EC venous pulmonary,CL:4052030,mapped_clid,4715,2,0,0,2,0,2
Male,EC venous pulmonary,ASCTB-TEMP:endothelial-mesenchymal-transition-ec,unmapped_non_cl_id,4715,0,3,0,0,3,3
Male,EC venous pulmonary,NA,method_prediction_absent,4715,0,88,0,0,88,88
Male,EC venous systemic,CL:0000037,mapped_clid,908,0,1,0,0,1,1
Male,EC venous systemic,CL:0000192,mapped_clid,908,1,0,0,1,0,1
Male,EC venous systemic,CL:0000583,mapped_clid,908,1,0,0,1,0,1
Male,EC venous systemic,CL:0000788,mapped_clid,908,0,1,0,0,1,1
Male,EC venous systemic,CL:0000814,mapped_clid,908,0,1,0,0,1,1
Male,EC venous systemic,CL:0002138,mapped_clid,908,0,1,0,0,1,1
Male,EC venous systemic,CL:0002144,mapped_clid,908,0,53,0,0,53,53
Male,EC venous systemic,CL:0002394,mapped_clid,908,0,2,0,0,2,2
Male,EC venous systemic,CL:0002399,mapped_clid,908,0,4,0,0,4,4
Male,EC venous systemic,CL:0002543,mapped_clid,908,0,773,0,0,773,773
Male,EC venous systemic,CL:1000413,mapped_clid,908,0,43,0,0,43,43
Male,EC venous systemic,CL:1001568,mapped_clid,908,31,0,0,31,0,31
Male,EC venous systemic,CL:4028002,mapped_clid,908,56,0,0,56,0,56
Male,EC venous systemic,CL:4028003,mapped_clid,908,0,1,0,0,1,1
Male,EC venous systemic,CL:4033008,mapped_clid,908,819,0,0,819,0,819
Male,EC venous systemic,NA,method_prediction_absent,908,0,28,0,0,28,28
Male,Goblet (bronchial),CL:0000158,mapped_clid,52,39,0,0,39,0,39
Male,Goblet (bronchial),CL:0002480,mapped_clid,52,7,0,0,7,0,7
Male,Goblet (bronchial),CL:0002633,mapped_clid,52,1,0,0,1,0,1
Male,Goblet (bronchial),CL:0019031,mapped_clid,52,0,52,0,0,52,52
Male,Goblet (bronchial),CL:1000312,mapped_clid,52,3,0,0,3,0,3
Male,Goblet (bronchial),CL:4033024,mapped_clid,52,2,0,0,2,0,2
Male,Goblet (nasal),CL:0000158,mapped_clid,67,23,8,0,23,8,31
Male,Goblet (nasal),CL:0000322,mapped_clid,67,19,0,0,19,0,19
Male,Goblet (nasal),CL:0000583,mapped_clid,67,3,12,3,0,9,12
Male,Goblet (nasal),CL:0000624,mapped_clid,67,1,0,0,1,0,1
Male,Goblet (nasal),CL:0000625,mapped_clid,67,3,0,0,3,0,3
Male,Goblet (nasal),CL:0002062,mapped_clid,67,3,1,0,3,1,4
Male,Goblet (nasal),CL:0002063,mapped_clid,67,4,3,2,2,1,5
Male,Goblet (nasal),CL:0002145,mapped_clid,67,1,0,0,1,0,1
Male,Goblet (nasal),CL:0002399,mapped_clid,67,1,0,0,1,0,1
Male,Goblet (nasal),CL:0002480,mapped_clid,67,3,0,0,3,0,3
Male,Goblet (nasal),CL:0002633,mapped_clid,67,1,3,0,1,3,4
Male,Goblet (nasal),CL:0019031,mapped_clid,67,0,29,0,0,29,29
Male,Goblet (nasal),CL:1000312,mapped_clid,67,1,0,0,1,0,1
Male,Goblet (nasal),CL:4033024,mapped_clid,67,1,0,0,1,0,1
Male,Goblet (nasal),CL:4033048,mapped_clid,67,3,0,0,3,0,3
Male,Goblet (nasal),NA,method_prediction_absent,67,0,11,0,0,11,11
Male,Goblet (subsegmental),CL:0000158,mapped_clid,6,5,0,0,5,0,5
Male,Goblet (subsegmental),CL:0019031,mapped_clid,6,0,6,0,0,6,6
Male,Goblet (subsegmental),CL:4033024,mapped_clid,6,1,0,0,1,0,1
Male,Hematopoietic stem cells,CL:0000037,mapped_clid,16,0,13,0,0,13,13
Male,Hematopoietic stem cells,CL:0000557,mapped_clid,16,0,1,0,0,1,1
Male,Hematopoietic stem cells,CL:0000624,mapped_clid,16,8,0,0,8,0,8
Male,Hematopoietic stem cells,CL:0000625,mapped_clid,16,5,0,0,5,0,5
Male,Hematopoietic stem cells,CL:0000936,mapped_clid,16,0,1,0,0,1,1
Male,Hematopoietic stem cells,CL:0002062,mapped_clid,16,1,0,0,1,0,1
Male,Hematopoietic stem cells,CL:0002399,mapped_clid,16,1,0,0,1,0,1
Male,Hematopoietic stem cells,CL:0002633,mapped_clid,16,1,0,0,1,0,1
Male,Hematopoietic stem cells,NA,method_prediction_absent,16,0,1,0,0,1,1
Male,Hillock-like,CL:0002062,mapped_clid,16,1,0,0,1,0,1
Male,Hillock-like,CL:0002063,mapped_clid,16,0,3,0,0,3,3
Male,Hillock-like,CL:0002633,mapped_clid,16,0,12,0,0,12,12
Male,Hillock-like,CL:4033048,mapped_clid,16,15,0,0,15,0,15
Male,Hillock-like,NA,method_prediction_absent,16,0,1,0,0,1,1
Male,Interstitial Mph perivascular,CL:0000129,mapped_clid,3621,0,1,0,0,1,1
Male,Interstitial Mph perivascular,CL:0000235,mapped_clid,3621,0,1301,0,0,1301,1301
Male,Interstitial Mph perivascular,CL:0000583,mapped_clid,3621,56,9,1,55,8,64
Male,Interstitial Mph perivascular,CL:0000623,mapped_clid,3621,1,0,0,1,0,1
Male,Interstitial Mph perivascular,CL:0000624,mapped_clid,3621,1,0,0,1,0,1
Male,Interstitial Mph perivascular,CL:0000860,mapped_clid,3621,289,0,0,289,0,289
Male,Interstitial Mph perivascular,CL:0000863,mapped_clid,3621,0,348,0,0,348,348
Male,Interstitial Mph perivascular,CL:0000875,mapped_clid,3621,140,0,0,140,0,140
Male,Interstitial Mph perivascular,CL:0001054,mapped_clid,3621,0,218,0,0,218,218
Male,Interstitial Mph perivascular,CL:0001058,mapped_clid,3621,2,0,0,2,0,2
Male,Interstitial Mph perivascular,CL:0002063,mapped_clid,3621,1,0,0,1,0,1
Male,Interstitial Mph perivascular,CL:0002399,mapped_clid,3621,264,1348,138,126,1210,1474
Male,Interstitial Mph perivascular,CL:1000413,mapped_clid,3621,0,2,0,0,2,2
Male,Interstitial Mph perivascular,CL:1001603,mapped_clid,3621,552,0,0,552,0,552
Male,Interstitial Mph perivascular,CL:4028002,mapped_clid,3621,1,0,0,1,0,1
Male,Interstitial Mph perivascular,CL:4033041,mapped_clid,3621,2,0,0,2,0,2
Male,Interstitial Mph perivascular,CL:4033043,mapped_clid,3621,2312,0,0,2312,0,2312
Male,Interstitial Mph perivascular,CL:4033081,mapped_clid,3621,0,1,0,0,1,1
Male,Interstitial Mph perivascular,NA,method_prediction_absent,3621,0,393,0,0,393,393
Male,Ionocyte,CL:0002062,mapped_clid,16,2,0,0,2,0,2
Male,Ionocyte,CL:0002145,mapped_clid,16,1,0,0,1,0,1
Male,Ionocyte,CL:0017000,mapped_clid,16,12,16,12,0,4,16
Male,Ionocyte,CL:4028002,mapped_clid,16,1,0,0,1,0,1
Male,Lymphatic EC differentiating,CL:0000192,mapped_clid,519,1,0,0,1,0,1
Male,Lymphatic EC differentiating,CL:0002138,mapped_clid,519,0,510,0,0,510,510
Male,Lymphatic EC differentiating,CL:0009086,mapped_clid,519,516,0,0,516,0,516
Male,Lymphatic EC differentiating,CL:4028002,mapped_clid,519,1,0,0,1,0,1
Male,Lymphatic EC differentiating,CL:4052030,mapped_clid,519,1,0,0,1,0,1
Male,Lymphatic EC differentiating,NA,method_prediction_absent,519,0,9,0,0,9,9
Male,Lymphatic EC mature,CL:0000057,mapped_clid,2575,0,1,0,0,1,1
Male,Lymphatic EC mature,CL:0000235,mapped_clid,2575,0,1,0,0,1,1
Male,Lymphatic EC mature,CL:0000322,mapped_clid,2575,1,0,0,1,0,1
Male,Lymphatic EC mature,CL:0000576,mapped_clid,2575,0,5,0,0,5,5
Male,Lymphatic EC mature,CL:0000583,mapped_clid,2575,1,5,1,0,4,5
Male,Lymphatic EC mature,CL:0000625,mapped_clid,2575,2,0,0,2,0,2
Male,Lymphatic EC mature,CL:0000837,mapped_clid,2575,0,1,0,0,1,1
Male,Lymphatic EC mature,CL:0000860,mapped_clid,2575,1,0,0,1,0,1
Male,Lymphatic EC mature,CL:0000875,mapped_clid,2575,1,0,0,1,0,1
Male,Lymphatic EC mature,CL:0000939,mapped_clid,2575,0,1,0,0,1,1
Male,Lymphatic EC mature,CL:0001054,mapped_clid,2575,0,2,0,0,2,2
Male,Lymphatic EC mature,CL:0002062,mapped_clid,2575,1,0,0,1,0,1
Male,Lymphatic EC mature,CL:0002138,mapped_clid,2575,0,2452,0,0,2452,2452
Male,Lymphatic EC mature,CL:0002144,mapped_clid,2575,0,2,0,0,2,2
Male,Lymphatic EC mature,CL:0002399,mapped_clid,2575,0,1,0,0,1,1
Male,Lymphatic EC mature,CL:0002543,mapped_clid,2575,0,15,0,0,15,15
Male,Lymphatic EC mature,CL:0009086,mapped_clid,2575,2542,0,0,2542,0,2542
Male,Lymphatic EC mature,CL:0019031,mapped_clid,2575,0,1,0,0,1,1
Male,Lymphatic EC mature,CL:1000413,mapped_clid,2575,0,1,0,0,1,1
Male,Lymphatic EC mature,CL:1001568,mapped_clid,2575,1,0,0,1,0,1
Male,Lymphatic EC mature,CL:4028002,mapped_clid,2575,18,0,0,18,0,18
Male,Lymphatic EC mature,CL:4028003,mapped_clid,2575,2,2,0,2,2,4
Male,Lymphatic EC mature,CL:4033008,mapped_clid,2575,3,0,0,3,0,3
Male,Lymphatic EC mature,CL:4052030,mapped_clid,2575,2,0,0,2,0,2
Male,Lymphatic EC mature,NA,method_prediction_absent,2575,0,85,0,0,85,85
Male,Lymphatic EC proliferating,CL:0000814,mapped_clid,20,0,4,0,0,4,4
Male,Lymphatic EC proliferating,CL:0002138,mapped_clid,20,0,12,0,0,12,12
Male,Lymphatic EC proliferating,CL:0009086,mapped_clid,20,6,0,0,6,0,6
Male,Lymphatic EC proliferating,CL:4033079,mapped_clid,20,14,0,0,14,0,14
Male,Lymphatic EC proliferating,NA,method_prediction_absent,20,0,4,0,0,4,4
Male,Mast cells,CL:0000037,mapped_clid,1510,0,2,0,0,2,2
Male,Mast cells,CL:0000097,mapped_clid,1510,1428,1466,1415,13,51,1479
Male,Mast cells,CL:0000158,mapped_clid,1510,0,1,0,0,1,1
Male,Mast cells,CL:0000235,mapped_clid,1510,0,3,0,0,3,3
Male,Mast cells,CL:0000576,mapped_clid,1510,0,1,0,0,1,1
Male,Mast cells,CL:0000583,mapped_clid,1510,6,6,4,2,2,8
Male,Mast cells,CL:0000623,mapped_clid,1510,2,0,0,2,0,2
Male,Mast cells,CL:0000624,mapped_clid,1510,29,0,0,29,0,29
Male,Mast cells,CL:0000625,mapped_clid,1510,10,0,0,10,0,10
Male,Mast cells,CL:0000860,mapped_clid,1510,8,0,0,8,0,8
Male,Mast cells,CL:0000863,mapped_clid,1510,0,1,0,0,1,1
Male,Mast cells,CL:0000875,mapped_clid,1510,1,0,0,1,0,1
Male,Mast cells,CL:0001054,mapped_clid,1510,0,6,0,0,6,6
Male,Mast cells,CL:0002062,mapped_clid,1510,2,0,0,2,0,2
Male,Mast cells,CL:0002138,mapped_clid,1510,0,1,0,0,1,1
Male,Mast cells,CL:0002145,mapped_clid,1510,2,0,0,2,0,2
Male,Mast cells,CL:0002399,mapped_clid,1510,2,3,1,1,2,4
Male,Mast cells,CL:0009086,mapped_clid,1510,3,0,0,3,0,3
Male,Mast cells,CL:1001603,mapped_clid,1510,4,0,0,4,0,4
Male,Mast cells,CL:4028002,mapped_clid,1510,9,0,0,9,0,9
Male,Mast cells,CL:4033008,mapped_clid,1510,2,0,0,2,0,2
Male,Mast cells,CL:4033043,mapped_clid,1510,2,0,0,2,0,2
Male,Mast cells,NA,method_prediction_absent,1510,0,20,0,0,20,20
Male,Mesothelium,CL:0000057,mapped_clid,221,0,197,0,0,197,197
Male,Mesothelium,CL:0000077,mapped_clid,221,0,2,0,0,2,2
Male,Mesothelium,CL:0000322,mapped_clid,221,1,0,0,1,0,1
Male,Mesothelium,CL:0000583,mapped_clid,221,2,2,1,1,1,3
Male,Mesothelium,CL:0000814,mapped_clid,221,0,1,0,0,1,1
Male,Mesothelium,CL:0002063,mapped_clid,221,2,0,0,2,0,2
Male,Mesothelium,CL:0002633,mapped_clid,221,0,2,0,0,2,2
Male,Mesothelium,CL:1000493,mapped_clid,221,214,0,0,214,0,214
Male,Mesothelium,CL:4052029,mapped_clid,221,1,0,0,1,0,1
Male,Mesothelium,CL:4052030,mapped_clid,221,1,0,0,1,0,1
Male,Mesothelium,NA,method_prediction_absent,221,0,17,0,0,17,17
Male,Migratory DCs,CL:0000451,mapped_clid,132,0,115,0,0,115,115
Male,Migratory DCs,CL:0000624,mapped_clid,132,1,0,0,1,0,1
Male,Migratory DCs,CL:0000875,mapped_clid,132,1,0,0,1,0,1
Male,Migratory DCs,CL:0002394,mapped_clid,132,0,1,0,0,1,1
Male,Migratory DCs,CL:0002399,mapped_clid,132,89,7,4,85,3,92
Male,Migratory DCs,CL:1001603,mapped_clid,132,1,0,0,1,0,1
Male,Migratory DCs,CL:4033045,mapped_clid,132,40,0,0,40,0,40
Male,Migratory DCs,NA,method_prediction_absent,132,0,9,0,0,9,9
Male,Monocyte-derived Mph,CL:0000129,mapped_clid,16109,0,1,0,0,1,1
Male,Monocyte-derived Mph,CL:0000235,mapped_clid,16109,0,351,0,0,351,351
Male,Monocyte-derived Mph,CL:0000576,mapped_clid,16109,0,13,0,0,13,13
Male,Monocyte-derived Mph,CL:0000583,mapped_clid,16109,2449,2671,1191,1258,1480,3929
Male,Monocyte-derived Mph,CL:0000623,mapped_clid,16109,1,0,0,1,0,1
Male,Monocyte-derived Mph,CL:0000624,mapped_clid,16109,13,0,0,13,0,13
Male,Monocyte-derived Mph,CL:0000625,mapped_clid,16109,8,0,0,8,0,8
Male,Monocyte-derived Mph,CL:0000775,mapped_clid,16109,0,1,0,0,1,1
Male,Monocyte-derived Mph,CL:0000786,mapped_clid,16109,1,0,0,1,0,1
Male,Monocyte-derived Mph,CL:0000792,mapped_clid,16109,0,3,0,0,3,3
Male,Monocyte-derived Mph,CL:0000860,mapped_clid,16109,400,0,0,400,0,400
Male,Monocyte-derived Mph,CL:0000863,mapped_clid,16109,0,9466,0,0,9466,9466
Male,Monocyte-derived Mph,CL:0000875,mapped_clid,16109,294,0,0,294,0,294
Male,Monocyte-derived Mph,CL:0000897,mapped_clid,16109,0,1,0,0,1,1
Male,Monocyte-derived Mph,CL:0000909,mapped_clid,16109,0,1,0,0,1,1
Male,Monocyte-derived Mph,CL:0001054,mapped_clid,16109,0,1108,0,0,1108,1108
Male,Monocyte-derived Mph,CL:0002062,mapped_clid,16109,2,0,0,2,0,2
Male,Monocyte-derived Mph,CL:0002063,mapped_clid,16109,1,0,0,1,0,1
Male,Monocyte-derived Mph,CL:0002399,mapped_clid,16109,111,983,77,34,906,1017
Male,Monocyte-derived Mph,CL:0009086,mapped_clid,16109,1,0,0,1,0,1
Male,Monocyte-derived Mph,CL:0011031,mapped_clid,16109,0,2,0,0,2,2
Male,Monocyte-derived Mph,CL:1001603,mapped_clid,16109,12475,0,0,12475,0,12475
Male,Monocyte-derived Mph,CL:4028002,mapped_clid,16109,18,0,0,18,0,18
Male,Monocyte-derived Mph,CL:4033041,mapped_clid,16109,12,0,0,12,0,12
Male,Monocyte-derived Mph,CL:4033043,mapped_clid,16109,319,0,0,319,0,319
Male,Monocyte-derived Mph,CL:4033077,mapped_clid,16109,4,0,0,4,0,4
Male,Monocyte-derived Mph,CL:4033081,mapped_clid,16109,0,55,0,0,55,55
Male,Monocyte-derived Mph,CL:4052021,mapped_clid,16109,0,1,0,0,1,1
Male,Monocyte-derived Mph,NA,method_prediction_absent,16109,0,1452,0,0,1452,1452
Male,Multiciliated (nasal),CL:0002063,mapped_clid,10,0,1,0,0,1,1
Male,Multiciliated (nasal),CL:0002145,mapped_clid,10,9,0,0,9,0,9
Male,Multiciliated (nasal),CL:1000271,mapped_clid,10,0,9,0,0,9,9
Male,Multiciliated (nasal),CL:4033044,mapped_clid,10,1,0,0,1,0,1
Male,Multiciliated (non-nasal),CL:0000037,mapped_clid,5981,0,1,0,0,1,1
Male,Multiciliated (non-nasal),CL:0000066,mapped_clid,5981,0,1,0,0,1,1
Male,Multiciliated (non-nasal),CL:0000158,mapped_clid,5981,35,193,0,35,193,228
Male,Multiciliated (non-nasal),CL:0000322,mapped_clid,5981,51,0,0,51,0,51
Male,Multiciliated (non-nasal),CL:0000576,mapped_clid,5981,0,1,0,0,1,1
Male,Multiciliated (non-nasal),CL:0000583,mapped_clid,5981,4,12,3,1,9,13
Male,Multiciliated (non-nasal),CL:0000623,mapped_clid,5981,2,0,0,2,0,2
Male,Multiciliated (non-nasal),CL:0000625,mapped_clid,5981,2,0,0,2,0,2
Male,Multiciliated (non-nasal),CL:0000792,mapped_clid,5981,0,1,0,0,1,1
Male,Multiciliated (non-nasal),CL:0000860,mapped_clid,5981,1,0,0,1,0,1
Male,Multiciliated (non-nasal),CL:0000863,mapped_clid,5981,0,1,0,0,1,1
Male,Multiciliated (non-nasal),CL:0000897,mapped_clid,5981,0,1,0,0,1,1
Male,Multiciliated (non-nasal),CL:0000909,mapped_clid,5981,0,1,0,0,1,1
Male,Multiciliated (non-nasal),CL:0000939,mapped_clid,5981,0,1,0,0,1,1
Male,Multiciliated (non-nasal),CL:0002062,mapped_clid,5981,13,8,6,7,2,15
Male,Multiciliated (non-nasal),CL:0002063,mapped_clid,5981,76,144,70,6,74,150
Male,Multiciliated (non-nasal),CL:0002138,mapped_clid,5981,0,1,0,0,1,1
Male,Multiciliated (non-nasal),CL:0002145,mapped_clid,5981,5742,0,0,5742,0,5742
Male,Multiciliated (non-nasal),CL:0002633,mapped_clid,5981,0,5,0,0,5,5
Male,Multiciliated (non-nasal),CL:0005012,mapped_clid,5981,47,0,0,47,0,47
Male,Multiciliated (non-nasal),CL:0009086,mapped_clid,5981,1,0,0,1,0,1
Male,Multiciliated (non-nasal),CL:0019031,mapped_clid,5981,0,77,0,0,77,77
Male,Multiciliated (non-nasal),CL:1000223,mapped_clid,5981,0,1,0,0,1,1
Male,Multiciliated (non-nasal),CL:1000271,mapped_clid,5981,0,5232,0,0,5232,5232
Male,Multiciliated (non-nasal),CL:1001603,mapped_clid,5981,2,0,0,2,0,2
Male,Multiciliated (non-nasal),CL:4033024,mapped_clid,5981,1,0,0,1,0,1
Male,Multiciliated (non-nasal),CL:4033044,mapped_clid,5981,1,0,0,1,0,1
Male,Multiciliated (non-nasal),CL:4033048,mapped_clid,5981,1,0,0,1,0,1
Male,Multiciliated (non-nasal),CL:4033080,mapped_clid,5981,1,0,0,1,0,1
Male,Multiciliated (non-nasal),CL:4052030,mapped_clid,5981,1,0,0,1,0,1
Male,Multiciliated (non-nasal),NA,method_prediction_absent,5981,0,300,0,0,300,300
Male,Myofibroblasts,CL:0000057,mapped_clid,320,0,17,0,0,17,17
Male,Myofibroblasts,CL:0000186,mapped_clid,320,228,290,220,8,70,298
Male,Myofibroblasts,CL:0000192,mapped_clid,320,23,0,0,23,0,23
Male,Myofibroblasts,CL:0000359,mapped_clid,320,0,1,0,0,1,1
Male,Myofibroblasts,CL:0002357,mapped_clid,320,0,2,0,0,2,2
Male,Myofibroblasts,CL:0002553,mapped_clid,320,3,0,0,3,0,3
Male,Myofibroblasts,CL:0009089,mapped_clid,320,1,0,0,1,0,1
Male,Myofibroblasts,CL:1000493,mapped_clid,320,1,0,0,1,0,1
Male,Myofibroblasts,CL:4028004,mapped_clid,320,41,0,0,41,0,41
Male,Myofibroblasts,CL:4033008,mapped_clid,320,1,0,0,1,0,1
Male,Myofibroblasts,CL:4052030,mapped_clid,320,22,0,0,22,0,22
Male,Myofibroblasts,NA,method_prediction_absent,320,0,10,0,0,10,10
Male,Neuroendocrine,CL:0017000,mapped_clid,6,3,0,0,3,0,3
Male,Neuroendocrine,CL:1000223,mapped_clid,6,3,6,3,0,3,6
Male,NK cells,CL:0000576,mapped_clid,4663,0,3,0,0,3,3
Male,NK cells,CL:0000583,mapped_clid,4663,1,1,0,1,1,2
Male,NK cells,CL:0000623,mapped_clid,4663,3482,0,0,3482,0,3482
Male,NK cells,CL:0000625,mapped_clid,4663,1161,0,0,1161,0,1161
Male,NK cells,CL:0000798,mapped_clid,4663,0,3,0,0,3,3
Male,NK cells,CL:0000814,mapped_clid,4663,0,179,0,0,179,179
Male,NK cells,CL:0000863,mapped_clid,4663,0,2,0,0,2,2
Male,NK cells,CL:0000875,mapped_clid,4663,5,0,0,5,0,5
Male,NK cells,CL:0000909,mapped_clid,4663,0,153,0,0,153,153
Male,NK cells,CL:0000938,mapped_clid,4663,0,164,0,0,164,164
Male,NK cells,CL:0000939,mapped_clid,4663,0,3985,0,0,3985,3985
Male,NK cells,CL:0001054,mapped_clid,4663,0,1,0,0,1,1
Male,NK cells,CL:1001603,mapped_clid,4663,1,0,0,1,0,1
Male,NK cells,CL:4028002,mapped_clid,4663,2,0,0,2,0,2
Male,NK cells,CL:4028003,mapped_clid,4663,0,1,0,0,1,1
Male,NK cells,CL:4033008,mapped_clid,4663,1,0,0,1,0,1
Male,NK cells,CL:4033069,mapped_clid,4663,10,0,0,10,0,10
Male,NK cells,CL:4052021,mapped_clid,4663,0,14,0,0,14,14
Male,NK cells,NA,method_prediction_absent,4663,0,157,0,0,157,157
Male,Non-classical monocytes,CL:0000129,mapped_clid,5838,0,12,0,0,12,12
Male,Non-classical monocytes,CL:0000158,mapped_clid,5838,1,0,0,1,0,1
Male,Non-classical monocytes,CL:0000235,mapped_clid,5838,0,147,0,0,147,147
Male,Non-classical monocytes,CL:0000322,mapped_clid,5838,3,0,0,3,0,3
Male,Non-classical monocytes,CL:0000576,mapped_clid,5838,0,2925,0,0,2925,2925
Male,Non-classical monocytes,CL:0000583,mapped_clid,5838,463,349,243,220,106,569
Male,Non-classical monocytes,CL:0000624,mapped_clid,5838,2,0,0,2,0,2
Male,Non-classical monocytes,CL:0000625,mapped_clid,5838,21,0,0,21,0,21
Male,Non-classical monocytes,CL:0000775,mapped_clid,5838,0,20,0,0,20,20
Male,Non-classical monocytes,CL:0000860,mapped_clid,5838,548,0,0,548,0,548
Male,Non-classical monocytes,CL:0000863,mapped_clid,5838,0,257,0,0,257,257
Male,Non-classical monocytes,CL:0000875,mapped_clid,5838,4373,0,0,4373,0,4373
Male,Non-classical monocytes,CL:0000909,mapped_clid,5838,0,3,0,0,3,3
Male,Non-classical monocytes,CL:0000939,mapped_clid,5838,0,1,0,0,1,1
Male,Non-classical monocytes,CL:0001054,mapped_clid,5838,0,1312,0,0,1312,1312
Male,Non-classical monocytes,CL:0002062,mapped_clid,5838,2,0,0,2,0,2
Male,Non-classical monocytes,CL:0002145,mapped_clid,5838,1,0,0,1,0,1
Male,Non-classical monocytes,CL:0002394,mapped_clid,5838,0,1,0,0,1,1
Male,Non-classical monocytes,CL:0002399,mapped_clid,5838,20,112,8,12,104,124
Male,Non-classical monocytes,CL:0009086,mapped_clid,5838,1,0,0,1,0,1
Male,Non-classical monocytes,CL:1001603,mapped_clid,5838,267,0,0,267,0,267
Male,Non-classical monocytes,CL:4028002,mapped_clid,5838,5,0,0,5,0,5
Male,Non-classical monocytes,CL:4028003,mapped_clid,5838,1,0,0,1,0,1
Male,Non-classical monocytes,CL:4028004,mapped_clid,5838,1,0,0,1,0,1
Male,Non-classical monocytes,CL:4033008,mapped_clid,5838,1,0,0,1,0,1
Male,Non-classical monocytes,CL:4033041,mapped_clid,5838,1,0,0,1,0,1
Male,Non-classical monocytes,CL:4033043,mapped_clid,5838,124,0,0,124,0,124
Male,Non-classical monocytes,CL:4033077,mapped_clid,5838,3,0,0,3,0,3
Male,Non-classical monocytes,CL:4033081,mapped_clid,5838,0,1,0,0,1,1
Male,Non-classical monocytes,NA,method_prediction_absent,5838,0,698,0,0,698,698
Male,Peribronchial fibroblasts,CL:0000050,mapped_clid,208,0,1,0,0,1,1
Male,Peribronchial fibroblasts,CL:0000057,mapped_clid,208,0,162,0,0,162,162
Male,Peribronchial fibroblasts,CL:0000186,mapped_clid,208,4,18,1,3,17,21
Male,Peribronchial fibroblasts,CL:0000669,mapped_clid,208,0,1,0,0,1,1
Male,Peribronchial fibroblasts,CL:0002553,mapped_clid,208,57,0,0,57,0,57
Male,Peribronchial fibroblasts,CL:4028002,mapped_clid,208,1,0,0,1,0,1
Male,Peribronchial fibroblasts,CL:4028004,mapped_clid,208,58,0,0,58,0,58
Male,Peribronchial fibroblasts,CL:4052030,mapped_clid,208,88,0,0,88,0,88
Male,Peribronchial fibroblasts,NA,method_prediction_absent,208,0,26,0,0,26,26
Male,Pericytes,CL:0000057,mapped_clid,1823,0,1,0,0,1,1
Male,Pericytes,CL:0000186,mapped_clid,1823,1,1,0,1,1,2
Male,Pericytes,CL:0000192,mapped_clid,1823,12,0,0,12,0,12
Male,Pericytes,CL:0000359,mapped_clid,1823,0,15,0,0,15,15
Male,Pericytes,CL:0000625,mapped_clid,1823,1,0,0,1,0,1
Male,Pericytes,CL:0000669,mapped_clid,1823,0,1803,0,0,1803,1803
Male,Pericytes,CL:0002063,mapped_clid,1823,1,0,0,1,0,1
Male,Pericytes,CL:0009089,mapped_clid,1823,1803,0,0,1803,0,1803
Male,Pericytes,CL:4028003,mapped_clid,1823,1,0,0,1,0,1
Male,Pericytes,CL:4028004,mapped_clid,1823,2,0,0,2,0,2
Male,Pericytes,CL:4033008,mapped_clid,1823,1,0,0,1,0,1
Male,Pericytes,CL:4052030,mapped_clid,1823,1,0,0,1,0,1
Male,Pericytes,NA,method_prediction_absent,1823,0,3,0,0,3,3
Male,Plasma cells,CL:0000057,mapped_clid,475,0,1,0,0,1,1
Male,Plasma cells,CL:0000158,mapped_clid,475,1,0,0,1,0,1
Male,Plasma cells,CL:0000236,mapped_clid,475,50,0,0,50,0,50
Male,Plasma cells,CL:0000583,mapped_clid,475,0,11,0,0,11,11
Male,Plasma cells,CL:0000624,mapped_clid,475,1,0,0,1,0,1
Male,Plasma cells,CL:0000625,mapped_clid,475,2,0,0,2,0,2
Male,Plasma cells,CL:0000786,mapped_clid,475,407,445,389,18,56,463
Male,Plasma cells,CL:0000788,mapped_clid,475,0,1,0,0,1,1
Male,Plasma cells,CL:0000863,mapped_clid,475,0,1,0,0,1,1
Male,Plasma cells,CL:0001058,mapped_clid,475,10,0,0,10,0,10
Male,Plasma cells,CL:0002145,mapped_clid,475,1,0,0,1,0,1
Male,Plasma cells,CL:0002543,mapped_clid,475,0,1,0,0,1,1
Male,Plasma cells,CL:4028004,mapped_clid,475,1,0,0,1,0,1
Male,Plasma cells,CL:4033008,mapped_clid,475,1,0,0,1,0,1
Male,Plasma cells,CL:4033041,mapped_clid,475,1,0,0,1,0,1
Male,Plasma cells,NA,method_prediction_absent,475,0,15,0,0,15,15
Male,Plasmacytoid DCs,CL:0000236,mapped_clid,106,2,0,0,2,0,2
Male,Plasmacytoid DCs,CL:0000784,mapped_clid,106,0,80,0,0,80,80
Male,Plasmacytoid DCs,CL:0000786,mapped_clid,106,0,7,0,0,7,7
Male,Plasmacytoid DCs,CL:0000875,mapped_clid,106,1,0,0,1,0,1
Male,Plasmacytoid DCs,CL:0001058,mapped_clid,106,100,0,0,100,0,100
Male,Plasmacytoid DCs,CL:0002399,mapped_clid,106,3,3,2,1,1,4
Male,Plasmacytoid DCs,NA,method_prediction_absent,106,0,16,0,0,16,16
Male,pre-TB secretory,CL:0000057,mapped_clid,2520,0,1,0,0,1,1
Male,pre-TB secretory,CL:0000158,mapped_clid,2520,893,636,1,892,635,1528
Male,pre-TB secretory,CL:0000322,mapped_clid,2520,1551,0,0,1551,0,1551
Male,pre-TB secretory,CL:0000576,mapped_clid,2520,0,2,0,0,2,2
Male,pre-TB secretory,CL:0002062,mapped_clid,2520,14,2,0,14,2,16
Male,pre-TB secretory,CL:0002063,mapped_clid,2520,9,33,2,7,31,40
Male,pre-TB secretory,CL:0002145,mapped_clid,2520,6,0,0,6,0,6
Male,pre-TB secretory,CL:0002480,mapped_clid,2520,1,0,0,1,0,1
Male,pre-TB secretory,CL:0002633,mapped_clid,2520,4,7,1,3,6,10
Male,pre-TB secretory,CL:0019031,mapped_clid,2520,0,1687,0,0,1687,1687
Male,pre-TB secretory,CL:1000312,mapped_clid,2520,1,0,0,1,0,1
Male,pre-TB secretory,CL:4033024,mapped_clid,2520,25,0,0,25,0,25
Male,pre-TB secretory,CL:4033048,mapped_clid,2520,16,0,0,16,0,16
Male,pre-TB secretory,NA,method_prediction_absent,2520,0,152,0,0,152,152
Male,SM activated stress response,CL:0000186,mapped_clid,350,0,2,0,0,2,2
Male,SM activated stress response,CL:0000192,mapped_clid,350,343,0,0,343,0,343
Male,SM activated stress response,CL:0000359,mapped_clid,350,0,324,0,0,324,324
Male,SM activated stress response,CL:0000669,mapped_clid,350,0,16,0,0,16,16
Male,SM activated stress response,CL:0009089,mapped_clid,350,6,0,0,6,0,6
Male,SM activated stress response,CL:4028004,mapped_clid,350,1,0,0,1,0,1
Male,SM activated stress response,NA,method_prediction_absent,350,0,8,0,0,8,8
Male,SMG duct,CL:0019031,mapped_clid,2,0,2,0,0,2,2
Male,SMG duct,CL:4033024,mapped_clid,2,2,0,0,2,0,2
Male,SMG mucous,CL:0000158,mapped_clid,1,1,0,0,1,0,1
Male,SMG mucous,CL:0019031,mapped_clid,1,0,1,0,0,1,1
Male,Smooth muscle,CL:0000057,mapped_clid,1071,0,1,0,0,1,1
Male,Smooth muscle,CL:0000186,mapped_clid,1071,11,14,3,8,11,22
Male,Smooth muscle,CL:0000192,mapped_clid,1071,992,0,0,992,0,992
Male,Smooth muscle,CL:0000233,mapped_clid,1071,0,6,0,0,6,6
Male,Smooth muscle,CL:0000236,mapped_clid,1071,1,0,0,1,0,1
Male,Smooth muscle,CL:0000359,mapped_clid,1071,0,924,0,0,924,924
Male,Smooth muscle,CL:0000583,mapped_clid,1071,0,6,0,0,6,6
Male,Smooth muscle,CL:0000625,mapped_clid,1071,1,0,0,1,0,1
Male,Smooth muscle,CL:0000669,mapped_clid,1071,0,47,0,0,47,47
Male,Smooth muscle,CL:0000788,mapped_clid,1071,0,1,0,0,1,1
Male,Smooth muscle,CL:0000814,mapped_clid,1071,0,1,0,0,1,1
Male,Smooth muscle,CL:0000860,mapped_clid,1071,2,0,0,2,0,2
Male,Smooth muscle,CL:0000863,mapped_clid,1071,0,1,0,0,1,1
Male,Smooth muscle,CL:0001054,mapped_clid,1071,0,2,0,0,2,2
Male,Smooth muscle,CL:0002062,mapped_clid,1071,1,0,0,1,0,1
Male,Smooth muscle,CL:0002144,mapped_clid,1071,0,1,0,0,1,1
Male,Smooth muscle,CL:0002357,mapped_clid,1071,0,1,0,0,1,1
Male,Smooth muscle,CL:0002399,mapped_clid,1071,1,0,0,1,0,1
Male,Smooth muscle,CL:0002543,mapped_clid,1071,0,4,0,0,4,4
Male,Smooth muscle,CL:0009086,mapped_clid,1071,1,0,0,1,0,1
Male,Smooth muscle,CL:0009089,mapped_clid,1071,40,0,0,40,0,40
Male,Smooth muscle,CL:1000413,mapped_clid,1071,0,3,0,0,3,3
Male,Smooth muscle,CL:4028002,mapped_clid,1071,9,0,0,9,0,9
Male,Smooth muscle,CL:4028003,mapped_clid,1071,1,1,0,1,1,2
Male,Smooth muscle,CL:4028004,mapped_clid,1071,1,0,0,1,0,1
Male,Smooth muscle,CL:4033008,mapped_clid,1071,4,0,0,4,0,4
Male,Smooth muscle,CL:4033043,mapped_clid,1071,1,0,0,1,0,1
Male,Smooth muscle,CL:4052030,mapped_clid,1071,5,0,0,5,0,5
Male,Smooth muscle,NA,method_prediction_absent,1071,0,58,0,0,58,58
Male,Smooth muscle FAM83D+,CL:0000186,mapped_clid,20,0,8,0,0,8,8
Male,Smooth muscle FAM83D+,CL:0000192,mapped_clid,20,20,0,0,20,0,20
Male,Smooth muscle FAM83D+,CL:0000359,mapped_clid,20,0,10,0,0,10,10
Male,Smooth muscle FAM83D+,NA,method_prediction_absent,20,0,2,0,0,2,2
Male,Subpleural fibroblasts,CL:0000057,mapped_clid,180,0,152,0,0,152,152
Male,Subpleural fibroblasts,CL:0000192,mapped_clid,180,1,0,0,1,0,1
Male,Subpleural fibroblasts,CL:0000583,mapped_clid,180,0,1,0,0,1,1
Male,Subpleural fibroblasts,CL:0019031,mapped_clid,180,0,1,0,0,1,1
Male,Subpleural fibroblasts,CL:1000493,mapped_clid,180,11,0,0,11,0,11
Male,Subpleural fibroblasts,CL:4028004,mapped_clid,180,1,0,0,1,0,1
Male,Subpleural fibroblasts,CL:4052029,mapped_clid,180,147,0,0,147,0,147
Male,Subpleural fibroblasts,CL:4052030,mapped_clid,180,20,0,0,20,0,20
Male,Subpleural fibroblasts,NA,method_prediction_absent,180,0,26,0,0,26,26
Male,Suprabasal,CL:0000158,mapped_clid,290,61,9,1,60,8,69
Male,Suprabasal,CL:0000236,mapped_clid,290,1,0,0,1,0,1
Male,Suprabasal,CL:0000322,mapped_clid,290,6,0,0,6,0,6
Male,Suprabasal,CL:0000583,mapped_clid,290,0,3,0,0,3,3
Male,Suprabasal,CL:0000624,mapped_clid,290,2,0,0,2,0,2
Male,Suprabasal,CL:0000625,mapped_clid,290,3,0,0,3,0,3
Male,Suprabasal,CL:0000646,mapped_clid,290,0,5,0,0,5,5
Male,Suprabasal,CL:0000765,mapped_clid,290,0,1,0,0,1,1
Male,Suprabasal,CL:0000814,mapped_clid,290,0,2,0,0,2,2
Male,Suprabasal,CL:0002062,mapped_clid,290,5,0,0,5,0,5
Male,Suprabasal,CL:0002063,mapped_clid,290,5,12,4,1,8,13
Male,Suprabasal,CL:0002399,mapped_clid,290,1,0,0,1,0,1
Male,Suprabasal,CL:0002543,mapped_clid,290,0,1,0,0,1,1
Male,Suprabasal,CL:0002633,mapped_clid,290,138,174,118,20,56,194
Male,Suprabasal,CL:0019031,mapped_clid,290,0,53,0,0,53,53
Male,Suprabasal,CL:4033008,mapped_clid,290,1,0,0,1,0,1
Male,Suprabasal,CL:4033024,mapped_clid,290,2,0,0,2,0,2
Male,Suprabasal,CL:4033048,mapped_clid,290,64,0,0,64,0,64
Male,Suprabasal,CL:4033069,mapped_clid,290,1,0,0,1,0,1
Male,Suprabasal,NA,method_prediction_absent,290,0,30,0,0,30,30
Male,T cells proliferating,CL:0000623,mapped_clid,95,7,0,0,7,0,7
Male,T cells proliferating,CL:0000624,mapped_clid,95,11,0,0,11,0,11
Male,T cells proliferating,CL:0000625,mapped_clid,95,8,0,0,8,0,8
Male,T cells proliferating,CL:0000792,mapped_clid,95,0,1,0,0,1,1
Male,T cells proliferating,CL:0000814,mapped_clid,95,0,87,0,0,87,87
Male,T cells proliferating,CL:4033069,mapped_clid,95,69,0,0,69,0,69
Male,T cells proliferating,NA,method_prediction_absent,95,0,7,0,0,7,7
Male,Tuft,CL:0000158,mapped_clid,2,0,1,0,0,1,1
Male,Tuft,CL:0002062,mapped_clid,2,1,0,0,1,0,1
Male,Tuft,CL:0002075,mapped_clid,2,1,0,0,1,0,1
Male,Tuft,NA,method_prediction_absent,2,0,1,0,0,1,1