1,AS/1,AS/1/ID,AS/1/LABEL,AS/2,AS/2/ID,AS/2/LABEL,AS/3,AS/3/ID,AS/3/LABEL,AS/4,AS/4/ID,AS/4/LABEL,AS/5,AS/5/ID,AS/5/LABEL,AS/6,AS/6/ID,AS/6/LABEL,AS/7,AS/7/ID,AS/7/LABEL,AS/8,AS/8/ID,AS/8/LABEL,AS/9,AS/9/ID,AS/9/LABEL,AS/10,AS/10/ID,AS/10/LABEL,AS/11,AS/11/ID,AS/11/LABEL,AS/12,AS/12/ID,AS/12/LABEL,CT/1 - Sources,BGene/1,NV notes
2,cell,CL:0000000,cell,endothelial cell,CL:0000115,endothelial cell,endothelial cell of vascular tree,CL:0002139,endothelial cell of vascular tree,blood vessel endothelial cell,CL:0000071,blood vessel endothelial cell,,,,,,,,,,,,,,,,,,,,,,,,,azimuth,sc_transcriptomics,
3,cell,CL:0000000,cell,hematopoietic cell,CL:0000988,hematopoietic cell,leukocyte,CL:0000738,leukocyte,myeloid leukocyte,CL:0000766,myeloid leukocyte,granulocyte,CL:0000094,granulocyte,,,,,,,,,,,,,,,,,,,,,,azimuth,sc_transcriptomics,
4,cell,CL:0000000,cell,precursor cell,CL:0011115,precursor cell,progenitor cell,CL:0011026,progenitor cell,club cell,CL:0000158,club cell,,,,,,,,,,,,,,,,,,,,,,,,,azimuth,sc_transcriptomics,
5,cell,CL:0000000,cell,precursor cell,CL:0011115,precursor cell,stem cell,CL:0000034,stem cell,somatic stem cell,CL:0000723,somatic stem cell,epithelial fate stem cell,CL:0000036,epithelial fate stem cell,basal cell,CL:0000646,basal cell,,,,,,,,,,,,,,,,,,,azimuth,sc_transcriptomics,
6,cell,CL:0000000,cell,hematopoietic cell,CL:0000988,hematopoietic cell,leukocyte,CL:0000738,leukocyte,mononuclear leukocyte,CL:0000842,mononuclear leukocyte,lymphocyte,CL:0000542,lymphocyte,T cell,CL:0000084,T cell,gamma-delta T cell,CL:0000798,gamma-delta T cell,,,,,,,,,,,,,,,,azimuth,sc_transcriptomics,
7,cell,CL:0000000,cell,hematopoietic cell,CL:0000988,hematopoietic cell,leukocyte,CL:0000738,leukocyte,mononuclear leukocyte,CL:0000842,mononuclear leukocyte,lymphocyte,CL:0000542,lymphocyte,lymphocyte of B lineage,CL:0000945,lymphocyte of B lineage,B cell,CL:0000236,B cell,"B cell, CD19-positive",CL:0001201,"B cell, CD19-positive",mature B cell,CL:0000785,mature B cell,germinal center B cell,CL:0000844,germinal center B cell,,,,,,,azimuth,sc_transcriptomics,
8,cell,CL:0000000,cell,hematopoietic cell,CL:0000988,hematopoietic cell,leukocyte,CL:0000738,leukocyte,myeloid leukocyte,CL:0000766,myeloid leukocyte,macrophage,CL:0000235,macrophage,elicited macrophage,CL:0000861,elicited macrophage,M1 macrophage,CL:0000863,M1 macrophage,,,,,,,,,,,,,,,,azimuth,sc_transcriptomics,
9,cell,CL:0000000,cell,epithelial cell,CL:0000066,epithelial cell,endo-epithelial cell,CL:0002076,endo-epithelial cell,respiratory tract epithelial cell,CL:0002368,respiratory tract epithelial cell,epithelial cell of lower respiratory tract,CL:0002632,epithelial cell of lower respiratory tract,epithelial cell of lung,CL:0000082,epithelial cell of lung,pulmonary alveolar epithelial cell,CL:0000322,pulmonary alveolar epithelial cell,pulmonary alveolar type 1 cell,CL:0002062,pulmonary alveolar type 1 cell,,,,,,,,,,,,,azimuth,sc_transcriptomics,
10,cell,CL:0000000,cell,epithelial cell,CL:0000066,epithelial cell,duct epithelial cell,CL:0000068,duct epithelial cell,branched duct epithelial cell,CL:0000069,branched duct epithelial cell,pancreatic ductal cell,CL:0002079,pancreatic ductal cell,,,,,,,,,,,,,,,,,,,,,,azimuth,sc_transcriptomics,
11,cell,CL:0000000,cell,hematopoietic cell,CL:0000988,hematopoietic cell,leukocyte,CL:0000738,leukocyte,mononuclear leukocyte,CL:0000842,mononuclear leukocyte,mononuclear phagocyte,CL:0000113,mononuclear phagocyte,dendritic cell,CL:0000451,dendritic cell,conventional dendritic cell,CL:0000990,conventional dendritic cell,myeloid dendritic cell,CL:0000782,myeloid dendritic cell,CD1c-positive myeloid dendritic cell,CL:0002399,CD1c-positive myeloid dendritic cell,,,,,,,,,,azimuth,sc_transcriptomics,
12,cell,CL:0000000,cell,epithelial cell,CL:0000066,epithelial cell,ionocyte,CL:0005006,ionocyte,,,,,,,,,,,,,,,,,,,,,,,,,,,,azimuth,sc_transcriptomics,
13,cell,CL:0000000,cell,epithelial cell,CL:0000066,epithelial cell,kidney epithelial cell,CL:0002518,kidney epithelial cell,epithelial cell of nephron,CL:1000449,epithelial cell of nephron,nephron tubule epithelial cell,CL:1000494,nephron tubule epithelial cell,epithelial cell of distal tubule,CL:0002305,epithelial cell of distal tubule,kidney loop of Henle ascending limb epithelial cell,CL:1001016,kidney loop of Henle ascending limb epithelial cell,kidney loop of Henle thick ascending limb epithelial cell,CL:1001106,kidney loop of Henle thick ascending limb epithelial cell,,,,,,,,,,,,,azimuth,sc_transcriptomics,
14,cell,CL:0000000,cell,neural cell,CL:0002319,neural cell,neuron,CL:0000540,neuron,central nervous system neuron,CL:2000029,central nervous system neuron,neuron of the forebrain,CL:0012001,neuron of the forebrain,cerebral cortex neuron,CL:0010012,cerebral cortex neuron,intratelencephalic-projecting glutamatergic cortical neuron,CL:4023008,intratelencephalic-projecting glutamatergic cortical neuron,L2/3-6 intratelencephalic projecting glutamatergic neuron,CL:4023040,L2/3-6 intratelencephalic projecting glutamatergic neuron,L6 intratelencephalic projecting glutamatergic neuron,CL:4030065,L6 intratelencephalic projecting glutamatergic neuron,L6 intratelencephalic projecting Car3 glutamatergic neuron,CL:4030068,L6 intratelencephalic projecting Car3 glutamatergic neuron,,,,,,,azimuth,sc_transcriptomics,
15,cell,CL:0000000,cell,hematopoietic cell,CL:0000988,hematopoietic cell,leukocyte,CL:0000738,leukocyte,mononuclear leukocyte,CL:0000842,mononuclear leukocyte,lymphocyte,CL:0000542,lymphocyte,T cell,CL:0000084,T cell,cycling T cell,CL:4033069,cycling T cell,"cycling CD8-positive, alpha-beta T cell",CL:4033074,"cycling CD8-positive, alpha-beta T cell",,,,,,,,,,,,,azimuth,sc_transcriptomics,
16,cell,CL:0000000,cell,neural cell,CL:0002319,neural cell,neuron,CL:0000540,neuron,,,,,,,,,,,,,,,,,,,,,,,,,,,,azimuth,sc_transcriptomics,
17,cell,CL:0000000,cell,hematopoietic cell,CL:0000988,hematopoietic cell,hematopoietic precursor cell,CL:0008001,hematopoietic precursor cell,hematopoietic oligopotent progenitor cell,CL:0002032,hematopoietic oligopotent progenitor cell,"hematopoietic oligopotent progenitor cell, lineage-negative",CL:0001060,"hematopoietic oligopotent progenitor cell, lineage-negative",CD7-negative lymphoid progenitor OR granulocyte monocyte progenitor,CL:0001012,CD7-negative lymphoid progenitor OR granulocyte monocyte progenitor,granulocyte monocyte progenitor cell,CL:0000557,granulocyte monocyte progenitor cell,,,,,,,,,,,,,,,,azimuth,sc_transcriptomics,
18,cell,CL:0000000,cell,connective tissue cell,CL:0002320,connective tissue cell,pericyte,CL:0000669,pericyte,renal interstitial pericyte,CL:1001318,renal interstitial pericyte,mesangial cell,CL:0000650,mesangial cell,,,,,,,,,,,,,,,,,,,,,,azimuth,sc_transcriptomics,
19,cell,CL:0000000,cell,hematopoietic cell,CL:0000988,hematopoietic cell,leukocyte,CL:0000738,leukocyte,mononuclear leukocyte,CL:0000842,mononuclear leukocyte,lymphocyte,CL:0000542,lymphocyte,T cell,CL:0000084,T cell,mature T cell,CL:0002419,mature T cell,mature alpha-beta T cell,CL:0000791,mature alpha-beta T cell,"CD4-positive, alpha-beta T cell",CL:0000624,"CD4-positive, alpha-beta T cell","CD4-positive, alpha-beta memory T cell",CL:0000897,"CD4-positive, alpha-beta memory T cell",,,,,,,azimuth,sc_transcriptomics,
20,cell,CL:0000000,cell,hematopoietic cell,CL:0000988,hematopoietic cell,leukocyte,CL:0000738,leukocyte,mononuclear leukocyte,CL:0000842,mononuclear leukocyte,lymphocyte,CL:0000542,lymphocyte,T cell,CL:0000084,T cell,mature T cell,CL:0002419,mature T cell,mature alpha-beta T cell,CL:0000791,mature alpha-beta T cell,"CD8-positive, alpha-beta T cell",CL:0000625,"CD8-positive, alpha-beta T cell","CD8-positive, alpha-beta memory T cell",CL:0000909,"CD8-positive, alpha-beta memory T cell","CD8-positive, alpha-beta memory T cell, CD45RO-positive",CL:0001203,"CD8-positive, alpha-beta memory T cell, CD45RO-positive","effector memory CD8-positive, alpha-beta T cell",CL:0000913,"effector memory CD8-positive, alpha-beta T cell",azimuth,sc_transcriptomics,
21,cell,CL:0000000,cell,hematopoietic cell,CL:0000988,hematopoietic cell,leukocyte,CL:0000738,leukocyte,mononuclear leukocyte,CL:0000842,mononuclear leukocyte,lymphocyte,CL:0000542,lymphocyte,lymphocyte of B lineage,CL:0000945,lymphocyte of B lineage,B cell,CL:0000236,B cell,"B cell, CD19-positive",CL:0001201,"B cell, CD19-positive",mature B cell,CL:0000785,mature B cell,memory B cell,CL:0000787,memory B cell,unswitched memory B cell,CL:0000970,unswitched memory B cell,,,,azimuth,sc_transcriptomics,
22,cell,CL:0000000,cell,muscle cell,CL:0000187,muscle cell,striated muscle cell,CL:0000737,striated muscle cell,cardiac muscle cell,CL:0000746,cardiac muscle cell,regular cardiac myocyte,CL:0002098,regular cardiac myocyte,regular ventricular cardiac myocyte,CL:0002131,regular ventricular cardiac myocyte,,,,,,,,,,,,,,,,,,,azimuth,sc_transcriptomics,
23,cell,CL:0000000,cell,epithelial cell,CL:0000066,epithelial cell,endo-epithelial cell,CL:0002076,endo-epithelial cell,respiratory tract epithelial cell,CL:0002368,respiratory tract epithelial cell,respiratory tract secretory epithelial cell,CL:0008055,respiratory tract secretory epithelial cell,respiratory tract goblet cell,CL:0002370,respiratory tract goblet cell,nasal mucosa goblet cell,CL:0002480,nasal mucosa goblet cell,,,,,,,,,,,,,,,,azimuth,sc_transcriptomics,
24,cell,CL:0000000,cell,connective tissue cell,CL:0002320,connective tissue cell,stromal cell,CL:0000499,stromal cell,fibroblast,CL:0000057,fibroblast,reticular cell,CL:0000432,reticular cell,fibroblastic reticular cell,CL:0009101,fibroblastic reticular cell,,,,,,,,,,,,,,,,,,,azimuth,sc_transcriptomics,
25,cell,CL:0000000,cell,hematopoietic cell,CL:0000988,hematopoietic cell,leukocyte,CL:0000738,leukocyte,mononuclear leukocyte,CL:0000842,mononuclear leukocyte,lymphocyte,CL:0000542,lymphocyte,lymphocyte of B lineage,CL:0000945,lymphocyte of B lineage,B cell,CL:0000236,B cell,"B cell, CD19-positive",CL:0001201,"B cell, CD19-positive",mature B cell,CL:0000785,mature B cell,germinal center B cell,CL:0000844,germinal center B cell,centrocyte,CL:0009111,centrocyte,,,,azimuth,sc_transcriptomics,
26,cell,CL:0000000,cell,epithelial cell,CL:0000066,epithelial cell,kidney epithelial cell,CL:0002518,kidney epithelial cell,renal cortical epithelial cell,CL:0002584,renal cortical epithelial cell,kidney corpuscule cell,CL:1000612,kidney corpuscule cell,glomerular cell,CL:1000746,glomerular cell,kidney glomerular epithelial cell,CL:1000510,kidney glomerular epithelial cell,epithelial cell of glomerular capsule,CL:1000450,epithelial cell of glomerular capsule,parietal epithelial cell,CL:1000452,parietal epithelial cell,,,,,,,,,,azimuth,sc_transcriptomics,
27,cell,CL:0000000,cell,epithelial cell,CL:0000066,epithelial cell,kidney epithelial cell,CL:0002518,kidney epithelial cell,renal cortical epithelial cell,CL:0002584,renal cortical epithelial cell,kidney cortex tubule cell,CL:1000615,kidney cortex tubule cell,kidney connecting tubule epithelial cell,CL:1000768,kidney connecting tubule epithelial cell,,,,,,,,,,,,,,,,,,,azimuth,sc_transcriptomics,
28,cell,CL:0000000,cell,epithelial cell,CL:0000066,epithelial cell,kidney epithelial cell,CL:0002518,kidney epithelial cell,epithelial cell of nephron,CL:1000449,epithelial cell of nephron,nephron tubule epithelial cell,CL:1000494,nephron tubule epithelial cell,epithelial cell of distal tubule,CL:0002305,epithelial cell of distal tubule,macula densa epithelial cell,CL:1000850,macula densa epithelial cell,,,,,,,,,,,,,,,,azimuth,sc_transcriptomics,
29,cell,CL:0000000,cell,epithelial cell,CL:0000066,epithelial cell,kidney epithelial cell,CL:0002518,kidney epithelial cell,epithelial cell of nephron,CL:1000449,epithelial cell of nephron,nephron tubule epithelial cell,CL:1000494,nephron tubule epithelial cell,epithelial cell of proximal tubule,CL:0002306,epithelial cell of proximal tubule,brush border cell of the proximal tubule,CL:0002307,brush border cell of the proximal tubule,kidney proximal convoluted tubule epithelial cell,CL:1000838,kidney proximal convoluted tubule epithelial cell,epithelial cell of proximal tubule segment 2,CL:4030010,epithelial cell of proximal tubule segment 2,,,,,,,,,,azimuth,sc_transcriptomics,
30,cell,CL:0000000,cell,hematopoietic cell,CL:0000988,hematopoietic cell,leukocyte,CL:0000738,leukocyte,mononuclear leukocyte,CL:0000842,mononuclear leukocyte,mononuclear phagocyte,CL:0000113,mononuclear phagocyte,dendritic cell,CL:0000451,dendritic cell,lung migratory dendritic cell,CL:4033045,lung migratory dendritic cell,,,,,,,,,,,,,,,,azimuth,sc_transcriptomics,
31,cell,CL:0000000,cell,precursor cell,CL:0011115,precursor cell,progenitor cell,CL:0011026,progenitor cell,hematopoietic stem cell,CL:0000037,hematopoietic stem cell,,,,,,,,,,,,,,,,,,,,,,,,,azimuth,sc_transcriptomics,
32,cell,CL:0000000,cell,epithelial cell,CL:0000066,epithelial cell,endo-epithelial cell,CL:0002076,endo-epithelial cell,respiratory tract epithelial cell,CL:0002368,respiratory tract epithelial cell,epithelial cell of lower respiratory tract,CL:0002632,epithelial cell of lower respiratory tract,epithelial cell of lung,CL:0000082,epithelial cell of lung,pulmonary alveolar epithelial cell,CL:0000322,pulmonary alveolar epithelial cell,,,,,,,,,,,,,,,,azimuth,sc_transcriptomics,
33,cell,CL:0000000,cell,hematopoietic cell,CL:0000988,hematopoietic cell,leukocyte,CL:0000738,leukocyte,mononuclear leukocyte,CL:0000842,mononuclear leukocyte,lymphocyte,CL:0000542,lymphocyte,T cell,CL:0000084,T cell,mature T cell,CL:0002419,mature T cell,mature alpha-beta T cell,CL:0000791,mature alpha-beta T cell,"CD4-positive, alpha-beta T cell",CL:0000624,"CD4-positive, alpha-beta T cell","CD4-positive, alpha-beta memory T cell",CL:0000897,"CD4-positive, alpha-beta memory T cell","CD4-positive, alpha-beta memory T cell, CD45RO-positive",CL:0001204,"CD4-positive, alpha-beta memory T cell, CD45RO-positive","effector memory CD4-positive, alpha-beta T cell",CL:0000905,"effector memory CD4-positive, alpha-beta T cell",azimuth,sc_transcriptomics,
34,cell,CL:0000000,cell,endothelial cell,CL:0000115,endothelial cell,endothelial cell of vascular tree,CL:0002139,endothelial cell of vascular tree,blood vessel endothelial cell,CL:0000071,blood vessel endothelial cell,microvascular endothelial cell,CL:2000008,microvascular endothelial cell,capillary endothelial cell,CL:0002144,capillary endothelial cell,,,,,,,,,,,,,,,,,,,azimuth,sc_transcriptomics,
35,cell,CL:0000000,cell,epithelial cell,CL:0000066,epithelial cell,kidney epithelial cell,CL:0002518,kidney epithelial cell,epithelial cell of nephron,CL:1000449,epithelial cell of nephron,renal intercalated cell,CL:0005010,renal intercalated cell,renal alpha-intercalated cell,CL:0005011,renal alpha-intercalated cell,,,,,,,,,,,,,,,,,,,azimuth,sc_transcriptomics,
36,cell,CL:0000000,cell,connective tissue cell,CL:0002320,connective tissue cell,stromal cell,CL:0000499,stromal cell,fibroblast,CL:0000057,fibroblast,kidney interstitial fibroblast,CL:1000692,kidney interstitial fibroblast,,,,,,,,,,,,,,,,,,,,,,azimuth,sc_transcriptomics,
37,cell,CL:0000000,cell,precursor cell,CL:0011115,precursor cell,stem cell,CL:0000034,stem cell,multi fate stem cell,CL:0000048,multi fate stem cell,mesenchymal stem cell,CL:0000134,mesenchymal stem cell,mesenchymal stem cell of adipose tissue,CL:0002570,mesenchymal stem cell of adipose tissue,mesenchymal stem cell of abdominal adipose tissue,CL:2000080,mesenchymal stem cell of abdominal adipose tissue,,,,,,,,,,,,,,,,azimuth,sc_transcriptomics,
38,cell,CL:0000000,cell,neural cell,CL:0002319,neural cell,neuron,CL:0000540,neuron,central nervous system neuron,CL:2000029,central nervous system neuron,interneuron,CL:0000099,interneuron,medial ganglionic eminence derived interneuron,CL:4023063,medial ganglionic eminence derived interneuron,pvalb GABAergic interneuron,CL:4023018,pvalb GABAergic interneuron,,,,,,,,,,,,,,,,azimuth,sc_transcriptomics,
39,cell,CL:0000000,cell,epithelial cell,CL:0000066,epithelial cell,squamous epithelial cell,CL:0000076,squamous epithelial cell,kidney loop of Henle short descending thin limb epithelial cell,CL:4030012,kidney loop of Henle short descending thin limb epithelial cell,,,,,,,,,,,,,,,,,,,,,,,,,azimuth,sc_transcriptomics,
40,cell,CL:0000000,cell,epithelial cell,CL:0000066,epithelial cell,kidney epithelial cell,CL:0002518,kidney epithelial cell,epithelial cell of nephron,CL:1000449,epithelial cell of nephron,nephron tubule epithelial cell,CL:1000494,nephron tubule epithelial cell,kidney loop of Henle epithelial cell,CL:1000909,kidney loop of Henle epithelial cell,kidney loop of Henle descending limb epithelial cell,CL:1001021,kidney loop of Henle descending limb epithelial cell,kidney loop of Henle thin descending limb epithelial cell,CL:1001111,kidney loop of Henle thin descending limb epithelial cell,kidney loop of Henle long descending thin limb outer medulla epithelial cell,CL:4030013,kidney loop of Henle long descending thin limb outer medulla epithelial cell,,,,,,,,,,azimuth,sc_transcriptomics,
41,cell,CL:0000000,cell,endothelial cell,CL:0000115,endothelial cell,endothelial cell of vascular tree,CL:0002139,endothelial cell of vascular tree,blood vessel endothelial cell,CL:0000071,blood vessel endothelial cell,vein endothelial cell,CL:0002543,vein endothelial cell,vein endothelial cell of respiratory system,CL:4033008,vein endothelial cell of respiratory system,,,,,,,,,,,,,,,,,,,azimuth,sc_transcriptomics,
42,cell,CL:0000000,cell,hematopoietic cell,CL:0000988,hematopoietic cell,leukocyte,CL:0000738,leukocyte,myeloid leukocyte,CL:0000766,myeloid leukocyte,macrophage,CL:0000235,macrophage,lung macrophage,CL:1001603,lung macrophage,lung interstitial macrophage,CL:4033043,lung interstitial macrophage,,,,,,,,,,,,,,,,azimuth,sc_transcriptomics,
43,cell,CL:0000000,cell,epithelial cell,CL:0000066,epithelial cell,endo-epithelial cell,CL:0002076,endo-epithelial cell,respiratory tract epithelial cell,CL:0002368,respiratory tract epithelial cell,epithelial cell of lower respiratory tract,CL:0002632,epithelial cell of lower respiratory tract,epithelial cell of lung,CL:0000082,epithelial cell of lung,pulmonary alveolar epithelial cell,CL:0000322,pulmonary alveolar epithelial cell,pulmonary alveolar type 2 cell,CL:0002063,pulmonary alveolar type 2 cell,cycling pulmonary alveolar type 2 cell,CL:4033080,cycling pulmonary alveolar type 2 cell,,,,,,,,,,azimuth,sc_transcriptomics,
44,cell,CL:0000000,cell,hematopoietic cell,CL:0000988,hematopoietic cell,leukocyte,CL:0000738,leukocyte,mononuclear leukocyte,CL:0000842,mononuclear leukocyte,lymphocyte,CL:0000542,lymphocyte,T cell,CL:0000084,T cell,,,,,,,,,,,,,,,,,,,azimuth,sc_transcriptomics,
45,cell,CL:0000000,cell,hematopoietic cell,CL:0000988,hematopoietic cell,leukocyte,CL:0000738,leukocyte,myeloid leukocyte,CL:0000766,myeloid leukocyte,macrophage,CL:0000235,macrophage,,,,,,,,,,,,,,,,,,,,,,azimuth,sc_transcriptomics,
46,cell,CL:0000000,cell,hematopoietic cell,CL:0000988,hematopoietic cell,leukocyte,CL:0000738,leukocyte,mononuclear leukocyte,CL:0000842,mononuclear leukocyte,mononuclear phagocyte,CL:0000113,mononuclear phagocyte,dendritic cell,CL:0000451,dendritic cell,follicular dendritic cell,CL:0000442,follicular dendritic cell,,,,,,,,,,,,,,,,vccf,sc_proteomics,
47,cell,CL:0000000,cell,connective tissue cell,CL:0002320,connective tissue cell,stromal cell,CL:0000499,stromal cell,fibroblast,CL:0000057,fibroblast,hepatic stellate cell,CL:0000632,hepatic stellate cell,,,,,,,,,,,,,,,,,,,,,,azimuth,sc_transcriptomics,
48,cell,CL:0000000,cell,muscle cell,CL:0000187,muscle cell,striated muscle cell,CL:0000737,striated muscle cell,cardiac muscle cell,CL:0000746,cardiac muscle cell,,,,,,,,,,,,,,,,,,,,,,,,,azimuth,sc_transcriptomics,
49,cell,CL:0000000,cell,hematopoietic cell,CL:0000988,hematopoietic cell,leukocyte,CL:0000738,leukocyte,mononuclear leukocyte,CL:0000842,mononuclear leukocyte,lymphocyte,CL:0000542,lymphocyte,T cell,CL:0000084,T cell,mature T cell,CL:0002419,mature T cell,mature alpha-beta T cell,CL:0000791,mature alpha-beta T cell,mature NK T cell,CL:0000814,mature NK T cell,,,,,,,,,,azimuth,sc_transcriptomics,
50,cell,CL:0000000,cell,hematopoietic cell,CL:0000988,hematopoietic cell,leukocyte,CL:0000738,leukocyte,mononuclear leukocyte,CL:0000842,mononuclear leukocyte,lymphocyte,CL:0000542,lymphocyte,lymphocyte of B lineage,CL:0000945,lymphocyte of B lineage,,,,,,,,,,,,,,,,,,,azimuth,sc_transcriptomics,
51,cell,CL:0000000,cell,hematopoietic cell,CL:0000988,hematopoietic cell,leukocyte,CL:0000738,leukocyte,mononuclear leukocyte,CL:0000842,mononuclear leukocyte,mononuclear phagocyte,CL:0000113,mononuclear phagocyte,dendritic cell,CL:0000451,dendritic cell,"dendritic cell, human",CL:0001056,"dendritic cell, human",,,,,,,,,,,,,,,,azimuth,sc_transcriptomics,
52,cell,CL:0000000,cell,epithelial cell,CL:0000066,epithelial cell,endo-epithelial cell,CL:0002076,endo-epithelial cell,respiratory tract epithelial cell,CL:0002368,respiratory tract epithelial cell,epithelial cell of lower respiratory tract,CL:0002632,epithelial cell of lower respiratory tract,epithelial cell of lung,CL:0000082,epithelial cell of lung,pulmonary alveolar epithelial cell,CL:0000322,pulmonary alveolar epithelial cell,pulmonary alveolar type 2 cell,CL:0002063,pulmonary alveolar type 2 cell,,,,,,,,,,,,,azimuth,sc_transcriptomics,
53,cell,CL:0000000,cell,epithelial cell,CL:0000066,epithelial cell,secretory epithelial cell,CL:1100001,secretory epithelial cell,glandular secretory epithelial cell,CL:0000150,glandular secretory epithelial cell,acinar cell,CL:0000622,acinar cell,pancreatic acinar cell,CL:0002064,pancreatic acinar cell,,,,,,,,,,,,,,,,,,,azimuth,sc_transcriptomics,
54,cell,CL:0000000,cell,muscle cell,CL:0000187,muscle cell,striated muscle cell,CL:0000737,striated muscle cell,cardiac muscle cell,CL:0000746,cardiac muscle cell,regular cardiac myocyte,CL:0002098,regular cardiac myocyte,regular atrial cardiac myocyte,CL:0002129,regular atrial cardiac myocyte,,,,,,,,,,,,,,,,,,,azimuth,sc_transcriptomics,
55,cell,CL:0000000,cell,endothelial cell,CL:0000115,endothelial cell,endothelial cell of vascular tree,CL:0002139,endothelial cell of vascular tree,blood vessel endothelial cell,CL:0000071,blood vessel endothelial cell,vein endothelial cell,CL:0002543,vein endothelial cell,,,,,,,,,,,,,,,,,,,,,,azimuth,sc_transcriptomics,
56,cell,CL:0000000,cell,hematopoietic cell,CL:0000988,hematopoietic cell,hematopoietic precursor cell,CL:0008001,hematopoietic precursor cell,,,,,,,,,,,,,,,,,,,,,,,,,,,,azimuth,sc_transcriptomics,
57,cell,CL:0000000,cell,neural cell,CL:0002319,neural cell,neuron,CL:0000540,neuron,central nervous system neuron,CL:2000029,central nervous system neuron,interneuron,CL:0000099,interneuron,cortical interneuron,CL:0008031,cortical interneuron,cerebral cortex GABAergic interneuron,CL:0010011,cerebral cortex GABAergic interneuron,,,,,,,,,,,,,,,,azimuth,sc_transcriptomics,
58,cell,CL:0000000,cell,epithelial cell,CL:0000066,epithelial cell,kidney epithelial cell,CL:0002518,kidney epithelial cell,epithelial cell of nephron,CL:1000449,epithelial cell of nephron,nephron tubule epithelial cell,CL:1000494,nephron tubule epithelial cell,epithelial cell of distal tubule,CL:0002305,epithelial cell of distal tubule,kidney loop of Henle ascending limb epithelial cell,CL:1001016,kidney loop of Henle ascending limb epithelial cell,kidney loop of Henle thick ascending limb epithelial cell,CL:1001106,kidney loop of Henle thick ascending limb epithelial cell,kidney loop of Henle medullary thick ascending limb epithelial cell,CL:1001108,kidney loop of Henle medullary thick ascending limb epithelial cell,,,,,,,,,,azimuth,sc_transcriptomics,
59,cell,CL:0000000,cell,endothelial cell,CL:0000115,endothelial cell,endothelial cell of vascular tree,CL:0002139,endothelial cell of vascular tree,blood vessel endothelial cell,CL:0000071,blood vessel endothelial cell,microvascular endothelial cell,CL:2000008,microvascular endothelial cell,vasa recta cell,CL:1001036,vasa recta cell,vasa recta descending limb cell,CL:1001285,vasa recta descending limb cell,,,,,,,,,,,,,,,,azimuth,sc_transcriptomics,
60,cell,CL:0000000,cell,epithelial cell,CL:0000066,epithelial cell,kidney epithelial cell,CL:0002518,kidney epithelial cell,epithelial cell of nephron,CL:1000449,epithelial cell of nephron,nephron tubule epithelial cell,CL:1000494,nephron tubule epithelial cell,epithelial cell of proximal tubule,CL:0002306,epithelial cell of proximal tubule,brush border cell of the proximal tubule,CL:0002307,brush border cell of the proximal tubule,kidney proximal convoluted tubule epithelial cell,CL:1000838,kidney proximal convoluted tubule epithelial cell,epithelial cell of proximal tubule segment 1,CL:4030009,epithelial cell of proximal tubule segment 1,,,,,,,,,,azimuth,sc_transcriptomics,
61,cell,CL:0000000,cell,epithelial cell,CL:0000066,epithelial cell,kidney epithelial cell,CL:0002518,kidney epithelial cell,epithelial cell of nephron,CL:1000449,epithelial cell of nephron,nephron tubule epithelial cell,CL:1000494,nephron tubule epithelial cell,epithelial cell of proximal tubule,CL:0002306,epithelial cell of proximal tubule,kidney proximal straight tubule epithelial cell,CL:1000839,kidney proximal straight tubule epithelial cell,epithelial cell of proximal tubule segment 3,CL:4030011,epithelial cell of proximal tubule segment 3,,,,,,,,,,,,,azimuth,sc_transcriptomics,
62,cell,CL:0000000,cell,connective tissue cell,CL:0002320,connective tissue cell,stromal cell,CL:0000499,stromal cell,,,,,,,,,,,,,,,,,,,,,,,,,,,,azimuth,sc_transcriptomics,
63,cell,CL:0000000,cell,epithelial cell,CL:0000066,epithelial cell,kidney epithelial cell,CL:0002518,kidney epithelial cell,renal cortical epithelial cell,CL:0002584,renal cortical epithelial cell,kidney corpuscule cell,CL:1000612,kidney corpuscule cell,glomerular cell,CL:1000746,glomerular cell,kidney glomerular epithelial cell,CL:1000510,kidney glomerular epithelial cell,epithelial cell of glomerular capsule,CL:1000450,epithelial cell of glomerular capsule,podocyte,CL:0000653,podocyte,,,,,,,,,,azimuth,sc_transcriptomics,
64,cell,CL:0000000,cell,hematopoietic cell,CL:0000988,hematopoietic cell,myeloid cell,CL:0000763,myeloid cell,,,,,,,,,,,,,,,,,,,,,,,,,,,,azimuth,sc_transcriptomics,
65,cell,CL:0000000,cell,hematopoietic cell,CL:0000988,hematopoietic cell,leukocyte,CL:0000738,leukocyte,mononuclear leukocyte,CL:0000842,mononuclear leukocyte,lymphocyte,CL:0000542,lymphocyte,T cell,CL:0000084,T cell,mature T cell,CL:0002419,mature T cell,effector T cell,CL:0000911,effector T cell,helper T cell,CL:0000912,helper T cell,,,,,,,,,,azimuth,sc_transcriptomics,
66,cell,CL:0000000,cell,hematopoietic cell,CL:0000988,hematopoietic cell,hematopoietic precursor cell,CL:0008001,hematopoietic precursor cell,hematopoietic multipotent progenitor cell,CL:0000837,hematopoietic multipotent progenitor cell,early lymphoid progenitor,CL:0000936,early lymphoid progenitor,,,,,,,,,,,,,,,,,,,,,,azimuth,sc_transcriptomics,
67,cell,CL:0000000,cell,hematopoietic cell,CL:0000988,hematopoietic cell,leukocyte,CL:0000738,leukocyte,mononuclear leukocyte,CL:0000842,mononuclear leukocyte,lymphocyte,CL:0000542,lymphocyte,lymphocyte of B lineage,CL:0000945,lymphocyte of B lineage,B cell,CL:0000236,B cell,"B cell, CD19-positive",CL:0001201,"B cell, CD19-positive",mature B cell,CL:0000785,mature B cell,plasmablast,CL:0000980,plasmablast,,,,,,,azimuth,sc_transcriptomics,
68,cell,CL:0000000,cell,endothelial cell,CL:0000115,endothelial cell,endothelial cell of vascular tree,CL:0002139,endothelial cell of vascular tree,endothelial cell of lymphatic vessel,CL:0002138,endothelial cell of lymphatic vessel,endothelial cell of respiratory system lymphatic vessel,CL:0009086,endothelial cell of respiratory system lymphatic vessel,,,,,,,,,,,,,,,,,,,,,,azimuth,sc_transcriptomics,
69,cell,CL:0000000,cell,connective tissue cell,CL:0002320,connective tissue cell,stromal cell,CL:0000499,stromal cell,fibroblast,CL:0000057,fibroblast,hepatic portal fibroblast,CL:0009100,hepatic portal fibroblast,,,,,,,,,,,,,,,,,,,,,,azimuth,sc_transcriptomics,
70,cell,CL:0000000,cell,epithelial cell,CL:0000066,epithelial cell,kidney epithelial cell,CL:0002518,kidney epithelial cell,epithelial cell of nephron,CL:1000449,epithelial cell of nephron,nephron tubule epithelial cell,CL:1000494,nephron tubule epithelial cell,epithelial cell of distal tubule,CL:0002305,epithelial cell of distal tubule,kidney distal convoluted tubule epithelial cell,CL:1000849,kidney distal convoluted tubule epithelial cell,,,,,,,,,,,,,,,,azimuth,sc_transcriptomics,
71,cell,CL:0000000,cell,endothelial cell,CL:0000115,endothelial cell,endothelial cell of vascular tree,CL:0002139,endothelial cell of vascular tree,blood vessel endothelial cell,CL:0000071,blood vessel endothelial cell,microvascular endothelial cell,CL:2000008,microvascular endothelial cell,capillary endothelial cell,CL:0002144,capillary endothelial cell,kidney capillary endothelial cell,CL:1000892,kidney capillary endothelial cell,glomerular capillary endothelial cell,CL:1001005,glomerular capillary endothelial cell,,,,,,,,,,,,,azimuth,sc_transcriptomics,
72,cell,CL:0000000,cell,endothelial cell,CL:0000115,endothelial cell,endothelial cell of vascular tree,CL:0002139,endothelial cell of vascular tree,blood vessel endothelial cell,CL:0000071,blood vessel endothelial cell,microvascular endothelial cell,CL:2000008,microvascular endothelial cell,capillary endothelial cell,CL:0002144,capillary endothelial cell,pulmonary capillary endothelial cell,CL:4028001,pulmonary capillary endothelial cell,alveolar capillary type 1 endothelial cell,CL:4028002,alveolar capillary type 1 endothelial cell,,,,,,,,,,,,,azimuth,sc_transcriptomics,
73,cell,CL:0000000,cell,hematopoietic cell,CL:0000988,hematopoietic cell,leukocyte,CL:0000738,leukocyte,mononuclear leukocyte,CL:0000842,mononuclear leukocyte,lymphocyte,CL:0000542,lymphocyte,T cell,CL:0000084,T cell,cycling T cell,CL:4033069,cycling T cell,"cycling CD4-positive, alpha-beta T cell",CL:4033075,"cycling CD4-positive, alpha-beta T cell",,,,,,,,,,,,,azimuth,sc_transcriptomics,
74,cell,CL:0000000,cell,epithelial cell,CL:0000066,epithelial cell,endo-epithelial cell,CL:0002076,endo-epithelial cell,respiratory tract epithelial cell,CL:0002368,respiratory tract epithelial cell,epithelial cell of lower respiratory tract,CL:0002632,epithelial cell of lower respiratory tract,epithelial cell of tracheobronchial tree,CL:0002202,epithelial cell of tracheobronchial tree,respiratory airway secretory cell,CL:4052031,respiratory airway secretory cell,,,,,,,,,,,,,,,,azimuth,sc_transcriptomics,
75,cell,CL:0000000,cell,muscle cell,CL:0000187,muscle cell,non-striated muscle cell,CL:0008000,non-striated muscle cell,smooth muscle cell,CL:0000192,smooth muscle cell,vascular associated smooth muscle cell,CL:0000359,vascular associated smooth muscle cell,,,,,,,,,,,,,,,,,,,,,,azimuth,sc_transcriptomics,
76,cell,CL:0000000,cell,hematopoietic cell,CL:0000988,hematopoietic cell,leukocyte,CL:0000738,leukocyte,mononuclear leukocyte,CL:0000842,mononuclear leukocyte,mononuclear phagocyte,CL:0000113,mononuclear phagocyte,dendritic cell,CL:0000451,dendritic cell,conventional dendritic cell,CL:0000990,conventional dendritic cell,myeloid dendritic cell,CL:0000782,myeloid dendritic cell,,,,,,,,,,,,,azimuth,sc_transcriptomics,
77,cell,CL:0000000,cell,hematopoietic cell,CL:0000988,hematopoietic cell,leukocyte,CL:0000738,leukocyte,myeloid leukocyte,CL:0000766,myeloid leukocyte,macrophage,CL:0000235,macrophage,elicited macrophage,CL:0000861,elicited macrophage,M2 macrophage,CL:0000890,M2 macrophage,,,,,,,,,,,,,,,,azimuth,sc_transcriptomics,
78,cell,CL:0000000,cell,hematopoietic cell,CL:0000988,hematopoietic cell,leukocyte,CL:0000738,leukocyte,mononuclear leukocyte,CL:0000842,mononuclear leukocyte,lymphocyte,CL:0000542,lymphocyte,T cell,CL:0000084,T cell,mature T cell,CL:0002419,mature T cell,mature alpha-beta T cell,CL:0000791,mature alpha-beta T cell,"CD8-positive, alpha-beta T cell",CL:0000625,"CD8-positive, alpha-beta T cell","CD8-positive, alpha-beta memory T cell",CL:0000909,"CD8-positive, alpha-beta memory T cell","CD8-positive, alpha-beta memory T cell, CD45RO-positive",CL:0001203,"CD8-positive, alpha-beta memory T cell, CD45RO-positive","central memory CD8-positive, alpha-beta T cell",CL:0000907,"central memory CD8-positive, alpha-beta T cell",azimuth,sc_transcriptomics,
79,cell,CL:0000000,cell,hematopoietic cell,CL:0000988,hematopoietic cell,leukocyte,CL:0000738,leukocyte,mononuclear leukocyte,CL:0000842,mononuclear leukocyte,lymphocyte,CL:0000542,lymphocyte,lymphocyte of B lineage,CL:0000945,lymphocyte of B lineage,antibody secreting cell,CL:0000946,antibody secreting cell,plasma cell,CL:0000786,plasma cell,short lived plasma cell,CL:0000975,short lived plasma cell,IgM short lived plasma cell,CL:0000978,IgM short lived plasma cell,,,,,,,azimuth,sc_transcriptomics,
80,cell,CL:0000000,cell,epithelial cell,CL:0000066,epithelial cell,kidney epithelial cell,CL:0002518,kidney epithelial cell,epithelial cell of nephron,CL:1000449,epithelial cell of nephron,renal intercalated cell,CL:0005010,renal intercalated cell,renal beta-intercalated cell,CL:0002201,renal beta-intercalated cell,,,,,,,,,,,,,,,,,,,azimuth,sc_transcriptomics,
81,cell,CL:0000000,cell,hematopoietic cell,CL:0000988,hematopoietic cell,leukocyte,CL:0000738,leukocyte,mononuclear leukocyte,CL:0000842,mononuclear leukocyte,lymphocyte,CL:0000542,lymphocyte,T cell,CL:0000084,T cell,immature T cell,CL:0002420,immature T cell,thymocyte,CL:0000893,thymocyte,double negative thymocyte,CL:0002489,double negative thymocyte,,,,,,,,,,azimuth,sc_transcriptomics,
82,cell,CL:0000000,cell,connective tissue cell,CL:0002320,connective tissue cell,stromal cell,CL:0000499,stromal cell,fibroblast,CL:0000057,fibroblast,fibroblast of lung,CL:0002553,fibroblast of lung,,,,,,,,,,,,,,,,,,,,,,azimuth,sc_transcriptomics,
83,cell,CL:0000000,cell,epithelial cell,CL:0000066,epithelial cell,kidney epithelial cell,CL:0002518,kidney epithelial cell,epithelial cell of nephron,CL:1000449,epithelial cell of nephron,kidney collecting duct epithelial cell,CL:1000454,kidney collecting duct epithelial cell,kidney medulla collecting duct epithelial cell,CL:1000546,kidney medulla collecting duct epithelial cell,kidney inner medulla collecting duct epithelial cell,CL:1000547,kidney inner medulla collecting duct epithelial cell,,,,,,,,,,,,,,,,azimuth,sc_transcriptomics,
84,cell,CL:0000000,cell,epithelial cell,CL:0000066,epithelial cell,kidney epithelial cell,CL:0002518,kidney epithelial cell,epithelial cell of nephron,CL:1000449,epithelial cell of nephron,nephron tubule epithelial cell,CL:1000494,nephron tubule epithelial cell,epithelial cell of distal tubule,CL:0002305,epithelial cell of distal tubule,kidney loop of Henle ascending limb epithelial cell,CL:1001016,kidney loop of Henle ascending limb epithelial cell,kidney loop of Henle thin ascending limb epithelial cell,CL:1001107,kidney loop of Henle thin ascending limb epithelial cell,,,,,,,,,,,,,azimuth,sc_transcriptomics,
85,cell,CL:0000000,cell,neural cell,CL:0002319,neural cell,neuron,CL:0000540,neuron,central nervous system neuron,CL:2000029,central nervous system neuron,interneuron,CL:0000099,interneuron,cortical interneuron,CL:0008031,cortical interneuron,cerebral cortex GABAergic interneuron,CL:0010011,cerebral cortex GABAergic interneuron,caudal ganglionic eminence derived interneuron,CL:4023064,caudal ganglionic eminence derived interneuron,lamp5 GABAergic interneuron,CL:4023011,lamp5 GABAergic interneuron,,,,,,,,,,azimuth,sc_transcriptomics,
86,cell,CL:0000000,cell,connective tissue cell,CL:0002320,connective tissue cell,stromal cell,CL:0000499,stromal cell,fibroblast,CL:0000057,fibroblast,pulmonary interstitial fibroblast,CL:0002241,pulmonary interstitial fibroblast,alveolar type 1 fibroblast cell,CL:4028004,alveolar type 1 fibroblast cell,,,,,,,,,,,,,,,,,,,azimuth,sc_transcriptomics,
87,cell,CL:0000000,cell,precursor cell,CL:0011115,precursor cell,stem cell,CL:0000034,stem cell,somatic stem cell,CL:0000723,somatic stem cell,epithelial fate stem cell,CL:0000036,epithelial fate stem cell,basal cell,CL:0000646,basal cell,airway submucosal gland duct basal cell,CL:4033024,airway submucosal gland duct basal cell,,,,,,,,,,,,,,,,azimuth,sc_transcriptomics,
88,cell,CL:0000000,cell,precursor cell,CL:0011115,precursor cell,progenitor cell,CL:0011026,progenitor cell,,,,,,,,,,,,,,,,,,,,,,,,,,,,azimuth,sc_transcriptomics,
89,cell,CL:0000000,cell,hematopoietic cell,CL:0000988,hematopoietic cell,leukocyte,CL:0000738,leukocyte,myeloid leukocyte,CL:0000766,myeloid leukocyte,macrophage,CL:0000235,macrophage,lung macrophage,CL:1001603,lung macrophage,alveolar macrophage,CL:0000583,alveolar macrophage,metallothionein-positive alveolar macrophage,CL:4033042,metallothionein-positive alveolar macrophage,,,,,,,,,,,,,azimuth,sc_transcriptomics,
90,cell,CL:0000000,cell,hematopoietic cell,CL:0000988,hematopoietic cell,leukocyte,CL:0000738,leukocyte,myeloid leukocyte,CL:0000766,myeloid leukocyte,granulocyte,CL:0000094,granulocyte,neutrophil,CL:0000775,neutrophil,,,,,,,,,,,,,,,,,,,azimuth,sc_transcriptomics,
91,cell,CL:0000000,cell,hematopoietic cell,CL:0000988,hematopoietic cell,leukocyte,CL:0000738,leukocyte,mononuclear leukocyte,CL:0000842,mononuclear leukocyte,lymphocyte,CL:0000542,lymphocyte,T cell,CL:0000084,T cell,mature T cell,CL:0002419,mature T cell,naive T cell,CL:0000898,naive T cell,"naive thymus-derived CD8-positive, alpha-beta T cell",CL:0000900,"naive thymus-derived CD8-positive, alpha-beta T cell",,,,,,,,,,azimuth,sc_transcriptomics,
92,cell,CL:0000000,cell,hematopoietic cell,CL:0000988,hematopoietic cell,leukocyte,CL:0000738,leukocyte,mononuclear leukocyte,CL:0000842,mononuclear leukocyte,lymphocyte,CL:0000542,lymphocyte,T cell,CL:0000084,T cell,mature T cell,CL:0002419,mature T cell,mature alpha-beta T cell,CL:0000791,mature alpha-beta T cell,mucosal-associated invariant T cell,CL:0000940,mucosal-associated invariant T cell,,,,,,,,,,azimuth,sc_transcriptomics,
93,cell,CL:0000000,cell,hematopoietic cell,CL:0000988,hematopoietic cell,leukocyte,CL:0000738,leukocyte,mononuclear leukocyte,CL:0000842,mononuclear leukocyte,lymphocyte,CL:0000542,lymphocyte,lymphocyte of B lineage,CL:0000945,lymphocyte of B lineage,antibody secreting cell,CL:0000946,antibody secreting cell,plasma cell,CL:0000786,plasma cell,long lived plasma cell,CL:0000974,long lived plasma cell,IgM plasma cell,CL:0000986,IgM plasma cell,,,,,,,azimuth,sc_transcriptomics,
94,cell,CL:0000000,cell,connective tissue cell,CL:0002320,connective tissue cell,stromal cell,CL:0000499,stromal cell,fibroblast,CL:0000057,fibroblast,pancreatic stellate cell,CL:0002410,pancreatic stellate cell,,,,,,,,,,,,,,,,,,,,,,azimuth,sc_transcriptomics,
95,cell,CL:0000000,cell,hematopoietic cell,CL:0000988,hematopoietic cell,leukocyte,CL:0000738,leukocyte,mononuclear leukocyte,CL:0000842,mononuclear leukocyte,lymphocyte,CL:0000542,lymphocyte,T cell,CL:0000084,T cell,mature T cell,CL:0002419,mature T cell,mature alpha-beta T cell,CL:0000791,mature alpha-beta T cell,"CD4-positive, alpha-beta T cell",CL:0000624,"CD4-positive, alpha-beta T cell","CD4-positive, CD25-positive, alpha-beta regulatory T cell",CL:0000792,"CD4-positive, CD25-positive, alpha-beta regulatory T cell",memory regulatory T cell,CL:0002678,memory regulatory T cell,,,,azimuth,sc_transcriptomics,
96,cell,CL:0000000,cell,epithelial cell,CL:0000066,epithelial cell,kidney epithelial cell,CL:0002518,kidney epithelial cell,renal principal cell,CL:0005009,renal principal cell,,,,,,,,,,,,,,,,,,,,,,,,,azimuth,sc_transcriptomics,
97,cell,CL:0000000,cell,hematopoietic cell,CL:0000988,hematopoietic cell,leukocyte,CL:0000738,leukocyte,mononuclear leukocyte,CL:0000842,mononuclear leukocyte,mononuclear phagocyte,CL:0000113,mononuclear phagocyte,dendritic cell,CL:0000451,dendritic cell,conventional dendritic cell,CL:0000990,conventional dendritic cell,myeloid dendritic cell,CL:0000782,myeloid dendritic cell,monocyte-derived dendritic cell,CL:0011031,monocyte-derived dendritic cell,,,,,,,,,,azimuth,sc_transcriptomics,
98,cell,CL:0000000,cell,epithelial cell,CL:0000066,epithelial cell,endo-epithelial cell,CL:0002076,endo-epithelial cell,respiratory tract epithelial cell,CL:0002368,respiratory tract epithelial cell,respiratory tract secretory epithelial cell,CL:0008055,respiratory tract secretory epithelial cell,respiratory tract goblet cell,CL:0002370,respiratory tract goblet cell,tracheobronchial goblet cell,CL:0019003,tracheobronchial goblet cell,bronchial goblet cell,CL:1000312,bronchial goblet cell,,,,,,,,,,,,,azimuth,sc_transcriptomics,
99,cell,CL:0000000,cell,epithelial cell,CL:0000066,epithelial cell,duct epithelial cell,CL:0000068,duct epithelial cell,branched duct epithelial cell,CL:0000069,branched duct epithelial cell,cholangiocyte,CL:1000488,cholangiocyte,,,,,,,,,,,,,,,,,,,,,,azimuth,sc_transcriptomics,
100,cell,CL:0000000,cell,epithelial cell,CL:0000066,epithelial cell,kidney epithelial cell,CL:0002518,kidney epithelial cell,epithelial cell of nephron,CL:1000449,epithelial cell of nephron,nephron tubule epithelial cell,CL:1000494,nephron tubule epithelial cell,kidney loop of Henle epithelial cell,CL:1000909,kidney loop of Henle epithelial cell,kidney loop of Henle descending limb epithelial cell,CL:1001021,kidney loop of Henle descending limb epithelial cell,kidney loop of Henle thin descending limb epithelial cell,CL:1001111,kidney loop of Henle thin descending limb epithelial cell,,,,,,,,,,,,,azimuth,sc_transcriptomics,
101,cell,CL:0000000,cell,hematopoietic cell,CL:0000988,hematopoietic cell,leukocyte,CL:0000738,leukocyte,myeloid leukocyte,CL:0000766,myeloid leukocyte,macrophage,CL:0000235,macrophage,lung macrophage,CL:1001603,lung macrophage,,,,,,,,,,,,,,,,,,,azimuth,sc_transcriptomics,
102,cell,CL:0000000,cell,neural cell,CL:0002319,neural cell,neuron,CL:0000540,neuron,central nervous system neuron,CL:2000029,central nervous system neuron,interneuron,CL:0000099,interneuron,cortical interneuron,CL:0008031,cortical interneuron,cerebral cortex GABAergic interneuron,CL:0010011,cerebral cortex GABAergic interneuron,caudal ganglionic eminence derived interneuron,CL:4023064,caudal ganglionic eminence derived interneuron,VIP GABAergic interneuron,CL:4023016,VIP GABAergic interneuron,,,,,,,,,,azimuth,sc_transcriptomics,
103,cell,CL:0000000,cell,neural cell,CL:0002319,neural cell,neuron,CL:0000540,neuron,central nervous system neuron,CL:2000029,central nervous system neuron,neuron of the forebrain,CL:0012001,neuron of the forebrain,cerebral cortex neuron,CL:0010012,cerebral cortex neuron,corticothalamic-projecting glutamatergic cortical neuron,CL:4023013,corticothalamic-projecting glutamatergic cortical neuron,L6 corticothalamic-projecting glutamatergic cortical neuron,CL:4023042,L6 corticothalamic-projecting glutamatergic cortical neuron,,,,,,,,,,,,,azimuth,sc_transcriptomics,
104,cell,CL:0000000,cell,hematopoietic cell,CL:0000988,hematopoietic cell,leukocyte,CL:0000738,leukocyte,mononuclear leukocyte,CL:0000842,mononuclear leukocyte,lymphocyte,CL:0000542,lymphocyte,T cell,CL:0000084,T cell,cycling T cell,CL:4033069,cycling T cell,,,,,,,,,,,,,,,,azimuth,sc_transcriptomics,
105,cell,CL:0000000,cell,epithelial cell,CL:0000066,epithelial cell,,,,,,,,,,,,,,,,,,,,,,,,,,,,,,,azimuth,sc_transcriptomics,
106,cell,CL:0000000,cell,epithelial cell,CL:0000066,epithelial cell,secretory epithelial cell,CL:1100001,secretory epithelial cell,goblet cell,CL:0000160,goblet cell,,,,,,,,,,,,,,,,,,,,,,,,,azimuth,sc_transcriptomics,
107,cell,CL:0000000,cell,hematopoietic cell,CL:0000988,hematopoietic cell,leukocyte,CL:0000738,leukocyte,myeloid leukocyte,CL:0000766,myeloid leukocyte,macrophage,CL:0000235,macrophage,tissue-resident macrophage,CL:0000864,tissue-resident macrophage,central nervous system macrophage,CL:0000878,central nervous system macrophage,,,,,,,,,,,,,,,,azimuth,sc_transcriptomics,
108,cell,CL:0000000,cell,hematopoietic cell,CL:0000988,hematopoietic cell,leukocyte,CL:0000738,leukocyte,mononuclear leukocyte,CL:0000842,mononuclear leukocyte,mononuclear phagocyte,CL:0000113,mononuclear phagocyte,dendritic cell,CL:0000451,dendritic cell,conventional dendritic cell,CL:0000990,conventional dendritic cell,,,,,,,,,,,,,,,,azimuth,sc_transcriptomics,
109,cell,CL:0000000,cell,epithelial cell,CL:0000066,epithelial cell,columnar/cuboidal epithelial cell,CL:0000075,columnar/cuboidal epithelial cell,brush cell of tracheobronchial tree,CL:0002075,brush cell of tracheobronchial tree,,,,,,,,,,,,,,,,,,,,,,,,,azimuth,sc_transcriptomics,
110,cell,CL:0000000,cell,hematopoietic cell,CL:0000988,hematopoietic cell,leukocyte,CL:0000738,leukocyte,mononuclear leukocyte,CL:0000842,mononuclear leukocyte,lymphocyte,CL:0000542,lymphocyte,T cell,CL:0000084,T cell,mature T cell,CL:0002419,mature T cell,regulatory T cell,CL:0000815,regulatory T cell,T follicular regulatory cell,CL:0009113,T follicular regulatory cell,,,,,,,,,,azimuth,sc_transcriptomics,
111,cell,CL:0000000,cell,epithelial cell,CL:0000066,epithelial cell,kidney epithelial cell,CL:0002518,kidney epithelial cell,epithelial cell of nephron,CL:1000449,epithelial cell of nephron,kidney collecting duct epithelial cell,CL:1000454,kidney collecting duct epithelial cell,kidney cortex collecting duct epithelial cell,CL:1000549,kidney cortex collecting duct epithelial cell,kidney cortex collecting duct principal cell,CL:1000714,kidney cortex collecting duct principal cell,,,,,,,,,,,,,,,,azimuth,sc_transcriptomics,
112,cell,CL:0000000,cell,neural cell,CL:0002319,neural cell,neuron,CL:0000540,neuron,central nervous system neuron,CL:2000029,central nervous system neuron,neuron of the forebrain,CL:0012001,neuron of the forebrain,cerebral cortex neuron,CL:0010012,cerebral cortex neuron,L6b glutamatergic cortical neuron,CL:4023038,L6b glutamatergic cortical neuron,L6b glutamatergic neuron of the primary motor cortex,CL:4023046,L6b glutamatergic neuron of the primary motor cortex,,,,,,,,,,,,,azimuth,sc_transcriptomics,
113,cell,CL:0000000,cell,neural cell,CL:0002319,neural cell,neuron,CL:0000540,neuron,central nervous system neuron,CL:2000029,central nervous system neuron,neuron of the forebrain,CL:0012001,neuron of the forebrain,cerebral cortex neuron,CL:0010012,cerebral cortex neuron,intratelencephalic-projecting glutamatergic cortical neuron,CL:4023008,intratelencephalic-projecting glutamatergic cortical neuron,L2/3-6 intratelencephalic projecting glutamatergic neuron,CL:4023040,L2/3-6 intratelencephalic projecting glutamatergic neuron,L6 intratelencephalic projecting glutamatergic neuron,CL:4030065,L6 intratelencephalic projecting glutamatergic neuron,L6 intratelencephalic projecting glutamatergic neuron of the primary motor cortex,CL:4023050,L6 intratelencephalic projecting glutamatergic neuron of the primary motor cortex,,,,,,,azimuth,sc_transcriptomics,
114,cell,CL:0000000,cell,epithelial cell,CL:0000066,epithelial cell,kidney epithelial cell,CL:0002518,kidney epithelial cell,epithelial cell of nephron,CL:1000449,epithelial cell of nephron,nephron tubule epithelial cell,CL:1000494,nephron tubule epithelial cell,epithelial cell of distal tubule,CL:0002305,epithelial cell of distal tubule,kidney distal convoluted tubule epithelial cell,CL:1000849,kidney distal convoluted tubule epithelial cell,epithelial cell of late distal convoluted tubule,CL:4030017,epithelial cell of late distal convoluted tubule,,,,,,,,,,,,,azimuth,sc_transcriptomics,
115,cell,CL:0000000,cell,endothelial cell,CL:0000115,endothelial cell,,,,,,,,,,,,,,,,,,,,,,,,,,,,,,,azimuth,sc_transcriptomics,
116,cell,CL:0000000,cell,muscle cell,CL:0000187,muscle cell,non-striated muscle cell,CL:0008000,non-striated muscle cell,smooth muscle cell,CL:0000192,smooth muscle cell,,,,,,,,,,,,,,,,,,,,,,,,,azimuth,sc_transcriptomics,
117,cell,CL:0000000,cell,hematopoietic cell,CL:0000988,hematopoietic cell,myeloid cell,CL:0000763,myeloid cell,platelet,CL:0000233,platelet,,,,,,,,,,,,,,,,,,,,,,,,,azimuth,sc_transcriptomics,
118,cell,CL:0000000,cell,hematopoietic cell,CL:0000988,hematopoietic cell,leukocyte,CL:0000738,leukocyte,mononuclear leukocyte,CL:0000842,mononuclear leukocyte,lymphocyte,CL:0000542,lymphocyte,,,,,,,,,,,,,,,,,,,,,,azimuth,sc_transcriptomics,
119,cell,CL:0000000,cell,hematopoietic cell,CL:0000988,hematopoietic cell,leukocyte,CL:0000738,leukocyte,myeloid leukocyte,CL:0000766,myeloid leukocyte,monocyte,CL:0000576,monocyte,,,,,,,,,,,,,,,,,,,,,,azimuth,sc_transcriptomics,
120,cell,CL:0000000,cell,hematopoietic cell,CL:0000988,hematopoietic cell,leukocyte,CL:0000738,leukocyte,mononuclear leukocyte,CL:0000842,mononuclear leukocyte,lymphocyte,CL:0000542,lymphocyte,T cell,CL:0000084,T cell,mature T cell,CL:0002419,mature T cell,mature alpha-beta T cell,CL:0000791,mature alpha-beta T cell,"CD4-positive, alpha-beta T cell",CL:0000624,"CD4-positive, alpha-beta T cell","CD4-positive, CD25-positive, alpha-beta regulatory T cell",CL:0000792,"CD4-positive, CD25-positive, alpha-beta regulatory T cell",,,,,,,azimuth,sc_transcriptomics,
121,cell,CL:0000000,cell,hematopoietic cell,CL:0000988,hematopoietic cell,leukocyte,CL:0000738,leukocyte,mononuclear leukocyte,CL:0000842,mononuclear leukocyte,lymphocyte,CL:0000542,lymphocyte,T cell,CL:0000084,T cell,mature T cell,CL:0002419,mature T cell,regulatory T cell,CL:0000815,regulatory T cell,,,,,,,,,,,,,azimuth,sc_transcriptomics,
122,cell,CL:0000000,cell,hematopoietic cell,CL:0000988,hematopoietic cell,hematopoietic precursor cell,CL:0008001,hematopoietic precursor cell,hematopoietic lineage restricted progenitor cell,CL:0002031,hematopoietic lineage restricted progenitor cell,lymphoid lineage restricted progenitor cell,CL:0000838,lymphoid lineage restricted progenitor cell,pro-B cell,CL:0000826,pro-B cell,,,,,,,,,,,,,,,,,,,azimuth,sc_transcriptomics,
123,cell,CL:0000000,cell,hematopoietic cell,CL:0000988,hematopoietic cell,leukocyte,CL:0000738,leukocyte,mononuclear leukocyte,CL:0000842,mononuclear leukocyte,lymphocyte,CL:0000542,lymphocyte,T cell,CL:0000084,T cell,mature T cell,CL:0002419,mature T cell,mature alpha-beta T cell,CL:0000791,mature alpha-beta T cell,"CD8-positive, alpha-beta T cell",CL:0000625,"CD8-positive, alpha-beta T cell","CD8-positive, alpha-beta memory T cell",CL:0000909,"CD8-positive, alpha-beta memory T cell",,,,,,,azimuth,sc_transcriptomics,
124,cell,CL:0000000,cell,hematopoietic cell,CL:0000988,hematopoietic cell,leukocyte,CL:0000738,leukocyte,mononuclear leukocyte,CL:0000842,mononuclear leukocyte,lymphocyte,CL:0000542,lymphocyte,T cell,CL:0000084,T cell,mature T cell,CL:0002419,mature T cell,mature alpha-beta T cell,CL:0000791,mature alpha-beta T cell,"CD4-positive, alpha-beta T cell",CL:0000624,"CD4-positive, alpha-beta T cell","CD4-positive, alpha-beta cytotoxic T cell",CL:0000934,"CD4-positive, alpha-beta cytotoxic T cell",,,,,,,azimuth,sc_transcriptomics,
125,cell,CL:0000000,cell,neural cell,CL:0002319,neural cell,neuron associated cell,CL:0000095,neuron associated cell,neuron associated cell (sensu Vertebrata),CL:0000123,neuron associated cell (sensu Vertebrata),oligodendrocyte precursor cell,CL:0002453,oligodendrocyte precursor cell,,,,,,,,,,,,,,,,,,,,,,azimuth,sc_transcriptomics,
126,cell,CL:0000000,cell,epithelial cell,CL:0000066,epithelial cell,kidney epithelial cell,CL:0002518,kidney epithelial cell,epithelial cell of nephron,CL:1000449,epithelial cell of nephron,renal intercalated cell,CL:0005010,renal intercalated cell,,,,,,,,,,,,,,,,,,,,,,azimuth,sc_transcriptomics,
127,cell,CL:0000000,cell,epithelial cell,CL:0000066,epithelial cell,secretory epithelial cell,CL:1100001,secretory epithelial cell,enteroendocrine cell,CL:0000164,enteroendocrine cell,pancreatic endocrine cell,CL:0008024,pancreatic endocrine cell,type B pancreatic cell,,,,,,,,,,,,,,,,,,,,,azimuth,sc_transcriptomics,
128,cell,CL:0000000,cell,endothelial cell,CL:0000115,endothelial cell,endothelial cell of vascular tree,CL:0002139,endothelial cell of vascular tree,blood vessel endothelial cell,CL:0000071,blood vessel endothelial cell,endothelial cell of sinusoid,CL:0002262,endothelial cell of sinusoid,endothelial cell of hepatic sinusoid,CL:1000398,endothelial cell of hepatic sinusoid,,,,,,,,,,,,,,,,,,,azimuth,sc_transcriptomics,
129,cell,CL:0000000,cell,endothelial cell,CL:0000115,endothelial cell,endothelial cell of vascular tree,CL:0002139,endothelial cell of vascular tree,blood vessel endothelial cell,CL:0000071,blood vessel endothelial cell,endothelial cell of arteriole,CL:1000412,endothelial cell of arteriole,,,,,,,,,,,,,,,,,,,,,,azimuth,sc_transcriptomics,
130,cell,CL:0000000,cell,connective tissue cell,CL:0002320,connective tissue cell,stromal cell,CL:0000499,stromal cell,fibroblast,CL:0000057,fibroblast,mesothelial fibroblast,CL:4023054,mesothelial fibroblast,mesothelial fibroblast of the leptomeninx,CL:4023058,mesothelial fibroblast of the leptomeninx,vascular leptomeningeal cell,CL:4023051,vascular leptomeningeal cell,,,,,,,,,,,,,,,,azimuth,sc_transcriptomics,
131,cell,CL:0000000,cell,hematopoietic cell,CL:0000988,hematopoietic cell,leukocyte,CL:0000738,leukocyte,myeloid leukocyte,CL:0000766,myeloid leukocyte,macrophage,CL:0000235,macrophage,lung macrophage,CL:1001603,lung macrophage,alveolar macrophage,CL:0000583,alveolar macrophage,cycling alveolar macrophage,CL:4033077,cycling alveolar macrophage,,,,,,,,,,,,,azimuth,sc_transcriptomics,
132,cell,CL:0000000,cell,connective tissue cell,CL:0002320,connective tissue cell,stromal cell,CL:0000499,stromal cell,fibroblast,CL:0000057,fibroblast,adventitial fibroblast,CL:4052030,adventitial fibroblast,,,,,,,,,,,,,,,,,,,,,,azimuth,sc_transcriptomics,
133,cell,CL:0000000,cell,hematopoietic cell,CL:0000988,hematopoietic cell,leukocyte,CL:0000738,leukocyte,myeloid leukocyte,CL:0000766,myeloid leukocyte,mast cell,CL:0000097,mast cell,,,,,,,,,,,,,,,,,,,,,,azimuth,sc_transcriptomics,
134,cell,CL:0000000,cell,hematopoietic cell,CL:0000988,hematopoietic cell,myeloid cell,CL:0000763,myeloid cell,erythroid lineage cell,CL:0000764,erythroid lineage cell,erythrocyte,CL:0000232,erythrocyte,,,,,,,,,,,,,,,,,,,,,,azimuth,sc_transcriptomics,
135,cell,CL:0000000,cell,hematopoietic cell,CL:0000988,hematopoietic cell,leukocyte,CL:0000738,leukocyte,mononuclear leukocyte,CL:0000842,mononuclear leukocyte,lymphocyte,CL:0000542,lymphocyte,lymphocyte of B lineage,CL:0000945,lymphocyte of B lineage,B cell,CL:0000236,B cell,"B cell, CD19-positive",CL:0001201,"B cell, CD19-positive",mature B cell,CL:0000785,mature B cell,memory B cell,CL:0000787,memory B cell,,,,,,,azimuth,sc_transcriptomics,
136,cell,CL:0000000,cell,hematopoietic cell,CL:0000988,hematopoietic cell,leukocyte,CL:0000738,leukocyte,mononuclear leukocyte,CL:0000842,mononuclear leukocyte,lymphocyte,CL:0000542,lymphocyte,T cell,CL:0000084,T cell,immature T cell,CL:0002420,immature T cell,thymocyte,CL:0000893,thymocyte,"CD8-positive, alpha-beta thymocyte",CL:0000811,"CD8-positive, alpha-beta thymocyte",,,,,,,,,,azimuth,sc_transcriptomics,
137,cell,CL:0000000,cell,hematopoietic cell,CL:0000988,hematopoietic cell,leukocyte,CL:0000738,leukocyte,mononuclear leukocyte,CL:0000842,mononuclear leukocyte,lymphocyte,CL:0000542,lymphocyte,T cell,CL:0000084,T cell,mature T cell,CL:0002419,mature T cell,memory T cell,CL:0000813,memory T cell,,,,,,,,,,,,,azimuth,sc_transcriptomics,
138,cell,CL:0000000,cell,hematopoietic cell,CL:0000988,hematopoietic cell,leukocyte,CL:0000738,leukocyte,mononuclear leukocyte,CL:0000842,mononuclear leukocyte,lymphocyte,CL:0000542,lymphocyte,innate lymphoid cell,CL:0001065,innate lymphoid cell,group 1 innate lymphoid cell,CL:0001067,group 1 innate lymphoid cell,natural killer cell,CL:0000623,natural killer cell,mature natural killer cell,CL:0000824,mature natural killer cell,"CD16-positive, CD56-dim natural killer cell, human",CL:0000939,"CD16-positive, CD56-dim natural killer cell, human",,,,,,,azimuth,sc_transcriptomics,
140,cell,CL:0000000,cell,hematopoietic cell,CL:0000988,hematopoietic cell,leukocyte,CL:0000738,leukocyte,myeloid leukocyte,CL:0000766,myeloid leukocyte,monocyte,CL:0000576,monocyte,CD14-positive monocyte,CL:0001054,CD14-positive monocyte,"CD14-low, CD16-positive monocyte",CL:0002396,"CD14-low, CD16-positive monocyte",,,,,,,,,,,,,,,,azimuth,sc_transcriptomics,
141,cell,CL:0000000,cell,hematopoietic cell,CL:0000988,hematopoietic cell,leukocyte,CL:0000738,leukocyte,mononuclear leukocyte,CL:0000842,mononuclear leukocyte,lymphocyte,CL:0000542,lymphocyte,T cell,CL:0000084,T cell,mature T cell,CL:0002419,mature T cell,mature alpha-beta T cell,CL:0000791,mature alpha-beta T cell,"CD4-positive, alpha-beta T cell",CL:0000624,"CD4-positive, alpha-beta T cell","CD4-positive, CD25-positive, alpha-beta regulatory T cell",CL:0000792,"CD4-positive, CD25-positive, alpha-beta regulatory T cell",naive regulatory T cell,CL:0002677,naive regulatory T cell,,,,azimuth,sc_transcriptomics,
142,cell,CL:0000000,cell,hematopoietic cell,CL:0000988,hematopoietic cell,leukocyte,CL:0000738,leukocyte,mononuclear leukocyte,CL:0000842,mononuclear leukocyte,lymphocyte,CL:0000542,lymphocyte,T cell,CL:0000084,T cell,mature T cell,CL:0002419,mature T cell,mature alpha-beta T cell,CL:0000791,mature alpha-beta T cell,"CD4-positive, alpha-beta T cell",CL:0000624,"CD4-positive, alpha-beta T cell",CD4-positive helper T cell,CL:0000492,CD4-positive helper T cell,T follicular helper cell,CL:0002038,T follicular helper cell,germinal center T cell,CL:0009062,germinal center T cell,azimuth,sc_transcriptomics,
143,cell,CL:0000000,cell,epithelial cell,CL:0000066,epithelial cell,meso-epithelial cell,CL:0002078,meso-epithelial cell,epithelial cell of uterus,CL:0002149,epithelial cell of uterus,glandular epithelial cell of endometrium,CL:0009084,glandular epithelial cell of endometrium,,,,,,,,,,,,,,,,,,,,,,azimuth,sc_transcriptomics,
144,cell,CL:0000000,cell,epithelial cell,CL:0000066,epithelial cell,endo-epithelial cell,CL:0002076,endo-epithelial cell,respiratory tract epithelial cell,CL:0002368,respiratory tract epithelial cell,epithelial cell of lower respiratory tract,CL:0002632,epithelial cell of lower respiratory tract,epithelial cell of lung,CL:0000082,epithelial cell of lung,pulmonary ionocyte,CL:0017000,pulmonary ionocyte,,,,,,,,,,,,,,,,azimuth,sc_transcriptomics,
145,cell,CL:0000000,cell,epithelial cell,CL:0000066,epithelial cell,meso-epithelial cell,CL:0002078,meso-epithelial cell,mesothelial cell,CL:0000077,mesothelial cell,mesothelial cell of pleura,CL:1000491,mesothelial cell of pleura,mesothelial cell of visceral pleura,CL:1000493,mesothelial cell of visceral pleura,,,,,,,,,,,,,,,,,,,azimuth,sc_transcriptomics,
146,cell,CL:0000000,cell,epithelial cell,CL:0000066,epithelial cell,kidney epithelial cell,CL:0002518,kidney epithelial cell,epithelial cell of nephron,CL:1000449,epithelial cell of nephron,kidney collecting duct epithelial cell,CL:1000454,kidney collecting duct epithelial cell,kidney medulla collecting duct epithelial cell,CL:1000546,kidney medulla collecting duct epithelial cell,kidney outer medulla collecting duct epithelial cell,CL:1000548,kidney outer medulla collecting duct epithelial cell,kidney outer medulla collecting duct intercalated cell,CL:1000717,kidney outer medulla collecting duct intercalated cell,,,,,,,,,,,,,azimuth,sc_transcriptomics,
147,cell,CL:0000000,cell,neural cell,CL:0002319,neural cell,neuron,CL:0000540,neuron,central nervous system neuron,CL:2000029,central nervous system neuron,interneuron,CL:0000099,interneuron,cortical interneuron,CL:0008031,cortical interneuron,cerebral cortex GABAergic interneuron,CL:0010011,cerebral cortex GABAergic interneuron,medial ganglionic eminence derived GABAergic interneuron,CL:4023069,medial ganglionic eminence derived GABAergic interneuron,sst GABAergic interneuron,CL:4023017,sst GABAergic interneuron,sst chodl GABAergic interneuron,CL:4023121,sst chodl GABAergic interneuron,,,,,,,azimuth,sc_transcriptomics,
148,cell,CL:0000000,cell,endothelial cell,CL:0000115,endothelial cell,endothelial cell of vascular tree,CL:0002139,endothelial cell of vascular tree,blood vessel endothelial cell,CL:0000071,blood vessel endothelial cell,microvascular endothelial cell,CL:2000008,microvascular endothelial cell,capillary endothelial cell,CL:0002144,capillary endothelial cell,pulmonary capillary endothelial cell,CL:4028001,pulmonary capillary endothelial cell,alveolar capillary type 2 endothelial cell,CL:4028003,alveolar capillary type 2 endothelial cell,,,,,,,,,,,,,azimuth,sc_transcriptomics,
149,cell,CL:0000000,cell,hematopoietic cell,CL:0000988,hematopoietic cell,leukocyte,CL:0000738,leukocyte,myeloid leukocyte,CL:0000766,myeloid leukocyte,macrophage,CL:0000235,macrophage,lung macrophage,CL:1001603,lung macrophage,alveolar macrophage,CL:0000583,alveolar macrophage,metallothionein-positive alveolar macrophage,CL:4033042,metallothionein-positive alveolar macrophage,,,,,,,,,,,,,azimuth,sc_transcriptomics,
150,cell,CL:0000000,cell,endothelial cell,CL:0000115,endothelial cell,endothelial cell of vascular tree,CL:0002139,endothelial cell of vascular tree,blood vessel endothelial cell,CL:0000071,blood vessel endothelial cell,vein endothelial cell,CL:0002543,vein endothelial cell,endothelial cell of central vein of liver,CL:4033061,endothelial cell of central vein of liver,,,,,,,,,,,,,,,,,,,azimuth,sc_transcriptomics,
151,cell,CL:0000000,cell,hematopoietic cell,CL:0000988,hematopoietic cell,myeloid cell,CL:0000763,myeloid cell,megakaryocyte-erythroid progenitor cell,CL:0000050,megakaryocyte-erythroid progenitor cell,,,,,,,,,,,,,,,,,,,,,,,,,azimuth,sc_transcriptomics,
152,cell,CL:0000000,cell,hematopoietic cell,CL:0000988,hematopoietic cell,leukocyte,CL:0000738,leukocyte,mononuclear leukocyte,CL:0000842,mononuclear leukocyte,lymphocyte,CL:0000542,lymphocyte,lymphocyte of B lineage,CL:0000945,lymphocyte of B lineage,B cell,CL:0000236,B cell,,,,,,,,,,,,,,,,azimuth,sc_transcriptomics,
153,cell,CL:0000000,cell,hematopoietic cell,CL:0000988,hematopoietic cell,leukocyte,CL:0000738,leukocyte,mononuclear leukocyte,CL:0000842,mononuclear leukocyte,lymphocyte,CL:0000542,lymphocyte,lymphocyte of B lineage,CL:0000945,lymphocyte of B lineage,B cell,CL:0000236,B cell,"B cell, CD19-positive",CL:0001201,"B cell, CD19-positive",transitional stage B cell,CL:0000818,transitional stage B cell,,,,,,,,,,azimuth,sc_transcriptomics,
154,cell,CL:0000000,cell,epithelial cell,CL:0000066,epithelial cell,endo-epithelial cell,CL:0002076,endo-epithelial cell,respiratory tract epithelial cell,CL:0002368,respiratory tract epithelial cell,epithelial cell of lower respiratory tract,CL:0002632,epithelial cell of lower respiratory tract,epithelial cell of tracheobronchial tree,CL:0002202,epithelial cell of tracheobronchial tree,multiciliated columnar cell of tracheobronchial tree,CL:0002145,multiciliated columnar cell of tracheobronchial tree,,,,,,,,,,,,,,,,azimuth,sc_transcriptomics,
155,cell,CL:0000000,cell,hematopoietic cell,CL:0000988,hematopoietic cell,hematopoietic precursor cell,CL:0008001,hematopoietic precursor cell,hematopoietic lineage restricted progenitor cell,CL:0002031,hematopoietic lineage restricted progenitor cell,lymphoid lineage restricted progenitor cell,CL:0000838,lymphoid lineage restricted progenitor cell,pro-T cell,CL:0000827,pro-T cell,early T lineage precursor,CL:0002425,early T lineage precursor,,,,,,,,,,,,,,,,azimuth,sc_transcriptomics,
156,cell,CL:0000000,cell,neural cell,CL:0002319,neural cell,neuron associated cell,CL:0000095,neuron associated cell,glial cell,CL:0000125,glial cell,Schwann cell,CL:0002573,Schwann cell,,,,,,,,,,,,,,,,,,,,,,azimuth,sc_transcriptomics,
157,cell,CL:0000000,cell,endothelial cell,CL:0000115,endothelial cell,endothelial cell of vascular tree,CL:0002139,endothelial cell of vascular tree,blood vessel endothelial cell,CL:0000071,blood vessel endothelial cell,microvascular endothelial cell,CL:2000008,microvascular endothelial cell,vasa recta cell,CL:1001036,vasa recta cell,vasa recta ascending limb cell,CL:1001131,vasa recta ascending limb cell,,,,,,,,,,,,,,,,azimuth,sc_transcriptomics,
158,cell,CL:0000000,cell,neural cell,CL:0002319,neural cell,neuron,CL:0000540,neuron,central nervous system neuron,CL:2000029,central nervous system neuron,neuron of the forebrain,CL:0012001,neuron of the forebrain,cerebral cortex neuron,CL:0010012,cerebral cortex neuron,intratelencephalic-projecting glutamatergic cortical neuron,CL:4023008,intratelencephalic-projecting glutamatergic cortical neuron,L2/3-6 intratelencephalic projecting glutamatergic neuron,CL:4023040,L2/3-6 intratelencephalic projecting glutamatergic neuron,L2/3 intratelencephalic projecting glutamatergic neuron,CL:4030059,L2/3 intratelencephalic projecting glutamatergic neuron,L2/3 intratelencephalic projecting glutamatergic neuron of the primary motor cortex,CL:4023047,L2/3 intratelencephalic projecting glutamatergic neuron of the primary motor cortex,,,,,,,azimuth,sc_transcriptomics,
159,cell,CL:0000000,cell,connective tissue cell,CL:0002320,connective tissue cell,stromal cell,CL:0000499,stromal cell,fibroblast,CL:0000057,fibroblast,kidney interstitial fibroblast,CL:1000692,kidney interstitial fibroblast,renal medullary fibroblast,CL:4030022,renal medullary fibroblast,,,,,,,,,,,,,,,,,,,azimuth,sc_transcriptomics,
160,cell,CL:0000000,cell,hematopoietic cell,CL:0000988,hematopoietic cell,leukocyte,CL:0000738,leukocyte,myeloid leukocyte,CL:0000766,myeloid leukocyte,macrophage,CL:0000235,macrophage,cycling macrophage,CL:4033076,cycling macrophage,,,,,,,,,,,,,,,,,,,azimuth,sc_transcriptomics,
161,cell,CL:0000000,cell,hematopoietic cell,CL:0000988,hematopoietic cell,myeloid cell,CL:0000763,myeloid cell,cycling myeloid cell,CL:4033081,cycling myeloid cell,,,,,,,,,,,,,,,,,,,,,,,,,azimuth,sc_transcriptomics,
162,cell,CL:0000000,cell,,,,,,,,,,,,,,,,,,,,,,,,,,,,,,,,,,azimuth,sc_transcriptomics,
163,cell,CL:0000000,cell,connective tissue cell,CL:0002320,connective tissue cell,myofibroblast cell,CL:0000186,myofibroblast cell,,,,,,,,,,,,,,,,,,,,,,,,,,,,azimuth,sc_transcriptomics,
164,cell,CL:0000000,cell,hematopoietic cell,CL:0000988,hematopoietic cell,leukocyte,CL:0000738,leukocyte,mononuclear leukocyte,CL:0000842,mononuclear leukocyte,mononuclear phagocyte,CL:0000113,mononuclear phagocyte,dendritic cell,CL:0000451,dendritic cell,,,,,,,,,,,,,,,,,,,azimuth,sc_transcriptomics,
165,cell,CL:0000000,cell,hematopoietic cell,CL:0000988,hematopoietic cell,hematopoietic precursor cell,CL:0008001,hematopoietic precursor cell,hematopoietic lineage restricted progenitor cell,CL:0002031,hematopoietic lineage restricted progenitor cell,myeloid lineage restricted progenitor cell,CL:0000839,myeloid lineage restricted progenitor cell,megakaryocyte progenitor cell,CL:0000553,megakaryocyte progenitor cell,,,,,,,,,,,,,,,,,,,azimuth,sc_transcriptomics,
166,cell,CL:0000000,cell,hematopoietic cell,CL:0000988,hematopoietic cell,leukocyte,CL:0000738,leukocyte,mononuclear leukocyte,CL:0000842,mononuclear leukocyte,lymphocyte,CL:0000542,lymphocyte,innate lymphoid cell,CL:0001065,innate lymphoid cell,group 1 innate lymphoid cell,CL:0001067,group 1 innate lymphoid cell,natural killer cell,CL:0000623,natural killer cell,,,,,,,,,,,,,azimuth,sc_transcriptomics,
167,cell,CL:0000000,cell,hematopoietic cell,CL:0000988,hematopoietic cell,leukocyte,CL:0000738,leukocyte,mononuclear leukocyte,CL:0000842,mononuclear leukocyte,lymphocyte,CL:0000542,lymphocyte,T cell,CL:0000084,T cell,mature T cell,CL:0002419,mature T cell,mature alpha-beta T cell,CL:0000791,mature alpha-beta T cell,"CD4-positive, alpha-beta T cell",CL:0000624,"CD4-positive, alpha-beta T cell",,,,,,,,,,azimuth,sc_transcriptomics,
168,cell,CL:0000000,cell,connective tissue cell,CL:0002320,connective tissue cell,pericyte,CL:0000669,pericyte,,,,,,,,,,,,,,,,,,,,,,,,,,,,azimuth,sc_transcriptomics,
169,cell,CL:0000000,cell,hematopoietic cell,CL:0000988,hematopoietic cell,leukocyte,CL:0000738,leukocyte,,,,,,,,,,,,,,,,,,,,,,,,,,,,azimuth,sc_transcriptomics,
170,cell,CL:0000000,cell,hematopoietic cell,CL:0000988,hematopoietic cell,leukocyte,CL:0000738,leukocyte,mononuclear leukocyte,CL:0000842,mononuclear leukocyte,lymphocyte,CL:0000542,lymphocyte,T cell,CL:0000084,T cell,mature T cell,CL:0002419,mature T cell,mature alpha-beta T cell,CL:0000791,mature alpha-beta T cell,"CD4-positive, alpha-beta T cell",CL:0000624,"CD4-positive, alpha-beta T cell","CD4-positive, alpha-beta memory T cell",CL:0000897,"CD4-positive, alpha-beta memory T cell","CD4-positive, alpha-beta memory T cell, CD45RO-positive",CL:0001204,"CD4-positive, alpha-beta memory T cell, CD45RO-positive","central memory CD4-positive, alpha-beta T cell",CL:0000904,"central memory CD4-positive, alpha-beta T cell",azimuth,sc_transcriptomics,
171,cell,CL:0000000,cell,hematopoietic cell,CL:0000988,hematopoietic cell,leukocyte,CL:0000738,leukocyte,mononuclear leukocyte,CL:0000842,mononuclear leukocyte,lymphocyte,CL:0000542,lymphocyte,innate lymphoid cell,CL:0001065,innate lymphoid cell,group 1 innate lymphoid cell,CL:0001067,group 1 innate lymphoid cell,natural killer cell,CL:0000623,natural killer cell,mature natural killer cell,CL:0000824,mature natural killer cell,"CD16-negative, CD56-bright natural killer cell, human",CL:0000938,"CD16-negative, CD56-bright natural killer cell, human",,,,,,,azimuth,sc_transcriptomics,
172,cell,CL:0000000,cell,hematopoietic cell,CL:0000988,hematopoietic cell,leukocyte,CL:0000738,leukocyte,mononuclear leukocyte,CL:0000842,mononuclear leukocyte,lymphocyte,CL:0000542,lymphocyte,lymphocyte of B lineage,CL:0000945,lymphocyte of B lineage,antibody secreting cell,CL:0000946,antibody secreting cell,,,,,,,,,,,,,,,,azimuth,sc_transcriptomics,
173,cell,CL:0000000,cell,hematopoietic cell,CL:0000988,hematopoietic cell,leukocyte,CL:0000738,leukocyte,mononuclear leukocyte,CL:0000842,mononuclear leukocyte,lymphocyte,CL:0000542,lymphocyte,lymphocyte of B lineage,CL:0000945,lymphocyte of B lineage,antibody secreting cell,CL:0000946,antibody secreting cell,plasma cell,CL:0000786,plasma cell,long lived plasma cell,CL:0000974,long lived plasma cell,IgG plasma cell,CL:0000985,IgG plasma cell,,,,,,,azimuth,sc_transcriptomics,
174,cell,CL:0000000,cell,hematopoietic cell,CL:0000988,hematopoietic cell,leukocyte,CL:0000738,leukocyte,mononuclear leukocyte,CL:0000842,mononuclear leukocyte,mononuclear phagocyte,CL:0000113,mononuclear phagocyte,dendritic cell,CL:0000451,dendritic cell,plasmacytoid dendritic cell,CL:0000784,plasmacytoid dendritic cell,"plasmacytoid dendritic cell, human",CL:0001058,"plasmacytoid dendritic cell, human",,,,,,,,,,,,,azimuth,sc_transcriptomics,
175,cell,CL:0000000,cell,hematopoietic cell,CL:0000988,hematopoietic cell,leukocyte,CL:0000738,leukocyte,mononuclear leukocyte,CL:0000842,mononuclear leukocyte,mononuclear phagocyte,CL:0000113,mononuclear phagocyte,dendritic cell,CL:0000451,dendritic cell,conventional dendritic cell,CL:0000990,conventional dendritic cell,myeloid dendritic cell,CL:0000782,myeloid dendritic cell,CD141-positive myeloid dendritic cell,CL:0002394,CD141-positive myeloid dendritic cell,,,,,,,,,,azimuth,sc_transcriptomics,
176,cell,CL:0000000,cell,endothelial cell,CL:0000115,endothelial cell,endothelial cell of vascular tree,CL:0002139,endothelial cell of vascular tree,blood vessel endothelial cell,CL:0000071,blood vessel endothelial cell,vein endothelial cell,CL:0002543,vein endothelial cell,endothelial cell of hepatic portal vein,CL:0009094,endothelial cell of hepatic portal vein,,,,,,,,,,,,,,,,,,,azimuth,sc_transcriptomics,
177,cell,CL:0000000,cell,hematopoietic cell,CL:0000988,hematopoietic cell,leukocyte,CL:0000738,leukocyte,mononuclear leukocyte,CL:0000842,mononuclear leukocyte,mononuclear phagocyte,CL:0000113,mononuclear phagocyte,dendritic cell,CL:0000451,dendritic cell,"dendritic cell, human",CL:0001056,"dendritic cell, human","Axl+ dendritic cell, human",CL:0017009,"Axl+ dendritic cell, human",,,,,,,,,,,,,azimuth,sc_transcriptomics,
178,cell,CL:0000000,cell,neural cell,CL:0002319,neural cell,neuron,CL:0000540,neuron,afferent neuron,CL:0000526,afferent neuron,sensory neuron,CL:0000101,sensory neuron,neuronal receptor cell,CL:0000006,neuronal receptor cell,pulmonary neuroendocrine cell,CL:1000223,pulmonary neuroendocrine cell,,,,,,,,,,,,,,,,azimuth,sc_transcriptomics,
179,cell,CL:0000000,cell,epithelial cell,CL:0000066,epithelial cell,kidney epithelial cell,CL:0002518,kidney epithelial cell,epithelial cell of nephron,CL:1000449,epithelial cell of nephron,kidney collecting duct epithelial cell,CL:1000454,kidney collecting duct epithelial cell,kidney medulla collecting duct epithelial cell,CL:1000546,kidney medulla collecting duct epithelial cell,kidney outer medulla collecting duct epithelial cell,CL:1000548,kidney outer medulla collecting duct epithelial cell,kidney outer medulla collecting duct principal cell,CL:1000716,kidney outer medulla collecting duct principal cell,,,,,,,,,,,,,azimuth,sc_transcriptomics,
180,cell,CL:0000000,cell,epithelial cell,CL:0000066,epithelial cell,kidney epithelial cell,CL:0002518,kidney epithelial cell,epithelial cell of nephron,CL:1000449,epithelial cell of nephron,nephron tubule epithelial cell,CL:1000494,nephron tubule epithelial cell,kidney loop of Henle epithelial cell,CL:1000909,kidney loop of Henle epithelial cell,kidney loop of Henle descending limb epithelial cell,CL:1001021,kidney loop of Henle descending limb epithelial cell,kidney loop of Henle thin descending limb epithelial cell,CL:1001111,kidney loop of Henle thin descending limb epithelial cell,kidney loop of Henle long descending thin limb inner medulla epithelial cell,CL:4030014,kidney loop of Henle long descending thin limb inner medulla epithelial cell,,,,,,,,,,azimuth,sc_transcriptomics,
181,cell,CL:0000000,cell,epithelial cell,CL:0000066,epithelial cell,kidney epithelial cell,CL:0002518,kidney epithelial cell,epithelial cell of nephron,CL:1000449,epithelial cell of nephron,nephron tubule epithelial cell,CL:1000494,nephron tubule epithelial cell,kidney loop of Henle epithelial cell,CL:1000909,kidney loop of Henle epithelial cell,kidney loop of Henle descending limb epithelial cell,CL:1001021,kidney loop of Henle descending limb epithelial cell,kidney loop of Henle thin descending limb epithelial cell,CL:1001111,kidney loop of Henle thin descending limb epithelial cell,,,,,,,,,,,,,azimuth,sc_transcriptomics,
182,cell,CL:0000000,cell,epithelial cell,CL:0000066,epithelial cell,kidney epithelial cell,CL:0002518,kidney epithelial cell,renal cortical epithelial cell,CL:0002584,renal cortical epithelial cell,kidney cortex tubule cell,CL:1000615,kidney cortex tubule cell,kidney connecting tubule epithelial cell,CL:1000768,kidney connecting tubule epithelial cell,kidney connecting tubule principal cell,CL:4030018,kidney connecting tubule principal cell,,,,,,,,,,,,,,,,azimuth,sc_transcriptomics,
183,cell,CL:0000000,cell,connective tissue cell,CL:0002320,connective tissue cell,stromal cell,CL:0000499,stromal cell,fibroblast,CL:0000057,fibroblast,fibroblast of lung,CL:0002553,fibroblast of lung,subpleural fibroblast,CL:4052029,subpleural fibroblast,,,,,,,,,,,,,,,,,,,azimuth,sc_transcriptomics,
184,cell,CL:0000000,cell,precursor cell,CL:0011115,precursor cell,,,,,,,,,,,,,,,,,,,,,,,,,,,,,,,azimuth,sc_transcriptomics,
185,cell,CL:0000000,cell,hematopoietic cell,CL:0000988,hematopoietic cell,hematopoietic precursor cell,CL:0008001,hematopoietic precursor cell,hematopoietic oligopotent progenitor cell,CL:0002032,hematopoietic oligopotent progenitor cell,common lymphoid progenitor,CL:0000051,common lymphoid progenitor,,,,,,,,,,,,,,,,,,,,,,azimuth,sc_transcriptomics,
186,cell,CL:0000000,cell,connective tissue cell,CL:0002320,connective tissue cell,adipocyte,CL:0000136,adipocyte,white adipocyte,CL:0000448,white adipocyte,,,,,,,,,,,,,,,,,,,,,,,,,azimuth,sc_transcriptomics,
187,cell,CL:0000000,cell,hematopoietic cell,CL:0000988,hematopoietic cell,leukocyte,CL:0000738,leukocyte,mononuclear leukocyte,CL:0000842,mononuclear leukocyte,lymphocyte,CL:0000542,lymphocyte,T cell,CL:0000084,T cell,mature T cell,CL:0002419,mature T cell,mature alpha-beta T cell,CL:0000791,mature alpha-beta T cell,"CD8-positive, alpha-beta T cell",CL:0000625,"CD8-positive, alpha-beta T cell",,,,,,,,,,azimuth,sc_transcriptomics,
188,cell,CL:0000000,cell,hematopoietic cell,CL:0000988,hematopoietic cell,leukocyte,CL:0000738,leukocyte,mononuclear leukocyte,CL:0000842,mononuclear leukocyte,lymphocyte,CL:0000542,lymphocyte,lymphocyte of B lineage,CL:0000945,lymphocyte of B lineage,B cell,CL:0000236,B cell,"B cell, CD19-positive",CL:0001201,"B cell, CD19-positive",mature B cell,CL:0000785,mature B cell,naive B cell,CL:0000788,naive B cell,,,,,,,azimuth,sc_transcriptomics,
189,cell,CL:0000000,cell,hematopoietic cell,CL:0000988,hematopoietic cell,leukocyte,CL:0000738,leukocyte,myeloid leukocyte,CL:0000766,myeloid leukocyte,monocyte,CL:0000576,monocyte,non-classical monocyte,CL:0000875,non-classical monocyte,,,,,,,,,,,,,,,,,,,azimuth,sc_transcriptomics,
190,cell,CL:0000000,cell,hematopoietic cell,CL:0000988,hematopoietic cell,leukocyte,CL:0000738,leukocyte,mononuclear leukocyte,CL:0000842,mononuclear leukocyte,lymphocyte,CL:0000542,lymphocyte,lymphocyte of B lineage,CL:0000945,lymphocyte of B lineage,antibody secreting cell,CL:0000946,antibody secreting cell,plasma cell,CL:0000786,plasma cell,long lived plasma cell,CL:0000974,long lived plasma cell,IgA plasma cell,CL:0000987,IgA plasma cell,,,,,,,azimuth,sc_transcriptomics,
191,cell,CL:0000000,cell,hematopoietic cell,CL:0000988,hematopoietic cell,leukocyte,CL:0000738,leukocyte,myeloid leukocyte,CL:0000766,myeloid leukocyte,monocyte,CL:0000576,monocyte,CD14-positive monocyte,CL:0001054,CD14-positive monocyte,,,,,,,,,,,,,,,,,,,azimuth,sc_transcriptomics,
192,cell,CL:0000000,cell,hematopoietic cell,CL:0000988,hematopoietic cell,leukocyte,CL:0000738,leukocyte,mononuclear leukocyte,CL:0000842,mononuclear leukocyte,lymphocyte,CL:0000542,lymphocyte,T cell,CL:0000084,T cell,mature T cell,CL:0002419,mature T cell,mature alpha-beta T cell,CL:0000791,mature alpha-beta T cell,"CD4-positive, alpha-beta T cell",CL:0000624,"CD4-positive, alpha-beta T cell",CD4-positive helper T cell,CL:0000492,CD4-positive helper T cell,T follicular helper cell,CL:0002038,T follicular helper cell,,,,azimuth,sc_transcriptomics,
193,cell,CL:0000000,cell,epithelial cell,CL:0000066,epithelial cell,endo-epithelial cell,CL:0002076,endo-epithelial cell,respiratory tract epithelial cell,CL:0002368,respiratory tract epithelial cell,,,,,,,,,,,,,,,,,,,,,,,,,azimuth,sc_transcriptomics,
194,cell,CL:0000000,cell,precursor cell,CL:0011115,precursor cell,stem cell,CL:0000034,stem cell,somatic stem cell,CL:0000723,somatic stem cell,epithelial fate stem cell,CL:0000036,epithelial fate stem cell,basal cell,CL:0000646,basal cell,respiratory basal cell,CL:0002633,respiratory basal cell,,,,,,,,,,,,,,,,azimuth,sc_transcriptomics,
195,cell,CL:0000000,cell,epithelial cell,CL:0000066,epithelial cell,secretory epithelial cell,CL:1100001,secretory epithelial cell,enteroendocrine cell,CL:0000164,enteroendocrine cell,pancreatic endocrine cell,CL:0008024,pancreatic endocrine cell,pancreatic epsilon cell,CL:0005019,pancreatic epsilon cell,,,,,,,,,,,,,,,,,,,azimuth,sc_transcriptomics,
196,cell,CL:0000000,cell,endothelial cell,CL:0000115,endothelial cell,endothelial cell of vascular tree,CL:0002139,endothelial cell of vascular tree,blood vessel endothelial cell,CL:0000071,blood vessel endothelial cell,endothelial cell of artery,CL:1000413,endothelial cell of artery,,,,,,,,,,,,,,,,,,,,,,azimuth,sc_transcriptomics,
197,cell,CL:0000000,cell,epithelial cell,CL:0000066,epithelial cell,kidney epithelial cell,CL:0002518,kidney epithelial cell,epithelial cell of nephron,CL:1000449,epithelial cell of nephron,kidney collecting duct epithelial cell,CL:1000454,kidney collecting duct epithelial cell,kidney cortex collecting duct epithelial cell,CL:1000549,kidney cortex collecting duct epithelial cell,kidney cortex collecting duct intercalated cell,CL:1000715,kidney cortex collecting duct intercalated cell,,,,,,,,,,,,,,,,azimuth,sc_transcriptomics,
198,cell,CL:0000000,cell,endothelial cell,CL:0000115,endothelial cell,endothelial cell of vascular tree,CL:0002139,endothelial cell of vascular tree,blood vessel endothelial cell,CL:0000071,blood vessel endothelial cell,microvascular endothelial cell,CL:2000008,microvascular endothelial cell,capillary endothelial cell,CL:0002144,capillary endothelial cell,kidney capillary endothelial cell,CL:1000892,kidney capillary endothelial cell,peritubular capillary endothelial cell,CL:1001033,peritubular capillary endothelial cell,,,,,,,,,,,,,azimuth,sc_transcriptomics,
199,cell,CL:0000000,cell,neural cell,CL:0002319,neural cell,neuron,CL:0000540,neuron,central nervous system neuron,CL:2000029,central nervous system neuron,interneuron,CL:0000099,interneuron,cortical interneuron,CL:0008031,cortical interneuron,cerebral cortex GABAergic interneuron,CL:0010011,cerebral cortex GABAergic interneuron,medial ganglionic eminence derived GABAergic interneuron,CL:4023069,medial ganglionic eminence derived GABAergic interneuron,sst GABAergic interneuron,CL:4023017,sst GABAergic interneuron,,,,,,,,,,azimuth,sc_transcriptomics,
200,cell,CL:0000000,cell,neural cell,CL:0002319,neural cell,neuron,CL:0000540,neuron,glutamatergic neuron,CL:0000679,glutamatergic neuron,near-projecting glutamatergic cortical neuron,CL:4023012,near-projecting glutamatergic cortical neuron,L5/6 near-projecting glutamatergic neuron,CL:4030067,L5/6 near-projecting glutamatergic neuron,L5/6 near-projecting glutamatergic neuron of the primary motor cortex,CL:4023043,L5/6 near-projecting glutamatergic neuron of the primary motor cortex,,,,,,,,,,,,,,,,azimuth,sc_transcriptomics,
201,cell,CL:0000000,cell,hematopoietic cell,CL:0000988,hematopoietic cell,leukocyte,CL:0000738,leukocyte,myeloid leukocyte,CL:0000766,myeloid leukocyte,macrophage,CL:0000235,macrophage,lung macrophage,CL:1001603,lung macrophage,alveolar macrophage,CL:0000583,alveolar macrophage,CCL3-positive alveolar macrophage,CL:4033041,CCL3-positive alveolar macrophage,,,,,,,,,,,,,azimuth,sc_transcriptomics,
202,cell,CL:0000000,cell,epithelial cell,CL:0000066,epithelial cell,endo-epithelial cell,CL:0002076,endo-epithelial cell,respiratory tract epithelial cell,CL:0002368,respiratory tract epithelial cell,deuterosomal cell,CL:4033044,deuterosomal cell,,,,,,,,,,,,,,,,,,,,,,azimuth,sc_transcriptomics,
203,cell,CL:0000000,cell,hematopoietic cell,CL:0000988,hematopoietic cell,leukocyte,CL:0000738,leukocyte,mononuclear leukocyte,CL:0000842,mononuclear leukocyte,lymphocyte,CL:0000542,lymphocyte,lymphocyte of B lineage,CL:0000945,lymphocyte of B lineage,B cell,CL:0000236,B cell,"B cell, CD19-positive",CL:0001201,"B cell, CD19-positive",mature B cell,CL:0000785,mature B cell,preplasmablast,CL:4033065,preplasmablast,,,,,,,azimuth,sc_transcriptomics,
204,cell,CL:0000000,cell,endothelial cell,CL:0000115,endothelial cell,endothelial cell of vascular tree,CL:0002139,endothelial cell of vascular tree,endothelial cell of lymphatic vessel,CL:0002138,endothelial cell of lymphatic vessel,cycling endothelial cell of lymphatic vessel,CL:4033079,cycling endothelial cell of lymphatic vessel,,,,,,,,,,,,,,,,,,,,,,azimuth,sc_transcriptomics,
205,cell,CL:0000000,cell,epithelial cell,CL:0000066,epithelial cell,secretory epithelial cell,CL:1100001,secretory epithelial cell,enteroendocrine cell,CL:0000164,enteroendocrine cell,pancreatic endocrine cell,CL:0008024,pancreatic endocrine cell,pancreatic A cell,CL:0000171,pancreatic A cell,,,,,,,,,,,,,,,,,,,azimuth,sc_transcriptomics,
206,cell,CL:0000000,cell,epithelial cell,CL:0000066,epithelial cell,hepatocyte,CL:0000182,hepatocyte,,,,,,,,,,,,,,,,,,,,,,,,,,,,azimuth,sc_transcriptomics,
207,cell,CL:0000000,cell,hematopoietic cell,CL:0000988,hematopoietic cell,myeloid cell,CL:0000763,myeloid cell,erythroid lineage cell,CL:0000764,erythroid lineage cell,,,,,,,,,,,,,,,,,,,,,,,,,azimuth,sc_transcriptomics,
208,cell,CL:0000000,cell,hematopoietic cell,CL:0000988,hematopoietic cell,leukocyte,CL:0000738,leukocyte,myeloid leukocyte,CL:0000766,myeloid leukocyte,,,,,,,,,,,,,,,,,,,,,,,,,azimuth,sc_transcriptomics,
209,cell,CL:0000000,cell,hematopoietic cell,CL:0000988,hematopoietic cell,leukocyte,CL:0000738,leukocyte,mononuclear leukocyte,CL:0000842,mononuclear leukocyte,lymphocyte,CL:0000542,lymphocyte,lymphocyte of B lineage,CL:0000945,lymphocyte of B lineage,B cell,CL:0000236,B cell,"B cell, CD19-positive",CL:0001201,"B cell, CD19-positive",mature B cell,CL:0000785,mature B cell,,,,,,,,,,azimuth,sc_transcriptomics,
210,cell,CL:0000000,cell,hematopoietic cell,CL:0000988,hematopoietic cell,leukocyte,CL:0000738,leukocyte,mononuclear leukocyte,CL:0000842,mononuclear leukocyte,lymphocyte,CL:0000542,lymphocyte,T cell,CL:0000084,T cell,mature T cell,CL:0002419,mature T cell,naive T cell,CL:0000898,naive T cell,,,,,,,,,,,,,azimuth,sc_transcriptomics,
211,cell,CL:0000000,cell,hematopoietic cell,CL:0000988,hematopoietic cell,leukocyte,CL:0000738,leukocyte,mononuclear leukocyte,CL:0000842,mononuclear leukocyte,lymphocyte,CL:0000542,lymphocyte,T cell,CL:0000084,T cell,mature T cell,CL:0002419,mature T cell,mature alpha-beta T cell,CL:0000791,mature alpha-beta T cell,alpha-beta intraepithelial T cell,CL:0000797,alpha-beta intraepithelial T cell,"CD4-negative, CD8-negative, alpha-beta intraepithelial T cell",CL:0000935,"CD4-negative, CD8-negative, alpha-beta intraepithelial T cell",,,,,,,azimuth,sc_transcriptomics,
212,cell,CL:0000000,cell,endothelial cell,CL:0000115,endothelial cell,endothelial cell of vascular tree,CL:0002139,endothelial cell of vascular tree,endothelial cell of lymphatic vessel,CL:0002138,endothelial cell of lymphatic vessel,,,,,,,,,,,,,,,,,,,,,,,,,azimuth,sc_transcriptomics,
213,cell,CL:0000000,cell,epithelial cell,CL:0000066,epithelial cell,secretory epithelial cell,CL:1100001,secretory epithelial cell,enteroendocrine cell,CL:0000164,enteroendocrine cell,pancreatic endocrine cell,CL:0008024,pancreatic endocrine cell,pancreatic PP cell,CL:0002275,pancreatic PP cell,,,,,,,,,,,,,,,,,,,azimuth,sc_transcriptomics,
214,cell,CL:0000000,cell,endothelial cell,CL:0000115,endothelial cell,cardiac endothelial cell,CL:0010008,cardiac endothelial cell,endocardial cell,CL:0002350,endocardial cell,,,,,,,,,,,,,,,,,,,,,,,,,azimuth,sc_transcriptomics,
215,cell,CL:0000000,cell,connective tissue cell,CL:0002320,connective tissue cell,adipocyte,CL:0000136,adipocyte,subcutaneous adipocyte,CL:0002521,subcutaneous adipocyte,,,,,,,,,,,,,,,,,,,,,,,,,azimuth,sc_transcriptomics,
216,cell,CL:0000000,cell,precursor cell,CL:0011115,precursor cell,stem cell,CL:0000034,stem cell,multi fate stem cell,CL:0000048,multi fate stem cell,mesenchymal stem cell,CL:0000134,mesenchymal stem cell,mesenchymal stem cell of adipose tissue,CL:0002570,mesenchymal stem cell of adipose tissue,,,,,,,,,,,,,,,,,,,azimuth,sc_transcriptomics,
217,cell,CL:0000000,cell,epithelial cell,CL:0000066,epithelial cell,columnar/cuboidal epithelial cell,CL:0000075,columnar/cuboidal epithelial cell,multiciliated epithelial cell,CL:0005012,multiciliated epithelial cell,,,,,,,,,,,,,,,,,,,,,,,,,azimuth,sc_transcriptomics,
218,cell,CL:0000000,cell,endothelial cell,CL:0000115,endothelial cell,endothelial cell of vascular tree,CL:0002139,endothelial cell of vascular tree,blood vessel endothelial cell,CL:0000071,blood vessel endothelial cell,endothelial cell of artery,CL:1000413,endothelial cell of artery,pulmonary artery endothelial cell,CL:1001568,pulmonary artery endothelial cell,,,,,,,,,,,,,,,,,,,azimuth,sc_transcriptomics,
219,cell,CL:0000000,cell,neural cell,CL:0002319,neural cell,neuron,CL:0000540,neuron,central nervous system neuron,CL:2000029,central nervous system neuron,neuron of the forebrain,CL:0012001,neuron of the forebrain,cerebral cortex neuron,CL:0010012,cerebral cortex neuron,intratelencephalic-projecting glutamatergic cortical neuron,CL:4023008,intratelencephalic-projecting glutamatergic cortical neuron,L2/3-6 intratelencephalic projecting glutamatergic neuron,CL:4023040,L2/3-6 intratelencephalic projecting glutamatergic neuron,L5 intratelencephalic projecting glutamatergic neuron,CL:4030064,L5 intratelencephalic projecting glutamatergic neuron,L5 intratelencephalic projecting glutamatergic neuron of the primary motor cortex,CL:4023049,L5 intratelencephalic projecting glutamatergic neuron of the primary motor cortex,,,,,,,azimuth,sc_transcriptomics,
220,cell,CL:0000000,cell,hematopoietic cell,CL:0000988,hematopoietic cell,leukocyte,CL:0000738,leukocyte,mononuclear leukocyte,CL:0000842,mononuclear leukocyte,lymphocyte,CL:0000542,lymphocyte,innate lymphoid cell,CL:0001065,innate lymphoid cell,group 1 innate lymphoid cell,CL:0001067,group 1 innate lymphoid cell,natural killer cell,CL:0000623,natural killer cell,cycling natural killer cell,CL:4033071,cycling natural killer cell,,,,,,,,,,azimuth,sc_transcriptomics,
221,cell,CL:0000000,cell,hematopoietic cell,CL:0000988,hematopoietic cell,leukocyte,CL:0000738,leukocyte,mononuclear leukocyte,CL:0000842,mononuclear leukocyte,lymphocyte,CL:0000542,lymphocyte,innate lymphoid cell,CL:0001065,innate lymphoid cell,group 1 innate lymphoid cell,CL:0001067,group 1 innate lymphoid cell,natural killer cell,CL:0000623,natural killer cell,liver-resident natural killer cell,CL:4047101,liver-resident natural killer cell,,,,,,,,,,azimuth,sc_transcriptomics,
222,cell,CL:0000000,cell,epithelial cell,CL:0000066,epithelial cell,meso-epithelial cell,CL:0002078,meso-epithelial cell,mesothelial cell,CL:0000077,mesothelial cell,,,,,,,,,,,,,,,,,,,,,,,,,azimuth,sc_transcriptomics,
223,cell,CL:0000000,cell,neural cell,CL:0002319,neural cell,neuron associated cell,CL:0000095,neuron associated cell,glial cell,CL:0000125,glial cell,macroglial cell,CL:0000126,macroglial cell,astrocyte,CL:0000127,astrocyte,,,,,,,,,,,,,,,,,,,azimuth,sc_transcriptomics,
224,cell,CL:0000000,cell,neural cell,CL:0002319,neural cell,neuron associated cell,CL:0000095,neuron associated cell,glial cell,CL:0000125,glial cell,macroglial cell,CL:0000126,macroglial cell,oligodendrocyte,CL:0000128,oligodendrocyte,,,,,,,,,,,,,,,,,,,azimuth,sc_transcriptomics,
225,cell,CL:0000000,cell,connective tissue cell,CL:0002320,connective tissue cell,adipocyte,CL:0000136,adipocyte,,,,,,,,,,,,,,,,,,,,,,,,,,,,azimuth,sc_transcriptomics,
226,cell,CL:0000000,cell,muscle cell,CL:0000187,muscle cell,non-striated muscle cell,CL:0008000,non-striated muscle cell,smooth muscle cell,CL:0000192,smooth muscle cell,kidney granular cell,CL:0000648,kidney granular cell,,,,,,,,,,,,,,,,,,,,,,azimuth,sc_transcriptomics,
227,cell,CL:0000000,cell,hematopoietic cell,CL:0000988,hematopoietic cell,leukocyte,CL:0000738,leukocyte,myeloid leukocyte,CL:0000766,myeloid leukocyte,monocyte,CL:0000576,monocyte,classical monocyte,CL:0000860,classical monocyte,,,,,,,,,,,,,,,,,,,azimuth,sc_transcriptomics,
228,cell,CL:0000000,cell,hematopoietic cell,CL:0000988,hematopoietic cell,leukocyte,CL:0000738,leukocyte,mononuclear leukocyte,CL:0000842,mononuclear leukocyte,lymphocyte,CL:0000542,lymphocyte,T cell,CL:0000084,T cell,mature T cell,CL:0002419,mature T cell,naive T cell,CL:0000898,naive T cell,"naive thymus-derived CD4-positive, alpha-beta T cell",CL:0000895,"naive thymus-derived CD4-positive, alpha-beta T cell",,,,,,,,,,azimuth,sc_transcriptomics,
229,cell,CL:0000000,cell,hematopoietic cell,CL:0000988,hematopoietic cell,leukocyte,CL:0000738,leukocyte,mononuclear leukocyte,CL:0000842,mononuclear leukocyte,lymphocyte,CL:0000542,lymphocyte,lymphocyte of B lineage,CL:0000945,lymphocyte of B lineage,B cell,CL:0000236,B cell,"B cell, CD19-positive",CL:0001201,"B cell, CD19-positive",mature B cell,CL:0000785,mature B cell,memory B cell,CL:0000787,memory B cell,class switched memory B cell,CL:0000972,class switched memory B cell,,,,azimuth,sc_transcriptomics,
230,cell,CL:0000000,cell,hematopoietic cell,CL:0000988,hematopoietic cell,leukocyte,CL:0000738,leukocyte,mononuclear leukocyte,CL:0000842,mononuclear leukocyte,lymphocyte,CL:0000542,lymphocyte,T cell,CL:0000084,T cell,mature T cell,CL:0002419,mature T cell,effector T cell,CL:0000911,effector T cell,"effector CD8-positive, alpha-beta T cell",CL:0001050,"effector CD8-positive, alpha-beta T cell",,,,,,,,,,azimuth,sc_transcriptomics,
231,cell,CL:0000000,cell,hematopoietic cell,CL:0000988,hematopoietic cell,leukocyte,CL:0000738,leukocyte,mononuclear leukocyte,CL:0000842,mononuclear leukocyte,lymphocyte,CL:0000542,lymphocyte,innate lymphoid cell,CL:0001065,innate lymphoid cell,,,,,,,,,,,,,,,,,,,azimuth,sc_transcriptomics,
232,cell,CL:0000000,cell,connective tissue cell,CL:0002320,connective tissue cell,pericyte,CL:0000669,pericyte,lung pericyte,CL:0009089,lung pericyte,,,,,,,,,,,,,,,,,,,,,,,,,azimuth,sc_transcriptomics,
233,cell,CL:0000000,cell,hematopoietic cell,CL:0000988,hematopoietic cell,leukocyte,CL:0000738,leukocyte,mononuclear leukocyte,CL:0000842,mononuclear leukocyte,lymphocyte,CL:0000542,lymphocyte,lymphocyte of B lineage,CL:0000945,lymphocyte of B lineage,B cell,CL:0000236,B cell,"B cell, CD19-positive",CL:0001201,"B cell, CD19-positive",mature B cell,CL:0000785,mature B cell,germinal center B cell,CL:0000844,germinal center B cell,tonsil germinal center B cell,CL:2000006,tonsil germinal center B cell,,,,azimuth,sc_transcriptomics,
234,cell,CL:0000000,cell,epithelial cell,CL:0000066,epithelial cell,kidney epithelial cell,CL:0002518,kidney epithelial cell,epithelial cell of nephron,CL:1000449,epithelial cell of nephron,nephron tubule epithelial cell,CL:1000494,nephron tubule epithelial cell,epithelial cell of distal tubule,CL:0002305,epithelial cell of distal tubule,kidney distal convoluted tubule epithelial cell,CL:1000849,kidney distal convoluted tubule epithelial cell,epithelial cell of early distal convoluted tubule,CL:4030016,epithelial cell of early distal convoluted tubule,,,,,,,,,,,,,azimuth,sc_transcriptomics,
235,cell,CL:0000000,cell,epithelial cell,CL:0000066,epithelial cell,endo-epithelial cell,CL:0002076,endo-epithelial cell,respiratory tract epithelial cell,CL:0002368,respiratory tract epithelial cell,epithelial cell of lower respiratory tract,CL:0002632,epithelial cell of lower respiratory tract,epithelial cell of tracheobronchial tree,CL:0002202,epithelial cell of tracheobronchial tree,bronchial epithelial cell,CL:0002328,bronchial epithelial cell,mucus secreting cell of bronchus submucosal gland,CL:4033022,mucus secreting cell of bronchus submucosal gland,,,,,,,,,,,,,azimuth,sc_transcriptomics,
236,cell,CL:0000000,cell,hematopoietic cell,CL:0000988,hematopoietic cell,hematopoietic precursor cell,CL:0008001,hematopoietic precursor cell,hematopoietic oligopotent progenitor cell,CL:0002032,hematopoietic oligopotent progenitor cell,common myeloid progenitor,CL:0000049,common myeloid progenitor,,,,,,,,,,,,,,,,,,,,,,azimuth,sc_transcriptomics,
237,cell,CL:0000000,cell,connective tissue cell,CL:0002320,connective tissue cell,stromal cell,CL:0000499,stromal cell,fibroblast,CL:0000057,fibroblast,,,,,,,,,,,,,,,,,,,,,,,,,azimuth,sc_transcriptomics,
238,cell,CL:0000000,cell,epithelial cell,CL:0000066,epithelial cell,secretory epithelial cell,CL:1100001,secretory epithelial cell,enteroendocrine cell,CL:0000164,enteroendocrine cell,pancreatic endocrine cell,CL:0008024,pancreatic endocrine cell,type B pancreatic cell,CL:0000169,type B pancreatic cell,,,,,,,,,,,,,,,,,,,azimuth,sc_transcriptomics,
239,cell,CL:0000000,cell,neural cell,CL:0002319,neural cell,neuron,CL:0000540,neuron,efferent neuron,CL:0000527,efferent neuron,neuroendocrine cell,CL:0000165,neuroendocrine cell,type D enteroendocrine cell,CL:0000502,type D enteroendocrine cell,pancreatic D cell,CL:0000173,pancreatic D cell,,,,,,,,,,,,,,,,azimuth,sc_transcriptomics,
240,cell,CL:0000000,cell,hematopoietic cell,CL:0000988,hematopoietic cell,leukocyte,CL:0000738,leukocyte,mononuclear leukocyte,CL:0000842,mononuclear leukocyte,mononuclear phagocyte,CL:0000113,mononuclear phagocyte,dendritic cell,CL:0000451,dendritic cell,plasmacytoid dendritic cell,CL:0000784,plasmacytoid dendritic cell,,,,,,,,,,,,,,,,azimuth,sc_transcriptomics,
241,cell,CL:0000000,cell,hematopoietic cell,CL:0000988,hematopoietic cell,leukocyte,CL:0000738,leukocyte,mononuclear leukocyte,CL:0000842,mononuclear leukocyte,lymphocyte,CL:0000542,lymphocyte,lymphocyte of B lineage,CL:0000945,lymphocyte of B lineage,antibody secreting cell,CL:0000946,antibody secreting cell,plasma cell,CL:0000786,plasma cell,,,,,,,,,,,,,azimuth,sc_transcriptomics,
242,cell,CL:0000000,cell,hematopoietic cell,CL:0000988,hematopoietic cell,leukocyte,CL:0000738,leukocyte,mononuclear leukocyte,CL:0000842,mononuclear leukocyte,lymphocyte,CL:0000542,lymphocyte,lymphocyte of B lineage,CL:0000945,lymphocyte of B lineage,B cell,CL:0000236,B cell,"B cell, CD19-positive",CL:0001201,"B cell, CD19-positive",precursor B cell,CL:0000817,precursor B cell,,,,,,,,,,azimuth,sc_transcriptomics,
243,cell,CL:0000000,cell,hematopoietic cell,CL:0000988,hematopoietic cell,leukocyte,CL:0000738,leukocyte,mononuclear leukocyte,CL:0000842,mononuclear leukocyte,lymphocyte,CL:0000542,lymphocyte,T cell,CL:0000084,T cell,mature T cell,CL:0002419,mature T cell,effector T cell,CL:0000911,effector T cell,"effector CD4-positive, alpha-beta T cell",CL:0001044,"effector CD4-positive, alpha-beta T cell",,,,,,,,,,azimuth,sc_transcriptomics,
244,cell,CL:0000000,cell,epithelial cell,CL:0000066,epithelial cell,kidney epithelial cell,CL:0002518,kidney epithelial cell,epithelial cell of nephron,CL:1000449,epithelial cell of nephron,nephron tubule epithelial cell,CL:1000494,nephron tubule epithelial cell,epithelial cell of proximal tubule,CL:0002306,epithelial cell of proximal tubule,,,,,,,,,,,,,,,,,,,azimuth,sc_transcriptomics,
245,cell,CL:0000000,cell,epithelial cell,CL:0000066,epithelial cell,kidney epithelial cell,CL:0002518,kidney epithelial cell,epithelial cell of nephron,CL:1000449,epithelial cell of nephron,nephron tubule epithelial cell,CL:1000494,nephron tubule epithelial cell,epithelial cell of distal tubule,CL:0002305,epithelial cell of distal tubule,kidney loop of Henle ascending limb epithelial cell,CL:1001016,kidney loop of Henle ascending limb epithelial cell,kidney loop of Henle thick ascending limb epithelial cell,CL:1001106,kidney loop of Henle thick ascending limb epithelial cell,kidney loop of Henle cortical thick ascending limb epithelial cell,CL:1001109,kidney loop of Henle cortical thick ascending limb epithelial cell,,,,,,,,,,azimuth,sc_transcriptomics,
246,cell,CL:0000000,cell,epithelial cell,CL:0000066,epithelial cell,kidney epithelial cell,CL:0002518,kidney epithelial cell,renal cortical epithelial cell,CL:0002584,renal cortical epithelial cell,kidney cortex tubule cell,CL:1000615,kidney cortex tubule cell,kidney connecting tubule epithelial cell,CL:1000768,kidney connecting tubule epithelial cell,kidney connecting tubule intercalated cell,CL:4030019,kidney connecting tubule intercalated cell,kidney connecting tubule alpha-intercalated cell,CL:4030020,kidney connecting tubule alpha-intercalated cell,,,,,,,,,,,,,azimuth,sc_transcriptomics,
247,cell,CL:0000000,cell,precursor cell,CL:0011115,precursor cell,progenitor cell,CL:0011026,progenitor cell,respiratory tract suprabasal cell,CL:4033048,respiratory tract suprabasal cell,,,,,,,,,,,,,,,,,,,,,,,,,azimuth,sc_transcriptomics,
248,cell,CL:0000000,cell,hematopoietic cell,CL:0000988,hematopoietic cell,leukocyte,CL:0000738,leukocyte,mononuclear leukocyte,CL:0000842,mononuclear leukocyte,mononuclear phagocyte,CL:0000113,mononuclear phagocyte,cycling mononuclear phagocyte,CL:4033078,cycling mononuclear phagocyte,,,,,,,,,,,,,,,,,,,azimuth,sc_transcriptomics,
249,cell,CL:0000000,cell,hematopoietic cell,CL:0000988,hematopoietic cell,leukocyte,CL:0000738,leukocyte,mononuclear leukocyte,CL:0000842,mononuclear leukocyte,lymphocyte,CL:0000542,lymphocyte,T cell,CL:0000084,T cell,mature T cell,CL:0002419,mature T cell,mature alpha-beta T cell,CL:0000791,mature alpha-beta T cell,"CD4-positive, alpha-beta T cell",CL:0000624,"CD4-positive, alpha-beta T cell",CD4-positive helper T cell,CL:0000492,CD4-positive helper T cell,T-helper 1 cell,CL:0000545,T-helper 1 cell,,,,celltypist,sc_transcriptomics,
250,cell,CL:0000000,cell,hematopoietic cell,CL:0000988,hematopoietic cell,leukocyte,CL:0000738,leukocyte,mononuclear leukocyte,CL:0000842,mononuclear leukocyte,lymphocyte,CL:0000542,lymphocyte,T cell,CL:0000084,T cell,gamma-delta T cell,CL:0000798,gamma-delta T cell,,,,,,,,,,,,,,,,celltypist,sc_transcriptomics,
251,cell,CL:0000000,cell,hematopoietic cell,CL:0000988,hematopoietic cell,hematopoietic precursor cell,CL:0008001,hematopoietic precursor cell,hematopoietic lineage restricted progenitor cell,CL:0002031,hematopoietic lineage restricted progenitor cell,myeloid lineage restricted progenitor cell,CL:0000839,myeloid lineage restricted progenitor cell,granulocytopoietic cell,CL:0002191,granulocytopoietic cell,promyelocyte,CL:0000836,promyelocyte,,,,,,,,,,,,,,,,celltypist,sc_transcriptomics,
252,cell,CL:0000000,cell,hematopoietic cell,CL:0000988,hematopoietic cell,leukocyte,CL:0000738,leukocyte,mononuclear leukocyte,CL:0000842,mononuclear leukocyte,lymphocyte,CL:0000542,lymphocyte,T cell,CL:0000084,T cell,mature T cell,CL:0002419,mature T cell,mature alpha-beta T cell,CL:0000791,mature alpha-beta T cell,"CD8-positive, alpha-beta T cell",CL:0000625,"CD8-positive, alpha-beta T cell","CD8-positive, alpha-beta memory T cell",CL:0000909,"CD8-positive, alpha-beta memory T cell","effector memory CD8-positive, alpha-beta T cell, terminally differentiated",CL:0001062,"effector memory CD8-positive, alpha-beta T cell, terminally differentiated",,,,celltypist,sc_transcriptomics,
253,cell,CL:0000000,cell,hematopoietic cell,CL:0000988,hematopoietic cell,leukocyte,CL:0000738,leukocyte,mononuclear leukocyte,CL:0000842,mononuclear leukocyte,lymphocyte,CL:0000542,lymphocyte,innate lymphoid cell,CL:0001065,innate lymphoid cell,group 2 innate lymphoid cell,CL:0001069,group 2 innate lymphoid cell,"group 2 innate lymphoid cell, human",CL:0001081,"group 2 innate lymphoid cell, human",,,,,,,,,,,,,celltypist,sc_transcriptomics,
254,cell,CL:0000000,cell,epithelial cell,CL:0000066,epithelial cell,secretory epithelial cell,CL:1100001,secretory epithelial cell,glandular secretory epithelial cell,CL:0000150,glandular secretory epithelial cell,acinar cell,CL:0000622,acinar cell,pancreatic acinar cell,CL:0002064,pancreatic acinar cell,,,,,,,,,,,,,,,,,,,celltypist,sc_transcriptomics,
255,cell,CL:0000000,cell,epithelial cell,CL:0000066,epithelial cell,secretory epithelial cell,CL:1100001,secretory epithelial cell,enteroendocrine cell,CL:0000164,enteroendocrine cell,pancreatic endocrine cell,CL:0008024,pancreatic endocrine cell,pancreatic PP cell,CL:0002275,pancreatic PP cell,,,,,,,,,,,,,,,,,,,celltypist,sc_transcriptomics,
256,cell,CL:0000000,cell,epithelial cell,CL:0000066,epithelial cell,columnar/cuboidal epithelial cell,CL:0000075,columnar/cuboidal epithelial cell,multiciliated epithelial cell,CL:0005012,multiciliated epithelial cell,,,,,,,,,,,,,,,,,,,,,,,,,celltypist,sc_transcriptomics,
257,cell,CL:0000000,cell,epithelial cell,CL:0000066,epithelial cell,columnar/cuboidal epithelial cell,CL:0000075,columnar/cuboidal epithelial cell,brush border epithelial cell,CL:0000239,brush border epithelial cell,enterocyte,CL:0000584,enterocyte,enterocyte of epithelium of small intestine,CL:1000334,enterocyte of epithelium of small intestine,,,,,,,,,,,,,,,,,,,celltypist,sc_transcriptomics,
258,cell,CL:0000000,cell,epithelial cell,CL:0000066,epithelial cell,kidney epithelial cell,CL:0002518,kidney epithelial cell,renal cortical epithelial cell,CL:0002584,renal cortical epithelial cell,kidney corpuscule cell,CL:1000612,kidney corpuscule cell,glomerular cell,CL:1000746,glomerular cell,kidney glomerular epithelial cell,CL:1000510,kidney glomerular epithelial cell,epithelial cell of glomerular capsule,CL:1000450,epithelial cell of glomerular capsule,parietal epithelial cell,CL:1000452,parietal epithelial cell,,,,,,,,,,celltypist,sc_transcriptomics,
259,cell,CL:0000000,cell,connective tissue cell,CL:0002320,connective tissue cell,stromal cell,CL:0000499,stromal cell,fibroblast,CL:0000057,fibroblast,kidney interstitial fibroblast,CL:1000692,kidney interstitial fibroblast,,,,,,,,,,,,,,,,,,,,,,celltypist,sc_transcriptomics,
260,cell,CL:0000000,cell,endothelial cell,CL:0000115,endothelial cell,endothelial cell of vascular tree,CL:0002139,endothelial cell of vascular tree,blood vessel endothelial cell,CL:0000071,blood vessel endothelial cell,microvascular endothelial cell,CL:2000008,microvascular endothelial cell,capillary endothelial cell,CL:0002144,capillary endothelial cell,kidney capillary endothelial cell,CL:1000892,kidney capillary endothelial cell,peritubular capillary endothelial cell,CL:1001033,peritubular capillary endothelial cell,,,,,,,,,,,,,celltypist,sc_transcriptomics,
261,cell,CL:0000000,cell,hematopoietic cell,CL:0000988,hematopoietic cell,leukocyte,CL:0000738,leukocyte,mononuclear leukocyte,CL:0000842,mononuclear leukocyte,lymphocyte,CL:0000542,lymphocyte,lymphocyte of B lineage,CL:0000945,lymphocyte of B lineage,B cell,CL:0000236,B cell,cycling B cell,CL:4033068,cycling B cell,,,,,,,,,,,,,celltypist,sc_transcriptomics,
262,cell,CL:0000000,cell,connective tissue cell,CL:0002320,connective tissue cell,stromal cell,CL:0000499,stromal cell,,,,,,,,,,,,,,,,,,,,,,,,,,,,celltypist,sc_transcriptomics,
263,cell,CL:0000000,cell,hematopoietic cell,CL:0000988,hematopoietic cell,myeloid cell,CL:0000763,myeloid cell,megakaryocyte,CL:0000556,megakaryocyte,,,,,,,,,,,,,,,,,,,,,,,,,celltypist,sc_transcriptomics,
264,cell,CL:0000000,cell,epithelial cell,CL:0000066,epithelial cell,columnar/cuboidal epithelial cell,CL:0000075,columnar/cuboidal epithelial cell,brush border epithelial cell,CL:0000239,brush border epithelial cell,enterocyte,CL:0000584,enterocyte,,,,,,,,,,,,,,,,,,,,,,celltypist,sc_transcriptomics,
265,cell,CL:0000000,cell,germ line cell,CL:0000039,germ line cell,germ cell,CL:0000586,germ cell,,,,,,,,,,,,,,,,,,,,,,,,,,,,celltypist,sc_transcriptomics,
266,cell,CL:0000000,cell,epithelial cell,CL:0000066,epithelial cell,kidney epithelial cell,CL:0002518,kidney epithelial cell,renal cortical epithelial cell,CL:0002584,renal cortical epithelial cell,kidney corpuscule cell,CL:1000612,kidney corpuscule cell,glomerular cell,CL:1000746,glomerular cell,kidney glomerular epithelial cell,CL:1000510,kidney glomerular epithelial cell,epithelial cell of glomerular capsule,CL:1000450,epithelial cell of glomerular capsule,podocyte,CL:0000653,podocyte,,,,,,,,,,celltypist,sc_transcriptomics,
267,cell,CL:0000000,cell,hematopoietic cell,CL:0000988,hematopoietic cell,leukocyte,CL:0000738,leukocyte,mononuclear leukocyte,CL:0000842,mononuclear leukocyte,mononuclear phagocyte,CL:0000113,mononuclear phagocyte,dendritic cell,CL:0000451,dendritic cell,plasmacytoid dendritic cell,CL:0000784,plasmacytoid dendritic cell,,,,,,,,,,,,,,,,celltypist,sc_transcriptomics,
268,cell,CL:0000000,cell,hematopoietic cell,CL:0000988,hematopoietic cell,leukocyte,CL:0000738,leukocyte,mononuclear leukocyte,CL:0000842,mononuclear leukocyte,lymphocyte,CL:0000542,lymphocyte,lymphocyte of B lineage,CL:0000945,lymphocyte of B lineage,B cell,CL:0000236,B cell,"B cell, CD19-positive",CL:0001201,"B cell, CD19-positive",precursor B cell,CL:0000817,precursor B cell,,,,,,,,,,celltypist,sc_transcriptomics,
269,cell,CL:0000000,cell,hematopoietic cell,CL:0000988,hematopoietic cell,leukocyte,CL:0000738,leukocyte,mononuclear leukocyte,CL:0000842,mononuclear leukocyte,lymphocyte,CL:0000542,lymphocyte,T cell,CL:0000084,T cell,immature T cell,CL:0002420,immature T cell,thymocyte,CL:0000893,thymocyte,,,,,,,,,,,,,celltypist,sc_transcriptomics,
270,cell,CL:0000000,cell,hematopoietic cell,CL:0000988,hematopoietic cell,leukocyte,CL:0000738,leukocyte,mononuclear leukocyte,CL:0000842,mononuclear leukocyte,lymphocyte,CL:0000542,lymphocyte,lymphocyte of B lineage,CL:0000945,lymphocyte of B lineage,B cell,CL:0000236,B cell,"B cell, CD19-positive",CL:0001201,"B cell, CD19-positive",mature B cell,CL:0000785,mature B cell,memory B cell,CL:0000787,memory B cell,unswitched memory B cell,CL:0000970,unswitched memory B cell,,,,celltypist,sc_transcriptomics,
271,cell,CL:0000000,cell,hematopoietic cell,CL:0000988,hematopoietic cell,leukocyte,CL:0000738,leukocyte,mononuclear leukocyte,CL:0000842,mononuclear leukocyte,lymphocyte,CL:0000542,lymphocyte,T cell,CL:0000084,T cell,mature T cell,CL:0002419,mature T cell,mature alpha-beta T cell,CL:0000791,mature alpha-beta T cell,"CD4-positive, alpha-beta T cell",CL:0000624,"CD4-positive, alpha-beta T cell","activated CD4-positive, alpha-beta T cell",CL:0000896,"activated CD4-positive, alpha-beta T cell","activated CD4-positive, alpha-beta T cell, human",CL:0001043,"activated CD4-positive, alpha-beta T cell, human",,,,celltypist,sc_transcriptomics,
272,cell,CL:0000000,cell,muscle cell,CL:0000187,muscle cell,striated muscle cell,CL:0000737,striated muscle cell,cardiac muscle cell,CL:0000746,cardiac muscle cell,specialized cardiac myocyte,CL:0002086,specialized cardiac myocyte,nodal myocyte,CL:0002072,nodal myocyte,,,,,,,,,,,,,,,,,,,celltypist,sc_transcriptomics,
273,cell,CL:0000000,cell,connective tissue cell,CL:0002320,connective tissue cell,stromal cell,CL:0000499,stromal cell,fibroblast,CL:0000057,fibroblast,pancreatic stellate cell,CL:0002410,pancreatic stellate cell,,,,,,,,,,,,,,,,,,,,,,celltypist,sc_transcriptomics,
274,cell,CL:0000000,cell,muscle cell,CL:0000187,muscle cell,non-striated muscle cell,CL:0008000,non-striated muscle cell,smooth muscle cell,CL:0000192,smooth muscle cell,vascular associated smooth muscle cell,CL:0000359,vascular associated smooth muscle cell,blood vessel smooth muscle cell,CL:0019018,blood vessel smooth muscle cell,smooth muscle cell of the pulmonary artery,CL:0002591,smooth muscle cell of the pulmonary artery,,,,,,,,,,,,,,,,celltypist,sc_transcriptomics,
275,cell,CL:0000000,cell,hematopoietic cell,CL:0000988,hematopoietic cell,leukocyte,CL:0000738,leukocyte,myeloid leukocyte,CL:0000766,myeloid leukocyte,macrophage,CL:0000235,macrophage,tissue-resident macrophage,CL:0000864,tissue-resident macrophage,central nervous system macrophage,CL:0000878,central nervous system macrophage,microglial cell,CL:0000129,microglial cell,mature microglial cell,CL:0002629,mature microglial cell,,,,,,,,,,celltypist,sc_transcriptomics,
276,cell,CL:0000000,cell,endothelial cell,CL:0000115,endothelial cell,endothelial cell of vascular tree,CL:0002139,endothelial cell of vascular tree,blood vessel endothelial cell,CL:0000071,blood vessel endothelial cell,endothelial cell of sinusoid,CL:0002262,endothelial cell of sinusoid,endothelial cell of hepatic sinusoid,CL:1000398,endothelial cell of hepatic sinusoid,endothelial cell of periportal hepatic sinusoid,CL:0019021,endothelial cell of periportal hepatic sinusoid,,,,,,,,,,,,,,,,celltypist,sc_transcriptomics,
277,cell,CL:0000000,cell,hematopoietic cell,CL:0000988,hematopoietic cell,leukocyte,CL:0000738,leukocyte,myeloid leukocyte,CL:0000766,myeloid leukocyte,macrophage,CL:0000235,macrophage,lung macrophage,CL:1001603,lung macrophage,alveolar macrophage,CL:0000583,alveolar macrophage,CCL3-positive alveolar macrophage,CL:4033041,CCL3-positive alveolar macrophage,,,,,,,,,,,,,celltypist,sc_transcriptomics,
278,cell,CL:0000000,cell,endothelial cell,CL:0000115,endothelial cell,endothelial cell of vascular tree,CL:0002139,endothelial cell of vascular tree,endothelial cell of lymphatic vessel,CL:0002138,endothelial cell of lymphatic vessel,cycling endothelial cell of lymphatic vessel,CL:4033079,cycling endothelial cell of lymphatic vessel,,,,,,,,,,,,,,,,,,,,,,celltypist,sc_transcriptomics,
279,cell,CL:0000000,cell,muscle cell,CL:0000187,muscle cell,striated muscle cell,CL:0000737,striated muscle cell,myotube,CL:0002372,myotube,skeletal muscle fiber,CL:0008002,skeletal muscle fiber,,,,,,,,,,,,,,,,,,,,,,celltypist,sc_transcriptomics,
280,cell,CL:0000000,cell,precursor cell,CL:0011115,precursor cell,progenitor cell,CL:0011026,progenitor cell,neural progenitor cell,CL:0011020,neural progenitor cell,,,,,,,,,,,,,,,,,,,,,,,,,celltypist,sc_transcriptomics,
281,cell,CL:0000000,cell,epithelial cell,CL:0000066,epithelial cell,columnar/cuboidal epithelial cell,CL:0000075,columnar/cuboidal epithelial cell,neurecto-epithelial cell,CL:0000710,neurecto-epithelial cell,ependymal cell,CL:0000065,ependymal cell,,,,,,,,,,,,,,,,,,,,,,celltypist,sc_transcriptomics,
282,cell,CL:0000000,cell,neural cell,CL:0002319,neural cell,neuron associated cell,CL:0000095,neuron associated cell,glial cell,CL:0000125,glial cell,macroglial cell,CL:0000126,macroglial cell,oligodendrocyte,CL:0000128,oligodendrocyte,,,,,,,,,,,,,,,,,,,celltypist,sc_transcriptomics,
283,cell,CL:0000000,cell,hematopoietic cell,CL:0000988,hematopoietic cell,leukocyte,CL:0000738,leukocyte,mononuclear leukocyte,CL:0000842,mononuclear leukocyte,lymphocyte,CL:0000542,lymphocyte,T cell,CL:0000084,T cell,mature T cell,CL:0002419,mature T cell,mature alpha-beta T cell,CL:0000791,mature alpha-beta T cell,"CD4-positive, alpha-beta T cell",CL:0000624,"CD4-positive, alpha-beta T cell",CD4-positive helper T cell,CL:0000492,CD4-positive helper T cell,T-helper 2 cell,CL:0000546,T-helper 2 cell,,,,celltypist,sc_transcriptomics,
284,cell,CL:0000000,cell,hematopoietic cell,CL:0000988,hematopoietic cell,leukocyte,CL:0000738,leukocyte,mononuclear leukocyte,CL:0000842,mononuclear leukocyte,lymphocyte,CL:0000542,lymphocyte,T cell,CL:0000084,T cell,mature T cell,CL:0002419,mature T cell,mature alpha-beta T cell,CL:0000791,mature alpha-beta T cell,"CD4-positive, alpha-beta T cell",CL:0000624,"CD4-positive, alpha-beta T cell",,,,,,,,,,celltypist,sc_transcriptomics,
285,cell,CL:0000000,cell,hematopoietic cell,CL:0000988,hematopoietic cell,leukocyte,CL:0000738,leukocyte,,,,,,,,,,,,,,,,,,,,,,,,,,,,celltypist,sc_transcriptomics,
286,cell,CL:0000000,cell,muscle cell,CL:0000187,muscle cell,striated muscle cell,CL:0000737,striated muscle cell,cardiac muscle cell,CL:0000746,cardiac muscle cell,,,,,,,,,,,,,,,,,,,,,,,,,celltypist,sc_transcriptomics,
287,cell,CL:0000000,cell,hematopoietic cell,CL:0000988,hematopoietic cell,leukocyte,CL:0000738,leukocyte,myeloid leukocyte,CL:0000766,myeloid leukocyte,macrophage,CL:0000235,macrophage,elicited macrophage,CL:0000861,elicited macrophage,M2 macrophage,CL:0000890,M2 macrophage,,,,,,,,,,,,,,,,celltypist,sc_transcriptomics,
288,cell,CL:0000000,cell,hematopoietic cell,CL:0000988,hematopoietic cell,leukocyte,CL:0000738,leukocyte,mononuclear leukocyte,CL:0000842,mononuclear leukocyte,lymphocyte,CL:0000542,lymphocyte,T cell,CL:0000084,T cell,mature T cell,CL:0002419,mature T cell,mature alpha-beta T cell,CL:0000791,mature alpha-beta T cell,"CD8-positive, alpha-beta T cell",CL:0000625,"CD8-positive, alpha-beta T cell","CD8-positive, alpha-beta memory T cell",CL:0000909,"CD8-positive, alpha-beta memory T cell",,,,,,,celltypist,sc_transcriptomics,
289,cell,CL:0000000,cell,hematopoietic cell,CL:0000988,hematopoietic cell,leukocyte,CL:0000738,leukocyte,mononuclear leukocyte,CL:0000842,mononuclear leukocyte,lymphocyte,CL:0000542,lymphocyte,innate lymphoid cell,CL:0001065,innate lymphoid cell,group 3 innate lymphoid cell,CL:0001071,group 3 innate lymphoid cell,"group 3 innate lymphoid cell, human",CL:0001078,"group 3 innate lymphoid cell, human",,,,,,,,,,,,,celltypist,sc_transcriptomics,
290,cell,CL:0000000,cell,hematopoietic cell,CL:0000988,hematopoietic cell,leukocyte,CL:0000738,leukocyte,mononuclear leukocyte,CL:0000842,mononuclear leukocyte,lymphocyte,CL:0000542,lymphocyte,T cell,CL:0000084,T cell,mature T cell,CL:0002419,mature T cell,mature alpha-beta T cell,CL:0000791,mature alpha-beta T cell,"CD4-positive, alpha-beta T cell",CL:0000624,"CD4-positive, alpha-beta T cell",CD4-positive helper T cell,CL:0000492,CD4-positive helper T cell,T follicular helper cell,CL:0002038,T follicular helper cell,,,,celltypist,sc_transcriptomics,
291,cell,CL:0000000,cell,epithelial cell,CL:0000066,epithelial cell,endo-epithelial cell,CL:0002076,endo-epithelial cell,epithelial cell of alimentary canal,CL:0002251,epithelial cell of alimentary canal,intestinal epithelial cell,CL:0002563,intestinal epithelial cell,intestinal enteroendocrine cell,CL:1001516,intestinal enteroendocrine cell,enteroendocrine cell of small intestine,CL:0009006,enteroendocrine cell of small intestine,type I enteroendocrine cell,CL:0002277,type I enteroendocrine cell,,,,,,,,,,,,,celltypist,sc_transcriptomics,
292,cell,CL:0000000,cell,neural cell,CL:0002319,neural cell,neuron associated cell,CL:0000095,neuron associated cell,glial cell,CL:0000125,glial cell,Schwann cell,CL:0002573,Schwann cell,,,,,,,,,,,,,,,,,,,,,,celltypist,sc_transcriptomics,
293,cell,CL:0000000,cell,epithelial cell,CL:0000066,epithelial cell,hepatocyte,CL:0000182,hepatocyte,midzonal region hepatocyte,CL:0019028,midzonal region hepatocyte,,,,,,,,,,,,,,,,,,,,,,,,,celltypist,sc_transcriptomics,
294,cell,CL:0000000,cell,endothelial cell,CL:0000115,endothelial cell,endothelial cell of vascular tree,CL:0002139,endothelial cell of vascular tree,blood vessel endothelial cell,CL:0000071,blood vessel endothelial cell,microvascular endothelial cell,CL:2000008,microvascular endothelial cell,capillary endothelial cell,CL:0002144,capillary endothelial cell,kidney capillary endothelial cell,CL:1000892,kidney capillary endothelial cell,glomerular capillary endothelial cell,CL:1001005,glomerular capillary endothelial cell,,,,,,,,,,,,,azimuth,sc_transcriptomics,
295,cell,CL:0000000,cell,epithelial cell,CL:0000066,epithelial cell,kidney epithelial cell,CL:0002518,kidney epithelial cell,epithelial cell of nephron,CL:1000449,epithelial cell of nephron,kidney collecting duct epithelial cell,CL:1000454,kidney collecting duct epithelial cell,kidney cortex collecting duct epithelial cell,CL:1000549,kidney cortex collecting duct epithelial cell,kidney cortex collecting duct intercalated cell,CL:1000715,kidney cortex collecting duct intercalated cell,kidney collecting duct beta-intercalated cell,CL:4030005,kidney collecting duct beta-intercalated cell,,,,,,,,,,,,,celltypist,sc_transcriptomics,
296,cell,CL:0000000,cell,epithelial cell,CL:0000066,epithelial cell,endo-epithelial cell,CL:0002076,endo-epithelial cell,respiratory tract epithelial cell,CL:0002368,respiratory tract epithelial cell,deuterosomal cell,CL:4033044,deuterosomal cell,,,,,,,,,,,,,,,,,,,,,,celltypist,sc_transcriptomics,
297,cell,CL:0000000,cell,hematopoietic cell,CL:0000988,hematopoietic cell,hematopoietic precursor cell,CL:0008001,hematopoietic precursor cell,hematopoietic oligopotent progenitor cell,CL:0002032,hematopoietic oligopotent progenitor cell,common myeloid progenitor,CL:0000049,common myeloid progenitor,,,,,,,,,,,,,,,,,,,,,,celltypist,sc_transcriptomics,
298,cell,CL:0000000,cell,hematopoietic cell,CL:0000988,hematopoietic cell,hematopoietic precursor cell,CL:0008001,hematopoietic precursor cell,hematopoietic oligopotent progenitor cell,CL:0002032,hematopoietic oligopotent progenitor cell,common lymphoid progenitor,CL:0000051,common lymphoid progenitor,,,,,,,,,,,,,,,,,,,,,,celltypist,sc_transcriptomics,
299,cell,CL:0000000,cell,neural cell,CL:0002319,neural cell,neuron,CL:0000540,neuron,neural crest derived neuron,CL:0000029,neural crest derived neuron,chromaffin cell,CL:0000166,chromaffin cell,type EC enteroendocrine cell,CL:0000577,type EC enteroendocrine cell,,,,,,,,,,,,,,,,,,,celltypist,sc_transcriptomics,
300,cell,CL:0000000,cell,epithelial cell,CL:0000066,epithelial cell,columnar/cuboidal epithelial cell,CL:0000075,columnar/cuboidal epithelial cell,neurecto-epithelial cell,CL:0000710,neurecto-epithelial cell,ependymal cell,CL:0000065,ependymal cell,choroid plexus epithelial cell,CL:0000706,choroid plexus epithelial cell,,,,,,,,,,,,,,,,,,,celltypist,sc_transcriptomics,
301,cell,CL:0000000,cell,hematopoietic cell,CL:0000988,hematopoietic cell,leukocyte,CL:0000738,leukocyte,mononuclear leukocyte,CL:0000842,mononuclear leukocyte,lymphocyte,CL:0000542,lymphocyte,T cell,CL:0000084,T cell,mature T cell,CL:0002419,mature T cell,mature alpha-beta T cell,CL:0000791,mature alpha-beta T cell,"CD4-positive, alpha-beta T cell",CL:0000624,"CD4-positive, alpha-beta T cell","CD4-positive, CD25-positive, alpha-beta regulatory T cell",CL:0000792,"CD4-positive, CD25-positive, alpha-beta regulatory T cell",,,,,,,celltypist,sc_transcriptomics,
302,cell,CL:0000000,cell,hematopoietic cell,CL:0000988,hematopoietic cell,leukocyte,CL:0000738,leukocyte,mononuclear leukocyte,CL:0000842,mononuclear leukocyte,lymphocyte,CL:0000542,lymphocyte,T cell,CL:0000084,T cell,mature T cell,CL:0002419,mature T cell,mature alpha-beta T cell,CL:0000791,mature alpha-beta T cell,"CD8-positive, alpha-beta T cell",CL:0000625,"CD8-positive, alpha-beta T cell","CD8-positive, alpha-beta cytotoxic T cell",CL:0000794,"CD8-positive, alpha-beta cytotoxic T cell",,,,,,,celltypist,sc_transcriptomics,
303,cell,CL:0000000,cell,hematopoietic cell,CL:0000988,hematopoietic cell,leukocyte,CL:0000738,leukocyte,myeloid leukocyte,CL:0000766,myeloid leukocyte,monocyte,CL:0000576,monocyte,CD14-positive monocyte,CL:0001054,CD14-positive monocyte,"CD14-positive, CD16-negative classical monocyte",CL:0002057,"CD14-positive, CD16-negative classical monocyte",,,,,,,,,,,,,,,,celltypist,sc_transcriptomics,
304,cell,CL:0000000,cell,epithelial cell,CL:0000066,epithelial cell,columnar/cuboidal epithelial cell,CL:0000075,columnar/cuboidal epithelial cell,brush border epithelial cell,CL:0000239,brush border epithelial cell,enterocyte,CL:0000584,enterocyte,enterocyte of epithelium of large intestine,CL:0002071,enterocyte of epithelium of large intestine,,,,,,,,,,,,,,,,,,,celltypist,sc_transcriptomics,
305,cell,CL:0000000,cell,epithelial cell,CL:0000066,epithelial cell,columnar/cuboidal epithelial cell,CL:0000075,columnar/cuboidal epithelial cell,multiciliated epithelial cell,CL:0005012,multiciliated epithelial cell,respiratory tract multiciliated cell,CL:4030034,respiratory tract multiciliated cell,lung multiciliated epithelial cell,CL:1000271,lung multiciliated epithelial cell,,,,,,,,,,,,,,,,,,,celltypist,sc_transcriptomics,
306,cell,CL:0000000,cell,epithelial cell,CL:0000066,epithelial cell,endo-epithelial cell,CL:0002076,endo-epithelial cell,epithelial cell of alimentary canal,CL:0002251,epithelial cell of alimentary canal,intestinal epithelial cell,CL:0002563,intestinal epithelial cell,epithelial cell of large intestine,CL:0002253,epithelial cell of large intestine,colon epithelial cell,CL:0011108,colon epithelial cell,colonocyte,CL:1000347,colonocyte,,,,,,,,,,,,,celltypist,sc_transcriptomics,
307,cell,CL:0000000,cell,melanocyte,CL:0000148,melanocyte,melanocyte of skin,CL:1000458,melanocyte of skin,,,,,,,,,,,,,,,,,,,,,,,,,,,,celltypist,sc_transcriptomics,
308,cell,CL:0000000,cell,epithelial cell,CL:0000066,epithelial cell,kidney epithelial cell,CL:0002518,kidney epithelial cell,epithelial cell of nephron,CL:1000449,epithelial cell of nephron,nephron tubule epithelial cell,CL:1000494,nephron tubule epithelial cell,epithelial cell of distal tubule,CL:0002305,epithelial cell of distal tubule,kidney loop of Henle ascending limb epithelial cell,CL:1001016,kidney loop of Henle ascending limb epithelial cell,kidney loop of Henle thick ascending limb epithelial cell,CL:1001106,kidney loop of Henle thick ascending limb epithelial cell,kidney loop of Henle medullary thick ascending limb epithelial cell,CL:1001108,kidney loop of Henle medullary thick ascending limb epithelial cell,,,,,,,,,,celltypist,sc_transcriptomics,
309,cell,CL:0000000,cell,neural cell,CL:0002319,neural cell,neuron,CL:0000540,neuron,central nervous system neuron,CL:2000029,central nervous system neuron,neuron of the forebrain,CL:0012001,neuron of the forebrain,cerebral cortex neuron,CL:0010012,cerebral cortex neuron,hippocampal neuron,CL:0002608,hippocampal neuron,hippocampal pyramidal neuron,CL:1001571,hippocampal pyramidal neuron,,,,,,,,,,,,,celltypist,sc_transcriptomics,
310,cell,CL:0000000,cell,connective tissue cell,CL:0002320,connective tissue cell,stromal cell,CL:0000499,stromal cell,fibroblast,CL:0000057,fibroblast,pulmonary interstitial fibroblast,CL:0002241,pulmonary interstitial fibroblast,alveolar type 1 fibroblast cell,CL:4028004,alveolar type 1 fibroblast cell,,,,,,,,,,,,,,,,,,,celltypist,sc_transcriptomics,
311,cell,CL:0000000,cell,epithelial cell,CL:0000066,epithelial cell,kidney epithelial cell,CL:0002518,kidney epithelial cell,epithelial cell of nephron,CL:1000449,epithelial cell of nephron,renal intercalated cell,CL:0005010,renal intercalated cell,kidney collecting duct intercalated cell,CL:1001432,kidney collecting duct intercalated cell,kidney collecting duct alpha-intercalated cell,CL:4030015,kidney collecting duct alpha-intercalated cell,,,,,,,,,,,,,,,,celltypist,sc_transcriptomics,
312,cell,CL:0000000,cell,neural cell,CL:0002319,neural cell,neuron,CL:0000540,neuron,neural crest derived neuron,CL:0000029,neural crest derived neuron,chromaffin cell,CL:0000166,chromaffin cell,type EC enteroendocrine cell,CL:0000577,type EC enteroendocrine cell,cycling type EC enteroendocrine cell,CL:4047004,cycling type EC enteroendocrine cell,,,,,,,,,,,,,,,,celltypist,sc_transcriptomics,
313,cell,CL:0000000,cell,precursor cell,CL:0011115,precursor cell,progenitor cell,CL:0011026,progenitor cell,,,,,,,,,,,,,,,,,,,,,,,,,,,,celltypist,sc_transcriptomics,
314,cell,CL:0000000,cell,precursor cell,CL:0011115,precursor cell,progenitor cell,CL:0011026,progenitor cell,neuroblast (sensu Vertebrata),CL:0000031,neuroblast (sensu Vertebrata),cycling neuroblast (sensu Vertebrata),CL:4047005,cycling neuroblast (sensu Vertebrata),,,,,,,,,,,,,,,,,,,,,,celltypist,sc_transcriptomics,
315,cell,CL:0000000,cell,connective tissue cell,CL:0002320,connective tissue cell,stromal cell,CL:0000499,stromal cell,fibroblast,CL:0000057,fibroblast,,,,,,,,,,,,,,,,,,,,,,,,,celltypist,sc_transcriptomics,
316,cell,CL:0000000,cell,neural cell,CL:0002319,neural cell,neuron associated cell,CL:0000095,neuron associated cell,glial cell,CL:0000125,glial cell,,,,,,,,,,,,,,,,,,,,,,,,,celltypist,sc_transcriptomics,
317,cell,CL:0000000,cell,connective tissue cell,CL:0002320,connective tissue cell,adipocyte,CL:0000136,adipocyte,,,,,,,,,,,,,,,,,,,,,,,,,,,,celltypist,sc_transcriptomics,
318,cell,CL:0000000,cell,neural cell,CL:0002319,neural cell,neuron,CL:0000540,neuron,GABAergic neuron,CL:0000617,GABAergic neuron,,,,,,,,,,,,,,,,,,,,,,,,,celltypist,sc_transcriptomics,
319,cell,CL:0000000,cell,hematopoietic cell,CL:0000988,hematopoietic cell,leukocyte,CL:0000738,leukocyte,mononuclear leukocyte,CL:0000842,mononuclear leukocyte,lymphocyte,CL:0000542,lymphocyte,T cell,CL:0000084,T cell,mature T cell,CL:0002419,mature T cell,mature alpha-beta T cell,CL:0000791,mature alpha-beta T cell,"CD4-positive, alpha-beta T cell",CL:0000624,"CD4-positive, alpha-beta T cell",CD4-positive helper T cell,CL:0000492,CD4-positive helper T cell,T-helper 17 cell,CL:0000899,T-helper 17 cell,,,,celltypist,sc_transcriptomics,
320,cell,CL:0000000,cell,epithelial cell,CL:0000066,epithelial cell,endo-epithelial cell,CL:0002076,endo-epithelial cell,respiratory tract epithelial cell,CL:0002368,respiratory tract epithelial cell,epithelial cell of lower respiratory tract,CL:0002632,epithelial cell of lower respiratory tract,epithelial cell of lung,CL:0000082,epithelial cell of lung,pulmonary alveolar epithelial cell,CL:0000322,pulmonary alveolar epithelial cell,pulmonary alveolar type 1 cell,CL:0002062,pulmonary alveolar type 1 cell,,,,,,,,,,,,,celltypist,sc_transcriptomics,
321,cell,CL:0000000,cell,muscle cell,CL:0000187,muscle cell,striated muscle cell,CL:0000737,striated muscle cell,cardiac muscle cell,CL:0000746,cardiac muscle cell,specialized cardiac myocyte,CL:0002086,specialized cardiac myocyte,Purkinje myocyte,CL:0002068,Purkinje myocyte,,,,,,,,,,,,,,,,,,,celltypist,sc_transcriptomics,
322,cell,CL:0000000,cell,epithelial cell,CL:0000066,epithelial cell,duct epithelial cell,CL:0000068,duct epithelial cell,branched duct epithelial cell,CL:0000069,branched duct epithelial cell,pancreatic ductal cell,CL:0002079,pancreatic ductal cell,,,,,,,,,,,,,,,,,,,,,,celltypist,sc_transcriptomics,
323,cell,CL:0000000,cell,hematopoietic cell,CL:0000988,hematopoietic cell,leukocyte,CL:0000738,leukocyte,mononuclear leukocyte,CL:0000842,mononuclear leukocyte,mononuclear phagocyte,CL:0000113,mononuclear phagocyte,dendritic cell,CL:0000451,dendritic cell,conventional dendritic cell,CL:0000990,conventional dendritic cell,Langerhans cell,CL:0000453,Langerhans cell,epidermal Langerhans cell,CL:0002457,epidermal Langerhans cell,,,,,,,,,,celltypist,sc_transcriptomics,
324,cell,CL:0000000,cell,epithelial cell,CL:0000066,epithelial cell,hepatocyte,CL:0000182,hepatocyte,centrilobular region hepatocyte,CL:0019029,centrilobular region hepatocyte,,,,,,,,,,,,,,,,,,,,,,,,,celltypist,sc_transcriptomics,
325,cell,CL:0000000,cell,epithelial cell,CL:0000066,epithelial cell,duct epithelial cell,CL:0000068,duct epithelial cell,branched duct epithelial cell,CL:0000069,branched duct epithelial cell,cholangiocyte,CL:1000488,cholangiocyte,,,,,,,,,,,,,,,,,,,,,,celltypist,sc_transcriptomics,
326,cell,CL:0000000,cell,epithelial cell,CL:0000066,epithelial cell,kidney epithelial cell,CL:0002518,kidney epithelial cell,epithelial cell of nephron,CL:1000449,epithelial cell of nephron,nephron tubule epithelial cell,CL:1000494,nephron tubule epithelial cell,epithelial cell of distal tubule,CL:0002305,epithelial cell of distal tubule,kidney loop of Henle ascending limb epithelial cell,CL:1001016,kidney loop of Henle ascending limb epithelial cell,kidney loop of Henle thin ascending limb epithelial cell,CL:1001107,kidney loop of Henle thin ascending limb epithelial cell,,,,,,,,,,,,,celltypist,sc_transcriptomics,
327,cell,CL:0000000,cell,connective tissue cell,CL:0002320,connective tissue cell,stromal cell,CL:0000499,stromal cell,fibroblast,CL:0000057,fibroblast,mesothelial fibroblast,CL:4023054,mesothelial fibroblast,,,,,,,,,,,,,,,,,,,,,,celltypist,sc_transcriptomics,
328,cell,CL:0000000,cell,hematopoietic cell,CL:0000988,hematopoietic cell,leukocyte,CL:0000738,leukocyte,myeloid leukocyte,CL:0000766,myeloid leukocyte,macrophage,CL:0000235,macrophage,cycling macrophage,CL:4033076,cycling macrophage,,,,,,,,,,,,,,,,,,,celltypist,sc_transcriptomics,
329,cell,CL:0000000,cell,epithelial cell,CL:0000066,epithelial cell,endo-epithelial cell,CL:0002076,endo-epithelial cell,respiratory tract epithelial cell,CL:0002368,respiratory tract epithelial cell,epithelial cell of lower respiratory tract,CL:0002632,epithelial cell of lower respiratory tract,epithelial cell of lung,CL:0000082,epithelial cell of lung,pulmonary alveolar epithelial cell,CL:0000322,pulmonary alveolar epithelial cell,pulmonary alveolar type 2 cell,CL:0002063,pulmonary alveolar type 2 cell,cycling pulmonary alveolar type 2 cell,CL:4033080,cycling pulmonary alveolar type 2 cell,,,,,,,,,,celltypist,sc_transcriptomics,
330,cell,CL:0000000,cell,neural cell,CL:0002319,neural cell,neuron associated cell,CL:0000095,neuron associated cell,glial cell,CL:0000125,glial cell,cycling glial cell,CL:4047002,cycling glial cell,,,,,,,,,,,,,,,,,,,,,,celltypist,sc_transcriptomics,
331,cell,CL:0000000,cell,endothelial cell,CL:0000115,endothelial cell,,,,,,,,,,,,,,,,,,,,,,,,,,,,,,,celltypist,sc_transcriptomics,
332,cell,CL:0000000,cell,precursor cell,CL:0011115,precursor cell,stem cell,CL:0000034,stem cell,multi fate stem cell,CL:0000048,multi fate stem cell,mesenchymal stem cell,CL:0000134,mesenchymal stem cell,,,,,,,,,,,,,,,,,,,,,,celltypist,sc_transcriptomics,
333,cell,CL:0000000,cell,epithelial cell,CL:0000066,epithelial cell,secretory epithelial cell,CL:1100001,secretory epithelial cell,enteroendocrine cell,CL:0000164,enteroendocrine cell,pancreatic endocrine cell,CL:0008024,pancreatic endocrine cell,pancreatic A cell,CL:0000171,pancreatic A cell,,,,,,,,,,,,,,,,,,,celltypist,sc_transcriptomics,
334,cell,CL:0000000,cell,connective tissue cell,CL:0002320,connective tissue cell,stromal cell,CL:0000499,stromal cell,fibroblast,CL:0000057,fibroblast,fibroblast of dense regular elastic tissue,CL:1000307,fibroblast of dense regular elastic tissue,tendon cell,CL:0000388,tendon cell,,,,,,,,,,,,,,,,,,,celltypist,sc_transcriptomics,
335,cell,CL:0000000,cell,epithelial cell,CL:0000066,epithelial cell,endo-epithelial cell,CL:0002076,endo-epithelial cell,epithelial cell of alimentary canal,CL:0002251,epithelial cell of alimentary canal,intestinal epithelial cell,CL:0002563,intestinal epithelial cell,paneth cell,CL:0000510,paneth cell,,,,,,,,,,,,,,,,,,,celltypist,sc_transcriptomics,
336,cell,CL:0000000,cell,epithelial cell,CL:0000066,epithelial cell,endo-epithelial cell,CL:0002076,endo-epithelial cell,epithelial cell of alimentary canal,CL:0002251,epithelial cell of alimentary canal,intestinal epithelial cell,CL:0002563,intestinal epithelial cell,M cell of gut,CL:0000682,M cell of gut,,,,,,,,,,,,,,,,,,,celltypist,sc_transcriptomics,
337,cell,CL:0000000,cell,hematopoietic cell,CL:0000988,hematopoietic cell,leukocyte,CL:0000738,leukocyte,myeloid leukocyte,CL:0000766,myeloid leukocyte,monocyte,CL:0000576,monocyte,classical monocyte,CL:0000860,classical monocyte,,,,,,,,,,,,,,,,,,,celltypist,sc_transcriptomics,
338,cell,CL:0000000,cell,hematopoietic cell,CL:0000988,hematopoietic cell,myeloid cell,CL:0000763,myeloid cell,CD115-positive monocyte OR common dendritic progenitor,CL:0001019,CD115-positive monocyte OR common dendritic progenitor,common dendritic progenitor,CL:0001029,common dendritic progenitor,,,,,,,,,,,,,,,,,,,,,,celltypist,sc_transcriptomics,
339,cell,CL:0000000,cell,connective tissue cell,CL:0002320,connective tissue cell,stromal cell,CL:0000499,stromal cell,fibroblast,CL:0000057,fibroblast,pulmonary interstitial fibroblast,CL:0002241,,,,,,,,,,,,,,,,,,,,,,,celltypist,sc_transcriptomics,
340,cell,CL:0000000,cell,endothelial cell,CL:0000115,endothelial cell,endothelial cell of vascular tree,CL:0002139,endothelial cell of vascular tree,blood vessel endothelial cell,CL:0000071,blood vessel endothelial cell,vein endothelial cell,CL:0002543,vein endothelial cell,,,,,,,,,,,,,,,,,,,,,,celltypist,sc_transcriptomics,
341,cell,CL:0000000,cell,endothelial cell,CL:0000115,endothelial cell,cardiac endothelial cell,CL:0010008,cardiac endothelial cell,,,,,,,,,,,,,,,,,,,,,,,,,,,,celltypist,sc_transcriptomics,
342,cell,CL:0000000,cell,endothelial cell,CL:0000115,endothelial cell,endothelial cell of vascular tree,CL:0002139,endothelial cell of vascular tree,blood vessel endothelial cell,CL:0000071,blood vessel endothelial cell,endothelial cell of arteriole,CL:1000412,endothelial cell of arteriole,,,,,,,,,,,,,,,,,,,,,,celltypist,sc_transcriptomics,
343,cell,CL:0000000,cell,neural cell,CL:0002319,neural cell,neuron,CL:0000540,neuron,central nervous system neuron,CL:2000029,central nervous system neuron,neuron of the forebrain,CL:0012001,neuron of the forebrain,cerebral cortex neuron,CL:0010012,cerebral cortex neuron,cortical granule cell,CL:0001032,cortical granule cell,hippocampal granule cell,CL:0001033,hippocampal granule cell,dentate gyrus granule cell,CL:2000089,dentate gyrus granule cell,,,,,,,,,,celltypist,sc_transcriptomics,
344,cell,CL:0000000,cell,connective tissue cell,CL:0002320,connective tissue cell,stromal cell,CL:0000499,stromal cell,fibroblast,CL:0000057,fibroblast,pulmonary interstitial fibroblast,CL:0002241,pulmonary interstitial fibroblast,alveolar adventitial fibroblast,CL:4028006,alveolar adventitial fibroblast,,,,,,,,,,,,,,,,,,,celltypist,sc_transcriptomics,
345,cell,CL:0000000,cell,epithelial cell,CL:0000066,epithelial cell,kidney epithelial cell,CL:0002518,kidney epithelial cell,epithelial cell of nephron,CL:1000449,epithelial cell of nephron,nephron tubule epithelial cell,CL:1000494,nephron tubule epithelial cell,epithelial cell of proximal tubule,CL:0002306,epithelial cell of proximal tubule,kidney proximal straight tubule epithelial cell,CL:1000839,kidney proximal straight tubule epithelial cell,epithelial cell of proximal tubule segment 3,CL:4030011,epithelial cell of proximal tubule segment 3,,,,,,,,,,,,,celltypist,sc_transcriptomics,
346,cell,CL:0000000,cell,connective tissue cell,CL:0002320,connective tissue cell,pericyte,CL:0000669,pericyte,immature pericyte,CL:4047007,immature pericyte,,,,,,,,,,,,,,,,,,,,,,,,,celltypist,sc_transcriptomics,
347,cell,CL:0000000,cell,,,,,,,,,,,,,,,,,,,,,,,,,,,,,,,,,,celltypist,sc_transcriptomics,
348,cell,CL:0000000,cell,hematopoietic cell,CL:0000988,hematopoietic cell,myeloid cell,CL:0000763,myeloid cell,megakaryocyte-erythroid progenitor cell,CL:0000050,megakaryocyte-erythroid progenitor cell,,,,,,,,,,,,,,,,,,,,,,,,,celltypist,sc_transcriptomics,
349,cell,CL:0000000,cell,hematopoietic cell,CL:0000988,hematopoietic cell,leukocyte,CL:0000738,leukocyte,myeloid leukocyte,CL:0000766,myeloid leukocyte,mast cell,CL:0000097,mast cell,,,,,,,,,,,,,,,,,,,,,,celltypist,sc_transcriptomics,
350,cell,CL:0000000,cell,muscle cell,CL:0000187,muscle cell,non-striated muscle cell,CL:0008000,non-striated muscle cell,smooth muscle cell,CL:0000192,smooth muscle cell,vascular associated smooth muscle cell,CL:0000359,vascular associated smooth muscle cell,,,,,,,,,,,,,,,,,,,,,,celltypist,sc_transcriptomics,
351,cell,CL:0000000,cell,neural cell,CL:0002319,neural cell,neuron,CL:0000540,neuron,central nervous system neuron,CL:2000029,central nervous system neuron,neuron of the forebrain,CL:0012001,neuron of the forebrain,Cajal-Retzius cell,CL:0000695,Cajal-Retzius cell,,,,,,,,,,,,,,,,,,,celltypist,sc_transcriptomics,
352,cell,CL:0000000,cell,hematopoietic cell,CL:0000988,hematopoietic cell,hematopoietic precursor cell,CL:0008001,hematopoietic precursor cell,hematopoietic multipotent progenitor cell,CL:0000837,hematopoietic multipotent progenitor cell,early lymphoid progenitor,CL:0000936,early lymphoid progenitor,,,,,,,,,,,,,,,,,,,,,,celltypist,sc_transcriptomics,
353,cell,CL:0000000,cell,epithelial cell,CL:0000066,epithelial cell,columnar/cuboidal epithelial cell,CL:0000075,columnar/cuboidal epithelial cell,brush cell of tracheobronchial tree,CL:0002075,brush cell of tracheobronchial tree,,,,,,,,,,,,,,,,,,,,,,,,,celltypist,sc_transcriptomics,
354,cell,CL:0000000,cell,muscle cell,CL:0000187,muscle cell,striated muscle cell,CL:0000737,striated muscle cell,cardiac muscle cell,CL:0000746,cardiac muscle cell,regular cardiac myocyte,CL:0002098,regular cardiac myocyte,regular atrial cardiac myocyte,CL:0002129,regular atrial cardiac myocyte,,,,,,,,,,,,,,,,,,,celltypist,sc_transcriptomics,
355,cell,CL:0000000,cell,endothelial cell,CL:0000115,endothelial cell,endothelial cell of vascular tree,CL:0002139,endothelial cell of vascular tree,endothelial cell of lymphatic vessel,CL:0002138,endothelial cell of lymphatic vessel,,,,,,,,,,,,,,,,,,,,,,,,,celltypist,sc_transcriptomics,
356,cell,CL:0000000,cell,hematopoietic cell,CL:0000988,hematopoietic cell,leukocyte,CL:0000738,leukocyte,mononuclear leukocyte,CL:0000842,mononuclear leukocyte,mononuclear phagocyte,CL:0000113,mononuclear phagocyte,dendritic cell,CL:0000451,dendritic cell,conventional dendritic cell,CL:0000990,conventional dendritic cell,myeloid dendritic cell,CL:0000782,myeloid dendritic cell,monocyte-derived dendritic cell,CL:0011031,monocyte-derived dendritic cell,,,,,,,,,,celltypist,sc_transcriptomics,
357,cell,CL:0000000,cell,epithelial cell,CL:0000066,epithelial cell,endo-epithelial cell,CL:0002076,endo-epithelial cell,respiratory tract epithelial cell,CL:0002368,respiratory tract epithelial cell,respiratory tract secretory epithelial cell,CL:0008055,respiratory tract secretory epithelial cell,respiratory tract goblet cell,CL:0002370,respiratory tract goblet cell,tracheobronchial goblet cell,CL:0019003,tracheobronchial goblet cell,,,,,,,,,,,,,,,,celltypist,sc_transcriptomics,
358,cell,CL:0000000,cell,endothelial cell,CL:0000115,endothelial cell,endothelial cell of vascular tree,CL:0002139,endothelial cell of vascular tree,blood vessel endothelial cell,CL:0000071,blood vessel endothelial cell,endothelial cell of artery,CL:1000413,endothelial cell of artery,,,,,,,,,,,,,,,,,,,,,,celltypist,sc_transcriptomics,
359,cell,CL:0000000,cell,epithelial cell,CL:0000066,epithelial cell,kidney epithelial cell,CL:0002518,kidney epithelial cell,epithelial cell of nephron,CL:1000449,epithelial cell of nephron,nephron tubule epithelial cell,CL:1000494,nephron tubule epithelial cell,epithelial cell of distal tubule,CL:0002305,epithelial cell of distal tubule,kidney distal convoluted tubule epithelial cell,CL:1000849,kidney distal convoluted tubule epithelial cell,,,,,,,,,,,,,,,,celltypist,sc_transcriptomics,
360,cell,CL:0000000,cell,epithelial cell,CL:0000066,epithelial cell,kidney epithelial cell,CL:0002518,kidney epithelial cell,epithelial cell of nephron,CL:1000449,epithelial cell of nephron,renal intercalated cell,CL:0005010,renal intercalated cell,kidney collecting duct intercalated cell,CL:1001432,kidney collecting duct intercalated cell,,,,,,,,,,,,,,,,,,,celltypist,sc_transcriptomics,
361,cell,CL:0000000,cell,hematopoietic cell,CL:0000988,hematopoietic cell,leukocyte,CL:0000738,leukocyte,mononuclear leukocyte,CL:0000842,mononuclear leukocyte,lymphocyte,CL:0000542,lymphocyte,T cell,CL:0000084,T cell,cycling T cell,CL:4033069,cycling T cell,,,,,,,,,,,,,,,,celltypist,sc_transcriptomics,
362,cell,CL:0000000,cell,hematopoietic cell,CL:0000988,hematopoietic cell,leukocyte,CL:0000738,leukocyte,myeloid leukocyte,CL:0000766,myeloid leukocyte,macrophage,CL:0000235,macrophage,lung macrophage,CL:1001603,lung macrophage,alveolar macrophage,CL:0000583,alveolar macrophage,cycling alveolar macrophage,CL:4033077,cycling alveolar macrophage,,,,,,,,,,,,,celltypist,sc_transcriptomics,
363,cell,CL:0000000,cell,endothelial cell,CL:0000115,endothelial cell,endothelial cell of vascular tree,CL:0002139,endothelial cell of vascular tree,blood vessel endothelial cell,CL:0000071,blood vessel endothelial cell,endothelial cell of artery,CL:1000413,endothelial cell of artery,fetal artery endothelial cell,CL:4047006,fetal artery endothelial cell,,,,,,,,,,,,,,,,,,,celltypist,sc_transcriptomics,
364,cell,CL:0000000,cell,hematopoietic cell,CL:0000988,hematopoietic cell,leukocyte,CL:0000738,leukocyte,mononuclear leukocyte,CL:0000842,mononuclear leukocyte,lymphocyte,CL:0000542,lymphocyte,T cell,CL:0000084,T cell,mature T cell,CL:0002419,mature T cell,mature alpha-beta T cell,CL:0000791,mature alpha-beta T cell,mature NK T cell,CL:0000814,mature NK T cell,,,,,,,,,,celltypist,sc_transcriptomics,
365,cell,CL:0000000,cell,hematopoietic cell,CL:0000988,hematopoietic cell,leukocyte,CL:0000738,leukocyte,mononuclear leukocyte,CL:0000842,mononuclear leukocyte,lymphocyte,CL:0000542,lymphocyte,T cell,CL:0000084,T cell,mature T cell,CL:0002419,mature T cell,effector T cell,CL:0000911,effector T cell,helper T cell,CL:0000912,helper T cell,,,,,,,,,,celltypist,sc_transcriptomics,
366,cell,CL:0000000,cell,hematopoietic cell,CL:0000988,hematopoietic cell,leukocyte,CL:0000738,leukocyte,mononuclear leukocyte,CL:0000842,mononuclear leukocyte,lymphocyte,CL:0000542,lymphocyte,lymphocyte of B lineage,CL:0000945,lymphocyte of B lineage,B cell,CL:0000236,B cell,"B cell, CD19-positive",CL:0001201,"B cell, CD19-positive",mature B cell,CL:0000785,mature B cell,memory B cell,CL:0000787,memory B cell,class switched memory B cell,CL:0000972,class switched memory B cell,,,,celltypist,sc_transcriptomics,
367,cell,CL:0000000,cell,hematopoietic cell,CL:0000988,hematopoietic cell,leukocyte,CL:0000738,leukocyte,mononuclear leukocyte,CL:0000842,mononuclear leukocyte,lymphocyte,CL:0000542,lymphocyte,innate lymphoid cell,CL:0001065,innate lymphoid cell,group 3 innate lymphoid cell,CL:0001071,group 3 innate lymphoid cell,"group 3 innate lymphoid cell, human",CL:0001078,"group 3 innate lymphoid cell, human",,,,,,,,,,,,,celltypist,sc_transcriptomics,
368,cell,CL:0000000,cell,epithelial cell,CL:0000066,epithelial cell,squamous epithelial cell,CL:0000076,squamous epithelial cell,stratified squamous epithelial cell,CL:0000240,stratified squamous epithelial cell,keratinizing barrier epithelial cell,CL:0000237,keratinizing barrier epithelial cell,keratinocyte,CL:0000312,keratinocyte,epidermal keratinocyte,CL:4052061,epidermal keratinocyte,basal cell of epidermis,CL:0002187,basal cell of epidermis,,,,,,,,,,,,,celltypist,sc_transcriptomics,
369,cell,CL:0000000,cell,neural cell,CL:0002319,neural cell,neuron,CL:0000540,neuron,efferent neuron,CL:0000527,efferent neuron,neuroendocrine cell,CL:0000165,neuroendocrine cell,type D enteroendocrine cell,CL:0000502,type D enteroendocrine cell,type D cell of colon,CL:0002265,type D cell of colon,,,,,,,,,,,,,,,,celltypist,sc_transcriptomics,
370,cell,CL:0000000,cell,epithelial cell,CL:0000066,epithelial cell,endo-epithelial cell,CL:0002076,endo-epithelial cell,epithelial cell of alimentary canal,CL:0002251,epithelial cell of alimentary canal,intestinal epithelial cell,CL:0002563,intestinal epithelial cell,intestinal enteroendocrine cell,CL:1001516,intestinal enteroendocrine cell,type L enteroendocrine cell,CL:0002279,type L enteroendocrine cell,,,,,,,,,,,,,,,,celltypist,sc_transcriptomics,
371,cell,CL:0000000,cell,muscle cell,CL:0000187,muscle cell,non-striated muscle cell,CL:0008000,non-striated muscle cell,smooth muscle cell,CL:0000192,smooth muscle cell,vascular associated smooth muscle cell,CL:0000359,vascular associated smooth muscle cell,smooth muscle cell of the brain vasculature,CL:0002590,smooth muscle cell of the brain vasculature,,,,,,,,,,,,,,,,,,,celltypist,sc_transcriptomics,
372,cell,CL:0000000,cell,neural cell,CL:0002319,neural cell,neuron associated cell,CL:0000095,neuron associated cell,glial cell,CL:0000125,glial cell,cerebral cortex glial cell,CL:1001579,cerebral cortex glial cell,hippocampal glial cell,CL:1001580,hippocampal glial cell,hippocampal astrocyte,CL:0002604,hippocampal astrocyte,,,,,,,,,,,,,,,,celltypist,sc_transcriptomics,
373,cell,CL:0000000,cell,epithelial cell,CL:0000066,epithelial cell,meso-epithelial cell,CL:0002078,meso-epithelial cell,mesothelial cell,CL:0000077,mesothelial cell,mesothelial cell of pleura,CL:1000491,mesothelial cell of pleura,,,,,,,,,,,,,,,,,,,,,,celltypist,sc_transcriptomics,
374,cell,CL:0000000,cell,endothelial cell,CL:0000115,endothelial cell,endothelial cell of vascular tree,CL:0002139,endothelial cell of vascular tree,blood vessel endothelial cell,CL:0000071,blood vessel endothelial cell,microvascular endothelial cell,CL:2000008,microvascular endothelial cell,capillary endothelial cell,CL:0002144,capillary endothelial cell,pulmonary capillary endothelial cell,CL:4028001,pulmonary capillary endothelial cell,alveolar capillary type 2 endothelial cell,CL:4028003,alveolar capillary type 2 endothelial cell,,,,,,,,,,,,,celltypist,sc_transcriptomics,
375,cell,CL:0000000,cell,endothelial cell,CL:0000115,endothelial cell,endothelial cell of vascular tree,CL:0002139,endothelial cell of vascular tree,blood vessel endothelial cell,CL:0000071,blood vessel endothelial cell,microvascular endothelial cell,CL:2000008,microvascular endothelial cell,capillary endothelial cell,CL:0002144,capillary endothelial cell,post-arteriole capillary cell,CL:4047029,post-arteriole capillary cell,,,,,,,,,,,,,,,,celltypist,sc_transcriptomics,
376,cell,CL:0000000,cell,epithelial cell,CL:0000066,epithelial cell,meso-epithelial cell,CL:0002078,meso-epithelial cell,mesothelial cell,CL:0000077,mesothelial cell,,,,,,,,,,,,,,,,,,,,,,,,,celltypist,sc_transcriptomics,
377,cell,CL:0000000,cell,hematopoietic cell,CL:0000988,hematopoietic cell,leukocyte,CL:0000738,leukocyte,mononuclear leukocyte,CL:0000842,mononuclear leukocyte,lymphocyte,CL:0000542,lymphocyte,lymphocyte of B lineage,CL:0000945,lymphocyte of B lineage,antibody secreting cell,CL:0000946,antibody secreting cell,plasma cell,CL:0000786,plasma cell,,,,,,,,,,,,,celltypist,sc_transcriptomics,
378,cell,CL:0000000,cell,hematopoietic cell,CL:0000988,hematopoietic cell,leukocyte,CL:0000738,leukocyte,mononuclear leukocyte,CL:0000842,mononuclear leukocyte,lymphocyte,CL:0000542,lymphocyte,lymphocyte of B lineage,CL:0000945,lymphocyte of B lineage,B cell,CL:0000236,B cell,"B cell, CD19-positive",CL:0001201,"B cell, CD19-positive",precursor B cell,CL:0000817,precursor B cell,pre-B-II cell,CL:0000955,pre-B-II cell,small pre-B-II cell,CL:0000954,small pre-B-II cell,,,,celltypist,sc_transcriptomics,
379,cell,CL:0000000,cell,hematopoietic cell,CL:0000988,hematopoietic cell,leukocyte,CL:0000738,leukocyte,mononuclear leukocyte,CL:0000842,mononuclear leukocyte,mononuclear phagocyte,CL:0000113,mononuclear phagocyte,dendritic cell,CL:0000451,dendritic cell,"dendritic cell, human",CL:0001056,"dendritic cell, human",,,,,,,,,,,,,,,,azimuth,sc_transcriptomics,
380,cell,CL:0000000,cell,muscle cell,CL:0000187,muscle cell,striated muscle cell,CL:0000737,striated muscle cell,cardiac muscle cell,CL:0000746,cardiac muscle cell,regular cardiac myocyte,CL:0002098,regular cardiac myocyte,regular ventricular cardiac myocyte,CL:0002131,regular ventricular cardiac myocyte,,,,,,,,,,,,,,,,,,,celltypist,sc_transcriptomics,
381,cell,CL:0000000,cell,epithelial cell,CL:0000066,epithelial cell,endo-epithelial cell,CL:0002076,endo-epithelial cell,respiratory tract epithelial cell,CL:0002368,respiratory tract epithelial cell,respiratory tract secretory epithelial cell,CL:0008055,respiratory tract secretory epithelial cell,respiratory tract goblet cell,CL:0002370,respiratory tract goblet cell,tracheobronchial goblet cell,CL:0019003,tracheobronchial goblet cell,bronchial goblet cell,CL:1000312,bronchial goblet cell,,,,,,,,,,,,,celltypist,sc_transcriptomics,
382,cell,CL:0000000,cell,epithelial cell,CL:0000066,epithelial cell,kidney epithelial cell,CL:0002518,kidney epithelial cell,renal cortical epithelial cell,CL:0002584,renal cortical epithelial cell,kidney cortex tubule cell,CL:1000615,kidney cortex tubule cell,kidney connecting tubule epithelial cell,CL:1000768,kidney connecting tubule epithelial cell,,,,,,,,,,,,,,,,,,,celltypist,sc_transcriptomics,
383,cell,CL:0000000,cell,precursor cell,CL:0011115,precursor cell,stem cell,CL:0000034,stem cell,,,,,,,,,,,,,,,,,,,,,,,,,,,,celltypist,sc_transcriptomics,
384,cell,CL:0000000,cell,muscle cell,CL:0000187,muscle cell,non-striated muscle cell,CL:0008000,non-striated muscle cell,smooth muscle cell,CL:0000192,smooth muscle cell,,,,,,,,,,,,,,,,,,,,,,,,,celltypist,sc_transcriptomics,
385,cell,CL:0000000,cell,hematopoietic cell,CL:0000988,hematopoietic cell,leukocyte,CL:0000738,leukocyte,mononuclear leukocyte,CL:0000842,mononuclear leukocyte,lymphocyte,CL:0000542,lymphocyte,T cell,CL:0000084,T cell,mature T cell,CL:0002419,mature T cell,mature alpha-beta T cell,CL:0000791,mature alpha-beta T cell,,,,,,,,,,,,,celltypist,sc_transcriptomics,
386,cell,CL:0000000,cell,hematopoietic cell,CL:0000988,hematopoietic cell,hematopoietic precursor cell,CL:0008001,hematopoietic precursor cell,hematopoietic lineage restricted progenitor cell,CL:0002031,hematopoietic lineage restricted progenitor cell,myeloid lineage restricted progenitor cell,CL:0000839,myeloid lineage restricted progenitor cell,granulocytopoietic cell,CL:0002191,granulocytopoietic cell,neutrophil progenitor cell,CL:0000834,neutrophil progenitor cell,,,,,,,,,,,,,,,,celltypist,sc_transcriptomics,
387,cell,CL:0000000,cell,hematopoietic cell,CL:0000988,hematopoietic cell,leukocyte,CL:0000738,leukocyte,mononuclear leukocyte,CL:0000842,mononuclear leukocyte,lymphocyte,CL:0000542,lymphocyte,T cell,CL:0000084,T cell,mature T cell,CL:0002419,mature T cell,mature alpha-beta T cell,CL:0000791,mature alpha-beta T cell,"CD4-positive, alpha-beta T cell",CL:0000624,"CD4-positive, alpha-beta T cell","CD4-positive, alpha-beta memory T cell",CL:0000897,"CD4-positive, alpha-beta memory T cell","CD4-positive, alpha-beta memory T cell, CD45RO-positive",CL:0001204,"CD4-positive, alpha-beta memory T cell, CD45RO-positive","effector memory CD4-positive, alpha-beta T cell",CL:0000905,"effector memory CD4-positive, alpha-beta T cell",celltypist,sc_transcriptomics,
388,cell,CL:0000000,cell,hematopoietic cell,CL:0000988,hematopoietic cell,leukocyte,CL:0000738,leukocyte,mononuclear leukocyte,CL:0000842,mononuclear leukocyte,lymphocyte,CL:0000542,lymphocyte,lymphocyte of B lineage,CL:0000945,lymphocyte of B lineage,B cell,CL:0000236,B cell,"B cell, CD19-positive",CL:0001201,"B cell, CD19-positive",mature B cell,CL:0000785,mature B cell,plasmablast,CL:0000980,plasmablast,,,,,,,celltypist,sc_transcriptomics,
389,cell,CL:0000000,cell,hematopoietic cell,CL:0000988,hematopoietic cell,leukocyte,CL:0000738,leukocyte,mononuclear leukocyte,CL:0000842,mononuclear leukocyte,mononuclear phagocyte,CL:0000113,mononuclear phagocyte,dendritic cell,CL:0000451,dendritic cell,plasmacytoid dendritic cell,CL:0000784,plasmacytoid dendritic cell,"plasmacytoid dendritic cell, human",CL:0001058,"plasmacytoid dendritic cell, human",,,,,,,,,,,,,celltypist,sc_transcriptomics,
390,cell,CL:0000000,cell,epithelial cell,CL:0000066,epithelial cell,kidney epithelial cell,CL:0002518,kidney epithelial cell,epithelial cell of nephron,CL:1000449,epithelial cell of nephron,nephron tubule epithelial cell,CL:1000494,nephron tubule epithelial cell,epithelial cell of proximal tubule,CL:0002306,epithelial cell of proximal tubule,,,,,,,,,,,,,,,,,,,celltypist,sc_transcriptomics,
391,cell,CL:0000000,cell,endothelial cell,CL:0000115,endothelial cell,cardiac endothelial cell,CL:0010008,cardiac endothelial cell,endocardial cell,CL:0002350,endocardial cell,,,,,,,,,,,,,,,,,,,,,,,,,celltypist,sc_transcriptomics,
392,cell,CL:0000000,cell,epithelial cell,CL:0000066,epithelial cell,kidney epithelial cell,CL:0002518,kidney epithelial cell,renal principal cell,CL:0005009,renal principal cell,,,,,,,,,,,,,,,,,,,,,,,,,celltypist,sc_transcriptomics,
393,cell,CL:0000000,cell,endothelial cell,CL:0000115,endothelial cell,endothelial cell of vascular tree,CL:0002139,endothelial cell of vascular tree,blood vessel endothelial cell,CL:0000071,blood vessel endothelial cell,microvascular endothelial cell,CL:2000008,microvascular endothelial cell,vasa recta cell,CL:1001036,vasa recta cell,vasa recta ascending limb cell,CL:1001131,vasa recta ascending limb cell,,,,,,,,,,,,,,,,celltypist,sc_transcriptomics,
394,cell,CL:0000000,cell,hematopoietic cell,CL:0000988,hematopoietic cell,leukocyte,CL:0000738,leukocyte,myeloid leukocyte,CL:0000766,myeloid leukocyte,macrophage,CL:0000235,macrophage,lung macrophage,CL:1001603,lung macrophage,,,,,,,,,,,,,,,,,,,celltypist,sc_transcriptomics,
395,cell,CL:0000000,cell,connective tissue cell,CL:0002320,connective tissue cell,stromal cell,CL:0000499,stromal cell,fibroblast,CL:0000057,fibroblast,mesothelial fibroblast,CL:4023054,mesothelial fibroblast,mesothelial fibroblast of the leptomeninx,CL:4023058,mesothelial fibroblast of the leptomeninx,vascular leptomeningeal cell,CL:4023051,vascular leptomeningeal cell,,,,,,,,,,,,,,,,celltypist,sc_transcriptomics,
396,cell,CL:0000000,cell,connective tissue cell,CL:0002320,connective tissue cell,pericyte,CL:0000669,pericyte,angiogenic pericyte,CL:4047012,angiogenic pericyte,,,,,,,,,,,,,,,,,,,,,,,,,celltypist,sc_transcriptomics,
397,cell,CL:0000000,cell,epithelial cell,CL:0000066,epithelial cell,secretory epithelial cell,CL:1100001,secretory epithelial cell,goblet cell,CL:0000160,goblet cell,,,,,,,,,,,,,,,,,,,,,,,,,celltypist,sc_transcriptomics,
398,cell,CL:0000000,cell,connective tissue cell,CL:0002320,connective tissue cell,stromal cell,CL:0000499,stromal cell,fibroblast,CL:0000057,fibroblast,hepatic stellate cell,CL:0000632,hepatic stellate cell,,,,,,,,,,,,,,,,,,,,,,celltypist,sc_transcriptomics,
399,cell,CL:0000000,cell,hematopoietic cell,CL:0000988,hematopoietic cell,leukocyte,CL:0000738,leukocyte,mononuclear leukocyte,CL:0000842,mononuclear leukocyte,lymphocyte,CL:0000542,lymphocyte,lymphocyte of B lineage,CL:0000945,lymphocyte of B lineage,B cell,CL:0000236,B cell,"B cell, CD19-positive",CL:0001201,"B cell, CD19-positive",immature B cell,CL:0000816,immature B cell,,,,,,,,,,celltypist,sc_transcriptomics,
400,cell,CL:0000000,cell,hematopoietic cell,CL:0000988,hematopoietic cell,leukocyte,CL:0000738,leukocyte,myeloid leukocyte,CL:0000766,myeloid leukocyte,macrophage,CL:0000235,macrophage,elicited macrophage,CL:0000861,elicited macrophage,M1 macrophage,CL:0000863,M1 macrophage,,,,,,,,,,,,,,,,celltypist,sc_transcriptomics,
401,cell,CL:0000000,cell,hematopoietic cell,CL:0000988,hematopoietic cell,leukocyte,CL:0000738,leukocyte,mononuclear leukocyte,CL:0000842,mononuclear leukocyte,lymphocyte,CL:0000542,lymphocyte,lymphocyte of B lineage,CL:0000945,lymphocyte of B lineage,antibody secreting cell,CL:0000946,antibody secreting cell,plasma cell,CL:0000786,plasma cell,long lived plasma cell,CL:0000974,long lived plasma cell,IgG plasma cell,CL:0000985,IgG plasma cell,,,,,,,celltypist,sc_transcriptomics,
402,cell,CL:0000000,cell,hematopoietic cell,CL:0000988,hematopoietic cell,leukocyte,CL:0000738,leukocyte,mononuclear leukocyte,CL:0000842,mononuclear leukocyte,mononuclear phagocyte,CL:0000113,mononuclear phagocyte,dendritic cell,CL:0000451,dendritic cell,conventional dendritic cell,CL:0000990,conventional dendritic cell,myeloid dendritic cell,CL:0000782,myeloid dendritic cell,CD141-positive myeloid dendritic cell,CL:0002394,CD141-positive myeloid dendritic cell,,,,,,,,,,celltypist,sc_transcriptomics,
403,cell,CL:0000000,cell,precursor cell,CL:0011115,precursor cell,stem cell,CL:0000034,stem cell,somatic stem cell,CL:0000723,somatic stem cell,epithelial fate stem cell,CL:0000036,epithelial fate stem cell,basal cell,CL:0000646,basal cell,respiratory basal cell,CL:0002633,respiratory basal cell,,,,,,,,,,,,,,,,celltypist,sc_transcriptomics,
404,cell,CL:0000000,cell,endothelial cell,CL:0000115,endothelial cell,endothelial cell of vascular tree,CL:0002139,endothelial cell of vascular tree,blood vessel endothelial cell,CL:0000071,blood vessel endothelial cell,vein endothelial cell,CL:0002543,vein endothelial cell,endothelial cell of hepatic portal vein,CL:0009094,endothelial cell of hepatic portal vein,,,,,,,,,,,,,,,,,,,celltypist,sc_transcriptomics,
405,cell,CL:0000000,cell,epithelial cell,CL:0000066,epithelial cell,hepatocyte,CL:0000182,hepatocyte,periportal region hepatocyte,CL:0019026,periportal region hepatocyte,,,,,,,,,,,,,,,,,,,,,,,,,celltypist,sc_transcriptomics,
406,cell,CL:0000000,cell,epithelial cell,CL:0000066,epithelial cell,tuft cell,CL:0002204,tuft cell,intestinal tuft cell,CL:0019032,intestinal tuft cell,,,,,,,,,,,,,,,,,,,,,,,,,celltypist,sc_transcriptomics,
407,cell,CL:0000000,cell,epithelial cell,CL:0000066,epithelial cell,kidney epithelial cell,CL:0002518,kidney epithelial cell,epithelial cell of nephron,CL:1000449,epithelial cell of nephron,nephron tubule epithelial cell,CL:1000494,nephron tubule epithelial cell,epithelial cell of distal tubule,CL:0002305,epithelial cell of distal tubule,kidney loop of Henle ascending limb epithelial cell,CL:1001016,kidney loop of Henle ascending limb epithelial cell,kidney loop of Henle thick ascending limb epithelial cell,CL:1001106,kidney loop of Henle thick ascending limb epithelial cell,,,,,,,,,,,,,celltypist,sc_transcriptomics,
408,cell,CL:0000000,cell,endothelial cell,CL:0000115,endothelial cell,endothelial cell of vascular tree,CL:0002139,endothelial cell of vascular tree,blood vessel endothelial cell,CL:0000071,blood vessel endothelial cell,microvascular endothelial cell,CL:2000008,microvascular endothelial cell,vasa recta cell,CL:1001036,vasa recta cell,vasa recta descending limb cell,CL:1001285,vasa recta descending limb cell,,,,,,,,,,,,,,,,celltypist,sc_transcriptomics,
409,cell,CL:0000000,cell,epithelial cell,CL:0000066,epithelial cell,columnar/cuboidal epithelial cell,CL:0000075,columnar/cuboidal epithelial cell,brush border epithelial cell,CL:0000239,brush border epithelial cell,enterocyte,CL:0000584,enterocyte,BEST4+ enterocyte,CL:4030026,BEST4+ enterocyte,,,,,,,,,,,,,,,,,,,celltypist,sc_transcriptomics,
410,cell,CL:0000000,cell,epithelial cell,CL:0000066,epithelial cell,endo-epithelial cell,CL:0002076,endo-epithelial cell,respiratory tract epithelial cell,CL:0002368,respiratory tract epithelial cell,epithelial cell of lower respiratory tract,CL:0002632,epithelial cell of lower respiratory tract,epithelial cell of tracheobronchial tree,CL:0002202,epithelial cell of tracheobronchial tree,bronchial epithelial cell,CL:0002328,bronchial epithelial cell,mucus secreting cell of bronchus submucosal gland,CL:4033022,mucus secreting cell of bronchus submucosal gland,,,,,,,,,,,,,celltypist,sc_transcriptomics,
411,cell,CL:0000000,cell,hematopoietic cell,CL:0000988,hematopoietic cell,leukocyte,CL:0000738,leukocyte,myeloid leukocyte,CL:0000766,myeloid leukocyte,macrophage,CL:0000235,macrophage,lung macrophage,CL:1001603,lung macrophage,lung interstitial macrophage,CL:4033043,lung interstitial macrophage,,,,,,,,,,,,,,,,celltypist,sc_transcriptomics,
412,cell,CL:0000000,cell,hematopoietic cell,CL:0000988,hematopoietic cell,leukocyte,CL:0000738,leukocyte,mononuclear leukocyte,CL:0000842,mononuclear leukocyte,lymphocyte,CL:0000542,lymphocyte,innate lymphoid cell,CL:0001065,innate lymphoid cell,group 1 innate lymphoid cell,CL:0001067,group 1 innate lymphoid cell,natural killer cell,CL:0000623,natural killer cell,cycling natural killer cell,CL:4033071,cycling natural killer cell,,,,,,,,,,celltypist,sc_transcriptomics,
413,cell,CL:0000000,cell,neural cell,CL:0002319,neural cell,neuron associated cell,CL:0000095,neuron associated cell,glial cell,CL:0000125,glial cell,enteroglial cell,CL:4040002,enteroglial cell,,,,,,,,,,,,,,,,,,,,,,celltypist,sc_transcriptomics,
414,cell,CL:0000000,cell,endothelial cell,CL:0000115,endothelial cell,endothelial cell of vascular tree,CL:0002139,endothelial cell of vascular tree,blood vessel endothelial cell,CL:0000071,blood vessel endothelial cell,microvascular endothelial cell,CL:2000008,microvascular endothelial cell,capillary endothelial cell,CL:0002144,capillary endothelial cell,pre-venule capillary cell,CL:4047030,pre-venule capillary cell,,,,,,,,,,,,,,,,celltypist,sc_transcriptomics,
415,cell,CL:0000000,cell,hematopoietic cell,CL:0000988,hematopoietic cell,myeloid cell,CL:0000763,myeloid cell,erythroid lineage cell,CL:0000764,erythroid lineage cell,erythrocyte,CL:0000232,erythrocyte,,,,,,,,,,,,,,,,,,,,,,celltypist,sc_transcriptomics,
416,cell,CL:0000000,cell,hematopoietic cell,CL:0000988,hematopoietic cell,leukocyte,CL:0000738,leukocyte,myeloid leukocyte,CL:0000766,myeloid leukocyte,macrophage,CL:0000235,macrophage,,,,,,,,,,,,,,,,,,,,,,celltypist,sc_transcriptomics,
417,cell,CL:0000000,cell,hematopoietic cell,CL:0000988,hematopoietic cell,leukocyte,CL:0000738,leukocyte,mononuclear leukocyte,CL:0000842,mononuclear leukocyte,lymphocyte,CL:0000542,lymphocyte,T cell,CL:0000084,T cell,mature T cell,CL:0002419,mature T cell,mature alpha-beta T cell,CL:0000791,mature alpha-beta T cell,"CD8-positive, alpha-beta T cell",CL:0000625,"CD8-positive, alpha-beta T cell",,,,,,,,,,celltypist,sc_transcriptomics,
418,cell,CL:0000000,cell,hematopoietic cell,CL:0000988,hematopoietic cell,leukocyte,CL:0000738,leukocyte,myeloid leukocyte,CL:0000766,myeloid leukocyte,granulocyte,CL:0000094,granulocyte,basophil,CL:0000767,basophil,,,,,,,,,,,,,,,,,,,celltypist,sc_transcriptomics,
419,cell,CL:0000000,cell,hematopoietic cell,CL:0000988,hematopoietic cell,leukocyte,CL:0000738,leukocyte,myeloid leukocyte,CL:0000766,myeloid leukocyte,macrophage,CL:0000235,macrophage,tissue-resident macrophage,CL:0000864,tissue-resident macrophage,secondary lymphoid organ macrophage,CL:0000867,secondary lymphoid organ macrophage,mucosa-associated lymphoid tissue macrophage,CL:0000884,mucosa-associated lymphoid tissue macrophage,gut-associated lymphoid tissue macrophage,CL:0000885,gut-associated lymphoid tissue macrophage,gastrointestinal tract (lamina propria) macrophage,CL:0000865,gastrointestinal tract (lamina propria) macrophage,,,,,,,celltypist,sc_transcriptomics,
420,cell,CL:0000000,cell,hematopoietic cell,CL:0000988,hematopoietic cell,leukocyte,CL:0000738,leukocyte,mononuclear leukocyte,CL:0000842,mononuclear leukocyte,lymphocyte,CL:0000542,lymphocyte,T cell,CL:0000084,T cell,mature T cell,CL:0002419,mature T cell,naive T cell,CL:0000898,naive T cell,"naive thymus-derived CD4-positive, alpha-beta T cell",CL:0000895,"naive thymus-derived CD4-positive, alpha-beta T cell",,,,,,,,,,celltypist,sc_transcriptomics,
421,cell,CL:0000000,cell,hematopoietic cell,CL:0000988,hematopoietic cell,leukocyte,CL:0000738,leukocyte,mononuclear leukocyte,CL:0000842,mononuclear leukocyte,lymphocyte,CL:0000542,lymphocyte,T cell,CL:0000084,T cell,mature T cell,CL:0002419,mature T cell,effector T cell,CL:0000911,effector T cell,"effector CD8-positive, alpha-beta T cell",CL:0001050,"effector CD8-positive, alpha-beta T cell",,,,,,,,,,celltypist,sc_transcriptomics,
422,cell,CL:0000000,cell,hematopoietic cell,CL:0000988,hematopoietic cell,leukocyte,CL:0000738,leukocyte,mononuclear leukocyte,CL:0000842,mononuclear leukocyte,lymphocyte,CL:0000542,lymphocyte,innate lymphoid cell,CL:0001065,innate lymphoid cell,group 2 innate lymphoid cell,CL:0001069,group 2 innate lymphoid cell,"group 2 innate lymphoid cell, human",CL:0001081,"group 2 innate lymphoid cell, human",,,,,,,,,,,,,celltypist,sc_transcriptomics,
423,cell,CL:0000000,cell,epithelial cell,CL:0000066,epithelial cell,tuft cell,CL:0002204,tuft cell,,,,,,,,,,,,,,,,,,,,,,,,,,,,celltypist,sc_transcriptomics,
424,cell,CL:0000000,cell,hematopoietic cell,CL:0000988,hematopoietic cell,leukocyte,CL:0000738,leukocyte,myeloid leukocyte,CL:0000766,myeloid leukocyte,monocyte,CL:0000576,monocyte,CD14-positive monocyte,CL:0001054,CD14-positive monocyte,"CD14-low, CD16-positive monocyte",CL:0002396,"CD14-low, CD16-positive monocyte",,,,,,,,,,,,,,,,celltypist,sc_transcriptomics,
425,cell,CL:0000000,cell,neural cell,CL:0002319,neural cell,neuron associated cell,CL:0000095,neuron associated cell,neuron associated cell (sensu Vertebrata),CL:0000123,neuron associated cell (sensu Vertebrata),oligodendrocyte precursor cell,CL:0002453,oligodendrocyte precursor cell,,,,,,,,,,,,,,,,,,,,,,celltypist,sc_transcriptomics,
426,cell,CL:0000000,cell,epithelial cell,CL:0000066,epithelial cell,endo-epithelial cell,CL:0002076,endo-epithelial cell,respiratory tract epithelial cell,CL:0002368,respiratory tract epithelial cell,respiratory tract secretory epithelial cell,CL:0008055,respiratory tract secretory epithelial cell,respiratory tract goblet cell,CL:0002370,respiratory tract goblet cell,nasal mucosa goblet cell,CL:0002480,nasal mucosa goblet cell,,,,,,,,,,,,,,,,celltypist,sc_transcriptomics,
427,cell,CL:0000000,cell,precursor cell,CL:0011115,precursor cell,stem cell,CL:0000034,stem cell,multi fate stem cell,CL:0000048,multi fate stem cell,neural crest cell,CL:0011012,neural crest cell,migratory neural crest cell,CL:0000333,migratory neural crest cell,migratory enteric neural crest cell,CL:0002607,migratory enteric neural crest cell,,,,,,,,,,,,,,,,celltypist,sc_transcriptomics,
428,cell,CL:0000000,cell,epithelial cell,CL:0000066,epithelial cell,hepatocyte,CL:0000182,hepatocyte,,,,,,,,,,,,,,,,,,,,,,,,,,,,celltypist,sc_transcriptomics,
429,cell,CL:0000000,cell,hematopoietic cell,CL:0000988,hematopoietic cell,leukocyte,CL:0000738,leukocyte,mononuclear leukocyte,CL:0000842,mononuclear leukocyte,mononuclear phagocyte,CL:0000113,mononuclear phagocyte,dendritic cell,CL:0000451,dendritic cell,follicular dendritic cell,CL:0000442,follicular dendritic cell,,,,,,,,,,,,,,,,vccf,sc_proteomics,
430,cell,CL:0000000,cell,hematopoietic cell,CL:0000988,hematopoietic cell,leukocyte,CL:0000738,leukocyte,mononuclear leukocyte,CL:0000842,mononuclear leukocyte,mononuclear phagocyte,CL:0000113,mononuclear phagocyte,dendritic cell,CL:0000451,dendritic cell,,,,,,,,,,,,,,,,,,,celltypist,sc_transcriptomics,
431,cell,CL:0000000,cell,hematopoietic cell,CL:0000988,hematopoietic cell,leukocyte,CL:0000738,leukocyte,mononuclear leukocyte,CL:0000842,mononuclear leukocyte,lymphocyte,CL:0000542,lymphocyte,T cell,CL:0000084,T cell,mature T cell,CL:0002419,mature T cell,mature alpha-beta T cell,CL:0000791,mature alpha-beta T cell,"CD4-positive, alpha-beta T cell",CL:0000624,"CD4-positive, alpha-beta T cell",CD4-positive helper T cell,CL:0000492,CD4-positive helper T cell,,,,,,,celltypist,sc_transcriptomics,
432,cell,CL:0000000,cell,hematopoietic cell,CL:0000988,hematopoietic cell,leukocyte,CL:0000738,leukocyte,myeloid leukocyte,CL:0000766,myeloid leukocyte,monocyte,CL:0000576,monocyte,,,,,,,,,,,,,,,,,,,,,,celltypist,sc_transcriptomics,
433,cell,CL:0000000,cell,precursor cell,CL:0011115,precursor cell,stem cell,CL:0000034,stem cell,somatic stem cell,CL:0000723,somatic stem cell,epithelial fate stem cell,CL:0000036,epithelial fate stem cell,basal cell,CL:0000646,basal cell,,,,,,,,,,,,,,,,,,,celltypist,sc_transcriptomics,
434,cell,CL:0000000,cell,hematopoietic cell,CL:0000988,hematopoietic cell,leukocyte,CL:0000738,leukocyte,myeloid leukocyte,CL:0000766,myeloid leukocyte,granulocyte,CL:0000094,granulocyte,neutrophil,CL:0000775,neutrophil,,,,,,,,,,,,,,,,,,,celltypist,sc_transcriptomics,
435,cell,CL:0000000,cell,hematopoietic cell,CL:0000988,hematopoietic cell,hematopoietic precursor cell,CL:0008001,hematopoietic precursor cell,hematopoietic multipotent progenitor cell,CL:0000837,hematopoietic multipotent progenitor cell,,,,,,,,,,,,,,,,,,,,,,,,,celltypist,sc_transcriptomics,
436,cell,CL:0000000,cell,hematopoietic cell,CL:0000988,hematopoietic cell,hematopoietic precursor cell,CL:0008001,hematopoietic precursor cell,hematopoietic lineage restricted progenitor cell,CL:0002031,hematopoietic lineage restricted progenitor cell,myeloid lineage restricted progenitor cell,CL:0000839,myeloid lineage restricted progenitor cell,,,,,,,,,,,,,,,,,,,,,,celltypist,sc_transcriptomics,
437,cell,CL:0000000,cell,hematopoietic cell,CL:0000988,hematopoietic cell,leukocyte,CL:0000738,leukocyte,mononuclear leukocyte,CL:0000842,mononuclear leukocyte,lymphocyte,CL:0000542,lymphocyte,lymphocyte of B lineage,CL:0000945,lymphocyte of B lineage,B cell,CL:0000236,B cell,"B cell, CD19-positive",CL:0001201,"B cell, CD19-positive",mature B cell,CL:0000785,mature B cell,B-2 B cell,CL:0000822,B-2 B cell,follicular B cell,CL:0000843,follicular B cell,,,,celltypist,sc_transcriptomics,
438,cell,CL:0000000,cell,hematopoietic cell,CL:0000988,hematopoietic cell,leukocyte,CL:0000738,leukocyte,mononuclear leukocyte,CL:0000842,mononuclear leukocyte,lymphocyte,CL:0000542,lymphocyte,T cell,CL:0000084,T cell,mature T cell,CL:0002419,mature T cell,mature alpha-beta T cell,CL:0000791,mature alpha-beta T cell,"CD4-positive, alpha-beta T cell",CL:0000624,"CD4-positive, alpha-beta T cell","activated CD4-positive, alpha-beta T cell",CL:0000896,"activated CD4-positive, alpha-beta T cell","activated CD4-positive, alpha-beta T cell, human",CL:0001043,"activated CD4-positive, alpha-beta T cell, human",,,,celltypist,sc_transcriptomics,
439,cell,CL:0000000,cell,hematopoietic cell,CL:0000988,hematopoietic cell,leukocyte,CL:0000738,leukocyte,mononuclear leukocyte,CL:0000842,mononuclear leukocyte,lymphocyte,CL:0000542,lymphocyte,T cell,CL:0000084,T cell,mature T cell,CL:0002419,mature T cell,mature alpha-beta T cell,CL:0000791,mature alpha-beta T cell,"CD8-positive, alpha-beta T cell",CL:0000625,"CD8-positive, alpha-beta T cell","activated CD8-positive, alpha-beta T cell",CL:0000906,"activated CD8-positive, alpha-beta T cell","activated CD8-positive, alpha-beta T cell, human",CL:0001049,"activated CD8-positive, alpha-beta T cell, human",,,,celltypist,sc_transcriptomics,
440,cell,CL:0000000,cell,hematopoietic cell,CL:0000988,hematopoietic cell,leukocyte,CL:0000738,leukocyte,mononuclear leukocyte,CL:0000842,mononuclear leukocyte,lymphocyte,CL:0000542,lymphocyte,T cell,CL:0000084,T cell,mature T cell,CL:0002419,mature T cell,mature alpha-beta T cell,CL:0000791,mature alpha-beta T cell,"CD8-positive, alpha-beta T cell",CL:0000625,"CD8-positive, alpha-beta T cell","CD8-positive, alpha-beta memory T cell",CL:0000909,"CD8-positive, alpha-beta memory T cell","CD8-positive, alpha-beta memory T cell, CD45RO-positive",CL:0001203,"CD8-positive, alpha-beta memory T cell, CD45RO-positive","effector memory CD8-positive, alpha-beta T cell",CL:0000913,"effector memory CD8-positive, alpha-beta T cell",celltypist,sc_transcriptomics,
441,cell,CL:0000000,cell,hematopoietic cell,CL:0000988,hematopoietic cell,leukocyte,CL:0000738,leukocyte,mononuclear leukocyte,CL:0000842,mononuclear leukocyte,lymphocyte,CL:0000542,lymphocyte,innate lymphoid cell,CL:0001065,innate lymphoid cell,group 1 innate lymphoid cell,CL:0001067,group 1 innate lymphoid cell,natural killer cell,CL:0000623,natural killer cell,mature natural killer cell,CL:0000824,mature natural killer cell,"CD16-negative, CD56-bright natural killer cell, human",CL:0000938,"CD16-negative, CD56-bright natural killer cell, human",,,,,,,celltypist,sc_transcriptomics,
442,cell,CL:0000000,cell,epithelial cell,CL:0000066,epithelial cell,endo-epithelial cell,CL:0002076,endo-epithelial cell,respiratory tract epithelial cell,CL:0002368,respiratory tract epithelial cell,epithelial cell of lower respiratory tract,CL:0002632,epithelial cell of lower respiratory tract,epithelial cell of lung,CL:0000082,epithelial cell of lung,pulmonary alveolar epithelial cell,CL:0000322,pulmonary alveolar epithelial cell,pulmonary alveolar type 2 cell,CL:0002063,pulmonary alveolar type 2 cell,,,,,,,,,,,,,celltypist,sc_transcriptomics,
443,cell,CL:0000000,cell,epithelial cell,CL:0000066,epithelial cell,columnar/cuboidal epithelial cell,CL:0000075,columnar/cuboidal epithelial cell,neurecto-epithelial cell,CL:0000710,neurecto-epithelial cell,interstitial cell of Cajal,CL:0002088,interstitial cell of Cajal,,,,,,,,,,,,,,,,,,,,,,celltypist,sc_transcriptomics,
444,cell,CL:0000000,cell,neural cell,CL:0002319,neural cell,neuron,CL:0000540,neuron,efferent neuron,CL:0000527,efferent neuron,neuroendocrine cell,CL:0000165,neuroendocrine cell,type D enteroendocrine cell,CL:0000502,type D enteroendocrine cell,type D cell of small intestine,CL:0002266,type D cell of small intestine,,,,,,,,,,,,,,,,celltypist,sc_transcriptomics,
445,cell,CL:0000000,cell,hematopoietic cell,CL:0000988,hematopoietic cell,leukocyte,CL:0000738,leukocyte,mononuclear leukocyte,CL:0000842,mononuclear leukocyte,mononuclear phagocyte,CL:0000113,mononuclear phagocyte,dendritic cell,CL:0000451,dendritic cell,conventional dendritic cell,CL:0000990,conventional dendritic cell,myeloid dendritic cell,CL:0000782,myeloid dendritic cell,CD1c-positive myeloid dendritic cell,CL:0002399,CD1c-positive myeloid dendritic cell,,,,,,,,,,celltypist,sc_transcriptomics,
446,cell,CL:0000000,cell,precursor cell,CL:0011115,precursor cell,progenitor cell,CL:0011026,progenitor cell,muscle precursor cell,CL:0000680,muscle precursor cell,skeletal muscle satellite cell,CL:0000594,skeletal muscle satellite cell,skeletal muscle satellite stem cell,CL:0008011,skeletal muscle satellite stem cell,,,,,,,,,,,,,,,,,,,celltypist,sc_transcriptomics,
447,cell,CL:0000000,cell,neural cell,CL:0002319,neural cell,neuron associated cell,CL:0000095,neuron associated cell,glial cell,CL:0000125,glial cell,cardiac glial cell,CL:0010020,cardiac glial cell,,,,,,,,,,,,,,,,,,,,,,celltypist,sc_transcriptomics,
448,cell,CL:0000000,cell,epithelial cell,CL:0000066,epithelial cell,airway submucosal gland collecting duct epithelial cell,CL:4033023,airway submucosal gland collecting duct epithelial cell,,,,,,,,,,,,,,,,,,,,,,,,,,,,celltypist,sc_transcriptomics,
449,cell,CL:0000000,cell,hematopoietic cell,CL:0000988,hematopoietic cell,leukocyte,CL:0000738,leukocyte,myeloid leukocyte,CL:0000766,myeloid leukocyte,macrophage,CL:0000235,macrophage,lung macrophage,CL:1001603,lung macrophage,alveolar macrophage,CL:0000583,alveolar macrophage,metallothionein-positive alveolar macrophage,CL:4033042,metallothionein-positive alveolar macrophage,,,,,,,,,,,,,celltypist,sc_transcriptomics,
450,cell,CL:0000000,cell,hematopoietic cell,CL:0000988,hematopoietic cell,leukocyte,CL:0000738,leukocyte,mononuclear leukocyte,CL:0000842,mononuclear leukocyte,lymphocyte,CL:0000542,lymphocyte,lymphocyte of B lineage,CL:0000945,lymphocyte of B lineage,antibody secreting cell,CL:0000946,antibody secreting cell,plasma cell,CL:0000786,plasma cell,cycling plasma cell,CL:4047003,cycling plasma cell,,,,,,,,,,,,
451,cell,CL:0000000,cell,precursor cell,CL:0011115,precursor cell,progenitor cell,CL:0011026,progenitor cell,neuroblast (sensu Vertebrata),CL:0000031,neuroblast (sensu Vertebrata),,,,,,,,,,,,,,,,,,,,,,,,,celltypist,sc_transcriptomics,
452,cell,CL:0000000,cell,precursor cell,CL:0011115,precursor cell,progenitor cell,CL:0011026,progenitor cell,hematopoietic stem cell,CL:0000037,hematopoietic stem cell,,,,,,,,,,,,,,,,,,,,,,,,,celltypist,sc_transcriptomics,
453,cell,CL:0000000,cell,neural cell,CL:0002319,neural cell,neuron,CL:0000540,neuron,efferent neuron,CL:0000527,efferent neuron,neuroendocrine cell,CL:0000165,neuroendocrine cell,,,,,,,,,,,,,,,,,,,,,,celltypist,sc_transcriptomics,
454,cell,CL:0000000,cell,epithelial cell,CL:0000066,epithelial cell,secretory epithelial cell,CL:1100001,secretory epithelial cell,enteroendocrine cell,CL:0000164,enteroendocrine cell,pancreatic endocrine cell,CL:0008024,pancreatic endocrine cell,type B pancreatic cell,CL:0000169,type B pancreatic cell,,,,,,,,,,,,,,,,,,,celltypist,sc_transcriptomics,
455,cell,CL:0000000,cell,hematopoietic cell,CL:0000988,hematopoietic cell,leukocyte,CL:0000738,leukocyte,mononuclear leukocyte,CL:0000842,mononuclear leukocyte,lymphocyte,CL:0000542,lymphocyte,lymphocyte of B lineage,CL:0000945,lymphocyte of B lineage,B cell,CL:0000236,B cell,,,,,,,,,,,,,,,,celltypist,sc_transcriptomics,
456,cell,CL:0000000,cell,connective tissue cell,CL:0002320,connective tissue cell,pericyte,CL:0000669,pericyte,,,,,,,,,,,,,,,,,,,,,,,,,,,,celltypist,sc_transcriptomics,
457,cell,CL:0000000,cell,hematopoietic cell,CL:0000988,hematopoietic cell,leukocyte,CL:0000738,leukocyte,mononuclear leukocyte,CL:0000842,mononuclear leukocyte,lymphocyte,CL:0000542,lymphocyte,lymphocyte of B lineage,CL:0000945,lymphocyte of B lineage,B cell,CL:0000236,B cell,"B cell, CD19-positive",CL:0001201,"B cell, CD19-positive",mature B cell,CL:0000785,mature B cell,memory B cell,CL:0000787,memory B cell,,,,,,,celltypist,sc_transcriptomics,
458,cell,CL:0000000,cell,hematopoietic cell,CL:0000988,hematopoietic cell,leukocyte,CL:0000738,leukocyte,mononuclear leukocyte,CL:0000842,mononuclear leukocyte,lymphocyte,CL:0000542,lymphocyte,T cell,CL:0000084,T cell,mature T cell,CL:0002419,mature T cell,effector T cell,CL:0000911,effector T cell,cytotoxic T cell,CL:0000910,cytotoxic T cell,,,,,,,,,,celltypist,sc_transcriptomics,
459,cell,CL:0000000,cell,hematopoietic cell,CL:0000988,hematopoietic cell,leukocyte,CL:0000738,leukocyte,mononuclear leukocyte,CL:0000842,mononuclear leukocyte,lymphocyte,CL:0000542,lymphocyte,T cell,CL:0000084,T cell,mature T cell,CL:0002419,mature T cell,mature alpha-beta T cell,CL:0000791,mature alpha-beta T cell,mucosal-associated invariant T cell,CL:0000940,mucosal-associated invariant T cell,,,,,,,,,,celltypist,sc_transcriptomics,
460,cell,CL:0000000,cell,hematopoietic cell,CL:0000988,hematopoietic cell,leukocyte,CL:0000738,leukocyte,mononuclear leukocyte,CL:0000842,mononuclear leukocyte,lymphocyte,CL:0000542,lymphocyte,lymphocyte of B lineage,CL:0000945,lymphocyte of B lineage,antibody secreting cell,CL:0000946,antibody secreting cell,plasma cell,CL:0000786,plasma cell,long lived plasma cell,CL:0000974,long lived plasma cell,IgA plasma cell,CL:0000987,IgA plasma cell,,,,,,,celltypist,sc_transcriptomics,
461,cell,CL:0000000,cell,hematopoietic cell,CL:0000988,hematopoietic cell,leukocyte,CL:0000738,leukocyte,mononuclear leukocyte,CL:0000842,mononuclear leukocyte,lymphocyte,CL:0000542,lymphocyte,innate lymphoid cell,CL:0001065,innate lymphoid cell,,,,,,,,,,,,,,,,,,,celltypist,sc_transcriptomics,
462,cell,CL:0000000,cell,muscle cell,CL:0000187,muscle cell,striated muscle cell,CL:0000737,striated muscle cell,cardiac muscle cell,CL:0000746,cardiac muscle cell,specialized cardiac myocyte,CL:0002086,specialized cardiac myocyte,nodal myocyte,CL:0002072,nodal myocyte,myocyte of sinoatrial node,CL:1000409,myocyte of sinoatrial node,cardiac pacemaker cell of sinoatrial node,CL:1000477,cardiac pacemaker cell of sinoatrial node,,,,,,,,,,,,,celltypist,sc_transcriptomics,
463,cell,CL:0000000,cell,connective tissue cell,CL:0002320,connective tissue cell,stromal cell,CL:0000499,stromal cell,fibroblast,CL:0000057,fibroblast,kidney interstitial fibroblast,CL:1000692,kidney interstitial fibroblast,renal medullary fibroblast,CL:4030022,renal medullary fibroblast,,,,,,,,,,,,,,,,,,,celltypist,sc_transcriptomics,
464,cell,CL:0000000,cell,precursor cell,CL:0011115,precursor cell,progenitor cell,CL:0011026,progenitor cell,respiratory tract suprabasal cell,CL:4033048,respiratory tract suprabasal cell,,,,,,,,,,,,,,,,,,,,,,,,,celltypist,sc_transcriptomics,
465,cell,CL:0000000,cell,endothelial cell,CL:0000115,endothelial cell,endothelial cell of vascular tree,CL:0002139,endothelial cell of vascular tree,blood vessel endothelial cell,CL:0000071,blood vessel endothelial cell,,,,,,,,,,,,,,,,,,,,,,,,,celltypist,sc_transcriptomics,
466,cell,CL:0000000,cell,epithelial cell,CL:0000066,epithelial cell,secretory epithelial cell,CL:1100001,secretory epithelial cell,enteroendocrine cell,CL:0000164,enteroendocrine cell,,,,,,,,,,,,,,,,,,,,,,,,,celltypist,sc_transcriptomics,
467,cell,CL:0000000,cell,muscle cell,CL:0000187,muscle cell,striated muscle cell,CL:0000737,striated muscle cell,myotube,CL:0002372,myotube,skeletal muscle fiber,CL:0008002,skeletal muscle fiber,extrafusal muscle fiber,CL:0008046,extrafusal muscle fiber,slow muscle cell,CL:0000189,slow muscle cell,,,,,,,,,,,,,,,,celltypist,sc_transcriptomics,
468,cell,CL:0000000,cell,hematopoietic cell,CL:0000988,hematopoietic cell,leukocyte,CL:0000738,leukocyte,mononuclear leukocyte,CL:0000842,mononuclear leukocyte,lymphocyte,CL:0000542,lymphocyte,,,,,,,,,,,,,,,,,,,,,,celltypist,sc_transcriptomics,
469,cell,CL:0000000,cell,hematopoietic cell,CL:0000988,hematopoietic cell,leukocyte,CL:0000738,leukocyte,myeloid leukocyte,CL:0000766,myeloid leukocyte,macrophage,CL:0000235,macrophage,lung macrophage,CL:1001603,lung macrophage,alveolar macrophage,CL:0000583,alveolar macrophage,,,,,,,,,,,,,,,,celltypist,sc_transcriptomics,
470,cell,CL:0000000,cell,hematopoietic cell,CL:0000988,hematopoietic cell,myeloid cell,CL:0000763,myeloid cell,,,,,,,,,,,,,,,,,,,,,,,,,,,,celltypist,sc_transcriptomics,
471,cell,CL:0000000,cell,hematopoietic cell,CL:0000988,hematopoietic cell,leukocyte,CL:0000738,leukocyte,myeloid leukocyte,CL:0000766,myeloid leukocyte,monocyte,CL:0000576,monocyte,non-classical monocyte,CL:0000875,non-classical monocyte,,,,,,,,,,,,,,,,,,,celltypist,sc_transcriptomics,
472,cell,CL:0000000,cell,endothelial cell,CL:0000115,endothelial cell,endothelial cell of vascular tree,CL:0002139,endothelial cell of vascular tree,blood vessel endothelial cell,CL:0000071,blood vessel endothelial cell,microvascular endothelial cell,CL:2000008,microvascular endothelial cell,capillary endothelial cell,CL:0002144,capillary endothelial cell,,,,,,,,,,,,,,,,,,,celltypist,sc_transcriptomics,
473,cell,CL:0000000,cell,endothelial cell,CL:0000115,endothelial cell,endothelial cell of vascular tree,CL:0002139,endothelial cell of vascular tree,blood vessel endothelial cell,CL:0000071,blood vessel endothelial cell,endothelial cell of sinusoid,CL:0002262,endothelial cell of sinusoid,endothelial cell of hepatic sinusoid,CL:1000398,endothelial cell of hepatic sinusoid,endothelial cell of pericentral hepatic sinusoid,CL:0019022,endothelial cell of pericentral hepatic sinusoid,,,,,,,,,,,,,,,,celltypist,sc_transcriptomics,
474,cell,CL:0000000,cell,endothelial cell,CL:0000115,endothelial cell,endothelial cell of vascular tree,CL:0002139,endothelial cell of vascular tree,blood vessel endothelial cell,CL:0000071,blood vessel endothelial cell,vein endothelial cell,CL:0002543,vein endothelial cell,fetal vein endothelial cell,CL:4047011,fetal vein endothelial cell,,,,,,,,,,,,,,,,,,,celltypist,sc_transcriptomics,
475,cell,CL:0000000,cell,hematopoietic cell,CL:0000988,hematopoietic cell,leukocyte,CL:0000738,leukocyte,mononuclear leukocyte,CL:0000842,mononuclear leukocyte,lymphocyte,CL:0000542,lymphocyte,T cell,CL:0000084,T cell,,,,,,,,,,,,,,,,,,,celltypist,sc_transcriptomics,
476,cell,CL:0000000,cell,hematopoietic cell,CL:0000988,hematopoietic cell,leukocyte,CL:0000738,leukocyte,myeloid leukocyte,CL:0000766,myeloid leukocyte,macrophage,CL:0000235,macrophage,tissue-resident macrophage,CL:0000864,tissue-resident macrophage,central nervous system macrophage,CL:0000878,central nervous system macrophage,microglial cell,CL:0000129,microglial cell,,,,,,,,,,,,,celltypist,sc_transcriptomics,
477,cell,CL:0000000,cell,precursor cell,CL:0011115,precursor cell,progenitor cell,CL:0011026,progenitor cell,club cell,CL:0000158,club cell,,,,,,,,,,,,,,,,,,,,,,,,,celltypist,sc_transcriptomics,
478,cell,CL:0000000,cell,neural cell,CL:0002319,neural cell,neuron,CL:0000540,neuron,efferent neuron,CL:0000527,efferent neuron,neuroendocrine cell,CL:0000165,neuroendocrine cell,type D enteroendocrine cell,CL:0000502,type D enteroendocrine cell,pancreatic D cell,CL:0000173,pancreatic D cell,,,,,,,,,,,,,,,,celltypist,sc_transcriptomics,
479,cell,CL:0000000,cell,connective tissue cell,CL:0002320,connective tissue cell,myofibroblast cell,CL:0000186,myofibroblast cell,,,,,,,,,,,,,,,,,,,,,,,,,,,,celltypist,sc_transcriptomics,
480,cell,CL:0000000,cell,muscle cell,CL:0000187,muscle cell,striated muscle cell,CL:0000737,striated muscle cell,myotube,CL:0002372,myotube,skeletal muscle fiber,CL:0008002,skeletal muscle fiber,extrafusal muscle fiber,CL:0008046,extrafusal muscle fiber,fast muscle cell,CL:0000190,fast muscle cell,,,,,,,,,,,,,,,,celltypist,sc_transcriptomics,
481,cell,CL:0000000,cell,epithelial cell,CL:0000066,epithelial cell,endo-epithelial cell,CL:0002076,endo-epithelial cell,respiratory tract epithelial cell,CL:0002368,respiratory tract epithelial cell,epithelial cell of lower respiratory tract,CL:0002632,epithelial cell of lower respiratory tract,epithelial cell of lung,CL:0000082,epithelial cell of lung,pulmonary alveolar epithelial cell,CL:0000322,pulmonary alveolar epithelial cell,,,,,,,,,,,,,,,,celltypist,sc_transcriptomics,
482,cell,CL:0000000,cell,connective tissue cell,CL:0002320,connective tissue cell,stromal cell,CL:0000499,stromal cell,,,,,,,,,,,,,,,,,,,,,,,,,,,,celltypist,sc_transcriptomics,
483,cell,CL:0000000,cell,hematopoietic cell,CL:0000988,hematopoietic cell,hematopoietic precursor cell,CL:0008001,hematopoietic precursor cell,hematopoietic lineage restricted progenitor cell,CL:0002031,hematopoietic lineage restricted progenitor cell,myeloid lineage restricted progenitor cell,CL:0000839,myeloid lineage restricted progenitor cell,megakaryocyte progenitor cell,CL:0000553,megakaryocyte progenitor cell,,,,,,,,,,,,,,,,,,,celltypist,sc_transcriptomics,
484,cell,CL:0000000,cell,hematopoietic cell,CL:0000988,hematopoietic cell,hematopoietic precursor cell,CL:0008001,hematopoietic precursor cell,hematopoietic oligopotent progenitor cell,CL:0002032,hematopoietic oligopotent progenitor cell,"hematopoietic oligopotent progenitor cell, lineage-negative",CL:0001060,"hematopoietic oligopotent progenitor cell, lineage-negative",CD7-negative lymphoid progenitor OR granulocyte monocyte progenitor,CL:0001012,CD7-negative lymphoid progenitor OR granulocyte monocyte progenitor,granulocyte monocyte progenitor cell,CL:0000557,granulocyte monocyte progenitor cell,,,,,,,,,,,,,,,,celltypist,sc_transcriptomics,
485,cell,CL:0000000,cell,hematopoietic cell,CL:0000988,hematopoietic cell,leukocyte,CL:0000738,leukocyte,mononuclear leukocyte,CL:0000842,mononuclear leukocyte,lymphocyte,CL:0000542,lymphocyte,innate lymphoid cell,CL:0001065,innate lymphoid cell,group 1 innate lymphoid cell,CL:0001067,group 1 innate lymphoid cell,natural killer cell,CL:0000623,natural killer cell,,,,,,,,,,,,,celltypist,sc_transcriptomics,
486,cell,CL:0000000,cell,epithelial cell,CL:0000066,epithelial cell,secretory epithelial cell,CL:1100001,secretory epithelial cell,enteroendocrine cell,CL:0000164,enteroendocrine cell,PP cell,CL:0000696,PP cell,,,,,,,,,,,,,,,,,,,,,,celltypist,sc_transcriptomics,
487,cell,CL:0000000,cell,hematopoietic cell,CL:0000988,hematopoietic cell,myeloid cell,CL:0000763,myeloid cell,erythroid lineage cell,CL:0000764,erythroid lineage cell,,,,,,,,,,,,,,,,,,,,,,,,,celltypist,sc_transcriptomics,
488,cell,CL:0000000,cell,hematopoietic cell,CL:0000988,hematopoietic cell,leukocyte,CL:0000738,leukocyte,mononuclear leukocyte,CL:0000842,mononuclear leukocyte,lymphocyte,CL:0000542,lymphocyte,lymphocyte of B lineage,CL:0000945,lymphocyte of B lineage,B cell,CL:0000236,B cell,"B cell, CD19-positive",CL:0001201,"B cell, CD19-positive",mature B cell,CL:0000785,mature B cell,naive B cell,CL:0000788,naive B cell,,,,,,,celltypist,sc_transcriptomics,
489,cell,CL:0000000,cell,hematopoietic cell,CL:0000988,hematopoietic cell,leukocyte,CL:0000738,leukocyte,mononuclear leukocyte,CL:0000842,mononuclear leukocyte,lymphocyte,CL:0000542,lymphocyte,T cell,CL:0000084,T cell,mature T cell,CL:0002419,mature T cell,regulatory T cell,CL:0000815,regulatory T cell,,,,,,,,,,,,,celltypist,sc_transcriptomics,
490,cell,CL:0000000,cell,hematopoietic cell,CL:0000988,hematopoietic cell,hematopoietic precursor cell,CL:0008001,hematopoietic precursor cell,hematopoietic lineage restricted progenitor cell,CL:0002031,hematopoietic lineage restricted progenitor cell,lymphoid lineage restricted progenitor cell,CL:0000838,lymphoid lineage restricted progenitor cell,pro-B cell,CL:0000826,pro-B cell,,,,,,,,,,,,,,,,,,,celltypist,sc_transcriptomics,
491,cell,CL:0000000,cell,hematopoietic cell,CL:0000988,hematopoietic cell,leukocyte,CL:0000738,leukocyte,mononuclear leukocyte,CL:0000842,mononuclear leukocyte,lymphocyte,CL:0000542,lymphocyte,lymphocyte of B lineage,CL:0000945,lymphocyte of B lineage,B cell,CL:0000236,B cell,"B cell, CD19-positive",CL:0001201,"B cell, CD19-positive",mature B cell,CL:0000785,mature B cell,germinal center B cell,CL:0000844,germinal center B cell,,,,,,,celltypist,sc_transcriptomics,
492,cell,CL:0000000,cell,hematopoietic cell,CL:0000988,hematopoietic cell,leukocyte,CL:0000738,leukocyte,mononuclear leukocyte,CL:0000842,mononuclear leukocyte,lymphocyte,CL:0000542,lymphocyte,T cell,CL:0000084,T cell,mature T cell,CL:0002419,mature T cell,mature alpha-beta T cell,CL:0000791,mature alpha-beta T cell,"CD4-positive, alpha-beta T cell",CL:0000624,"CD4-positive, alpha-beta T cell","CD4-positive, alpha-beta memory T cell",CL:0000897,"CD4-positive, alpha-beta memory T cell","CD4-positive, alpha-beta memory T cell, CD45RO-positive",CL:0001204,"CD4-positive, alpha-beta memory T cell, CD45RO-positive","central memory CD4-positive, alpha-beta T cell",CL:0000904,"central memory CD4-positive, alpha-beta T cell",celltypist,sc_transcriptomics,
493,cell,CL:0000000,cell,hematopoietic cell,CL:0000988,hematopoietic cell,leukocyte,CL:0000738,leukocyte,mononuclear leukocyte,CL:0000842,mononuclear leukocyte,lymphocyte,CL:0000542,lymphocyte,T cell,CL:0000084,T cell,mature T cell,CL:0002419,mature T cell,mature alpha-beta T cell,CL:0000791,mature alpha-beta T cell,"CD8-positive, alpha-beta T cell",CL:0000625,"CD8-positive, alpha-beta T cell","CD8-positive, alpha-beta memory T cell",CL:0000909,"CD8-positive, alpha-beta memory T cell","CD8-positive, alpha-beta memory T cell, CD45RO-positive",CL:0001203,"CD8-positive, alpha-beta memory T cell, CD45RO-positive","central memory CD8-positive, alpha-beta T cell",CL:0000907,"central memory CD8-positive, alpha-beta T cell",celltypist,sc_transcriptomics,
494,cell,CL:0000000,cell,hematopoietic cell,CL:0000988,hematopoietic cell,leukocyte,CL:0000738,leukocyte,mononuclear leukocyte,CL:0000842,mononuclear leukocyte,lymphocyte,CL:0000542,lymphocyte,innate lymphoid cell,CL:0001065,innate lymphoid cell,group 1 innate lymphoid cell,CL:0001067,group 1 innate lymphoid cell,natural killer cell,CL:0000623,natural killer cell,mature natural killer cell,CL:0000824,mature natural killer cell,"CD16-positive, CD56-dim natural killer cell, human",CL:0000939,"CD16-positive, CD56-dim natural killer cell, human",,,,,,,celltypist,sc_transcriptomics,
495,cell,CL:0000000,cell,hematopoietic cell,CL:0000988,hematopoietic cell,leukocyte,CL:0000738,leukocyte,mononuclear leukocyte,CL:0000842,mononuclear leukocyte,lymphocyte,CL:0000542,lymphocyte,lymphocyte of B lineage,CL:0000945,lymphocyte of B lineage,antibody secreting cell,CL:0000946,antibody secreting cell,plasma cell,CL:0000786,plasma cell,long lived plasma cell,CL:0000974,long lived plasma cell,IgM plasma cell,CL:0000986,IgM plasma cell,,,,,,,celltypist,sc_transcriptomics,
496,cell,CL:0000000,cell,neural cell,CL:0002319,neural cell,neuron,CL:0000540,neuron,central nervous system neuron,CL:2000029,central nervous system neuron,neuron of the forebrain,CL:0012001,neuron of the forebrain,cerebral cortex neuron,CL:0010012,cerebral cortex neuron,cortical granule cell,CL:0001032,cortical granule cell,hippocampal granule cell,CL:0001033,hippocampal granule cell,,,,,,,,,,,,,celltypist,sc_transcriptomics,
497,cell,CL:0000000,cell,hematopoietic cell,CL:0000988,hematopoietic cell,leukocyte,CL:0000738,leukocyte,mononuclear leukocyte,CL:0000842,mononuclear leukocyte,lymphocyte,CL:0000542,lymphocyte,T cell,CL:0000084,T cell,mature T cell,CL:0002419,mature T cell,mature alpha-beta T cell,CL:0000791,mature alpha-beta T cell,"CD4-positive, alpha-beta T cell",CL:0000624,"CD4-positive, alpha-beta T cell","CD4-positive, alpha-beta memory T cell",CL:0000897,"CD4-positive, alpha-beta memory T cell","effector memory CD4-positive, alpha-beta T cell, terminally differentiated",CL:0001087,"effector memory CD4-positive, alpha-beta T cell, terminally differentiated",,,,celltypist,sc_transcriptomics,
498,cell,CL:0000000,cell,epithelial cell,CL:0000066,epithelial cell,endo-epithelial cell,CL:0002076,endo-epithelial cell,epithelial cell of alimentary canal,CL:0002251,epithelial cell of alimentary canal,intestinal epithelial cell,CL:0002563,intestinal epithelial cell,intestinal enteroendocrine cell,CL:1001516,intestinal enteroendocrine cell,enteroendocrine cell of small intestine,CL:0009006,enteroendocrine cell of small intestine,type N enteroendocrine cell,CL:0002280,type N enteroendocrine cell,,,,,,,,,,,,,celltypist,sc_transcriptomics,
499,cell,CL:0000000,cell,epithelial cell,CL:0000066,epithelial cell,ionocyte,CL:0005006,ionocyte,,,,,,,,,,,,,,,,,,,,,,,,,,,,celltypist,sc_transcriptomics,
500,cell,CL:0000000,cell,connective tissue cell,CL:0002320,connective tissue cell,stromal cell,CL:0000499,stromal cell,fibroblast,CL:0000057,fibroblast,reticular cell,CL:0000432,reticular cell,fibroblastic reticular cell,CL:0009101,fibroblastic reticular cell,lymph node fibroblastic reticular cell,CL:0009102,lymph node fibroblastic reticular cell,T cell zone reticular cell,CL:0009105,T cell zone reticular cell,,,,,,,,,,,,,celltypist,sc_transcriptomics,
501,cell,CL:0000000,cell,endothelial cell,CL:0000115,endothelial cell,endothelial cell of vascular tree,CL:0002139,endothelial cell of vascular tree,blood vessel endothelial cell,CL:0000071,blood vessel endothelial cell,endothelial cell of venule,CL:1000414,endothelial cell of venule,,,,,,,,,,,,,,,,,,,,,,celltypist,sc_transcriptomics,
502,cell,CL:0000000,cell,epithelial cell,CL:0000066,epithelial cell,kidney epithelial cell,CL:0002518,kidney epithelial cell,epithelial cell of nephron,CL:1000449,epithelial cell of nephron,kidney collecting duct epithelial cell,CL:1000454,kidney collecting duct epithelial cell,kidney medulla collecting duct epithelial cell,CL:1000546,kidney medulla collecting duct epithelial cell,kidney inner medulla collecting duct epithelial cell,CL:1000547,kidney inner medulla collecting duct epithelial cell,,,,,,,,,,,,,,,,celltypist,sc_transcriptomics,
503,cell,CL:0000000,cell,epithelial cell,CL:0000066,epithelial cell,kidney epithelial cell,CL:0002518,kidney epithelial cell,epithelial cell of nephron,CL:1000449,epithelial cell of nephron,nephron tubule epithelial cell,CL:1000494,nephron tubule epithelial cell,epithelial cell of distal tubule,CL:0002305,epithelial cell of distal tubule,kidney loop of Henle ascending limb epithelial cell,CL:1001016,kidney loop of Henle ascending limb epithelial cell,kidney loop of Henle thick ascending limb epithelial cell,CL:1001106,kidney loop of Henle thick ascending limb epithelial cell,kidney loop of Henle cortical thick ascending limb epithelial cell,CL:1001109,kidney loop of Henle cortical thick ascending limb epithelial cell,,,,,,,,,,celltypist,sc_transcriptomics,
504,cell,CL:0000000,cell,epithelial cell,CL:0000066,epithelial cell,kidney epithelial cell,CL:0002518,kidney epithelial cell,epithelial cell of nephron,CL:1000449,epithelial cell of nephron,nephron tubule epithelial cell,CL:1000494,nephron tubule epithelial cell,kidney loop of Henle epithelial cell,CL:1000909,kidney loop of Henle epithelial cell,kidney loop of Henle descending limb epithelial cell,CL:1001021,kidney loop of Henle descending limb epithelial cell,kidney loop of Henle thin descending limb epithelial cell,CL:1001111,kidney loop of Henle thin descending limb epithelial cell,,,,,,,,,,,,,celltypist,sc_transcriptomics,
505,cell,CL:0000000,cell,neural cell,CL:0002319,neural cell,neuron,CL:0000540,neuron,central nervous system neuron,CL:2000029,central nervous system neuron,neuron of the forebrain,CL:0012001,neuron of the forebrain,cerebral cortex neuron,CL:0010012,cerebral cortex neuron,hippocampal neuron,CL:0002608,hippocampal neuron,hippocampal interneuron,CL:1001569,hippocampal interneuron,,,,,,,,,,,,,celltypist,sc_transcriptomics,
506,cell,CL:0000000,cell,hematopoietic cell,CL:0000988,hematopoietic cell,leukocyte,CL:0000738,leukocyte,myeloid leukocyte,CL:0000766,myeloid leukocyte,mast cell,CL:0000097,mast cell,,,,,,,,,,,,,,,,,,,,,,deepcelltypes,sc_proteomics,
507,cell,CL:0000000,cell,hematopoietic cell,CL:0000988,hematopoietic cell,leukocyte,CL:0000738,leukocyte,mononuclear leukocyte,CL:0000842,mononuclear leukocyte,lymphocyte,CL:0000542,lymphocyte,lymphocyte of B lineage,CL:0000945,lymphocyte of B lineage,antibody secreting cell,CL:0000946,antibody secreting cell,plasma cell,CL:0000786,plasma cell,,,,,,,,,,,,,deepcelltypes,sc_proteomics,
508,cell,CL:0000000,cell,endothelial cell,CL:0000115,endothelial cell,,,,,,,,,,,,,,,,,,,,,,,,,,,,,,,deepcelltypes,sc_proteomics,
509,cell,CL:0000000,cell,hematopoietic cell,CL:0000988,hematopoietic cell,leukocyte,CL:0000738,leukocyte,myeloid leukocyte,CL:0000766,myeloid leukocyte,macrophage,CL:0000235,macrophage,,,,,,,,,,,,,,,,,,,,,,deepcelltypes,sc_proteomics,
510,cell,CL:0000000,cell,hematopoietic cell,CL:0000988,hematopoietic cell,leukocyte,CL:0000738,leukocyte,myeloid leukocyte,CL:0000766,myeloid leukocyte,monocyte,CL:0000576,monocyte,,,,,,,,,,,,,,,,,,,,,,deepcelltypes,sc_proteomics,
511,cell,CL:0000000,cell,epithelial cell,CL:0000066,epithelial cell,,,,,,,,,,,,,,,,,,,,,,,,,,,,,,,deepcelltypes,sc_proteomics,
512,cell,CL:0000000,cell,connective tissue cell,CL:0002320,connective tissue cell,myofibroblast cell,CL:0000186,myofibroblast cell,,,,,,,,,,,,,,,,,,,,,,,,,,,,deepcelltypes,sc_proteomics,
513,cell,CL:0000000,cell,epithelial cell,CL:0000066,epithelial cell,columnar/cuboidal epithelial cell,CL:0000075,columnar/cuboidal epithelial cell,brush border epithelial cell,CL:0000239,brush border epithelial cell,enterocyte,CL:0000584,enterocyte,,,,,,,,,,,,,,,,,,,,,,deepcelltypes,sc_proteomics,
514,cell,CL:0000000,cell,epithelial cell,CL:0000066,epithelial cell,secretory epithelial cell,CL:1100001,secretory epithelial cell,goblet cell,CL:0000160,goblet cell,,,,,,,,,,,,,,,,,,,,,,,,,deepcelltypes,sc_proteomics,
515,cell,CL:0000000,cell,neural cell,CL:0002319,neural cell,neuron associated cell,CL:0000095,neuron associated cell,glial cell,CL:0000125,glial cell,,,,,,,,,,,,,,,,,,,,,,,,,deepcelltypes,sc_proteomics,
516,cell,CL:0000000,cell,epithelial cell,CL:0000066,epithelial cell,endo-epithelial cell,CL:0002076,endo-epithelial cell,epithelial cell of alimentary canal,CL:0002251,epithelial cell of alimentary canal,intestinal epithelial cell,CL:0002563,intestinal epithelial cell,paneth cell,CL:0000510,paneth cell,,,,,,,,,,,,,,,,,,,deepcelltypes,sc_proteomics,
517,cell,CL:0000000,cell,endothelial cell,CL:0000115,endothelial cell,endothelial cell of vascular tree,CL:0002139,endothelial cell of vascular tree,endothelial cell of lymphatic vessel,CL:0002138,endothelial cell of lymphatic vessel,,,,,,,,,,,,,,,,,,,,,,,,,deepcelltypes,sc_proteomics,
518,cell,CL:0000000,cell,,,,,,,,,,,,,,,,,,,,,,,,,,,,,,,,,,deepcelltypes,sc_proteomics,
519,cell,CL:0000000,cell,hematopoietic cell,CL:0000988,hematopoietic cell,leukocyte,CL:0000738,leukocyte,mononuclear leukocyte,CL:0000842,mononuclear leukocyte,lymphocyte,CL:0000542,lymphocyte,lymphocyte of B lineage,CL:0000945,lymphocyte of B lineage,B cell,CL:0000236,B cell,,,,,,,,,,,,,,,,deepcelltypes,sc_proteomics,
520,cell,CL:0000000,cell,neural cell,CL:0002319,neural cell,neuron,CL:0000540,neuron,,,,,,,,,,,,,,,,,,,,,,,,,,,,deepcelltypes,sc_proteomics,
521,cell,CL:0000000,cell,hematopoietic cell,CL:0000988,hematopoietic cell,leukocyte,CL:0000738,leukocyte,mononuclear leukocyte,CL:0000842,mononuclear leukocyte,lymphocyte,CL:0000542,lymphocyte,innate lymphoid cell,CL:0001065,innate lymphoid cell,group 1 innate lymphoid cell,CL:0001067,group 1 innate lymphoid cell,natural killer cell,CL:0000623,natural killer cell,,,,,,,,,,,,,deepcelltypes,sc_proteomics,
522,cell,CL:0000000,cell,endothelial cell,CL:0000115,endothelial cell,endothelial cell of vascular tree,CL:0002139,endothelial cell of vascular tree,blood vessel endothelial cell,CL:0000071,blood vessel endothelial cell,,,,,,,,,,,,,,,,,,,,,,,,,deepcelltypes,sc_proteomics,
523,cell,CL:0000000,cell,hematopoietic cell,CL:0000988,hematopoietic cell,leukocyte,CL:0000738,leukocyte,myeloid leukocyte,CL:0000766,myeloid leukocyte,granulocyte,CL:0000094,granulocyte,neutrophil,CL:0000775,neutrophil,,,,,,,,,,,,,,,,,,,deepcelltypes,sc_proteomics,
524,cell,CL:0000000,cell,hematopoietic cell,CL:0000988,hematopoietic cell,leukocyte,CL:0000738,leukocyte,mononuclear leukocyte,CL:0000842,mononuclear leukocyte,lymphocyte,CL:0000542,lymphocyte,T cell,CL:0000084,T cell,mature T cell,CL:0002419,mature T cell,mature alpha-beta T cell,CL:0000791,mature alpha-beta T cell,mature NK T cell,CL:0000814,mature NK T cell,,,,,,,,,,deepcelltypes,sc_proteomics,
525,cell,CL:0000000,cell,connective tissue cell,CL:0002320,connective tissue cell,stromal cell,CL:0000499,stromal cell,fibroblast,CL:0000057,fibroblast,,,,,,,,,,,,,,,,,,,,,,,,,deepcelltypes,sc_proteomics,
526,cell,CL:0000000,cell,muscle cell,CL:0000187,muscle cell,non-striated muscle cell,CL:0008000,non-striated muscle cell,smooth muscle cell,CL:0000192,smooth muscle cell,,,,,,,,,,,,,,,,,,,,,,,,,deepcelltypes,sc_proteomics,
527,cell,CL:0000000,cell,hematopoietic cell,CL:0000988,hematopoietic cell,leukocyte,CL:0000738,leukocyte,mononuclear leukocyte,CL:0000842,mononuclear leukocyte,mononuclear phagocyte,CL:0000113,mononuclear phagocyte,dendritic cell,CL:0000451,dendritic cell,,,,,,,,,,,,,,,,,,,deepcelltypes,sc_proteomics,
528,cell,CL:0000000,cell,hematopoietic cell,CL:0000988,hematopoietic cell,leukocyte,CL:0000738,leukocyte,mononuclear leukocyte,CL:0000842,mononuclear leukocyte,lymphocyte,CL:0000542,lymphocyte,T cell,CL:0000084,T cell,,,,,,,,,,,,,,,,,,,deepcelltypes,sc_proteomics,
529,cell,CL:0000000,cell,hematopoietic cell,CL:0000988,hematopoietic cell,leukocyte,CL:0000738,leukocyte,mononuclear leukocyte,CL:0000842,mononuclear leukocyte,lymphocyte,CL:0000542,lymphocyte,T cell,CL:0000084,T cell,mature T cell,CL:0002419,mature T cell,mature alpha-beta T cell,CL:0000791,mature alpha-beta T cell,"CD4-positive, alpha-beta T cell",CL:0000624,"CD4-positive, alpha-beta T cell",,,,,,,,,,deepcelltypes,sc_proteomics,
530,cell,CL:0000000,cell,hematopoietic cell,CL:0000988,hematopoietic cell,leukocyte,CL:0000738,leukocyte,mononuclear leukocyte,CL:0000842,mononuclear leukocyte,lymphocyte,CL:0000542,lymphocyte,T cell,CL:0000084,T cell,mature T cell,CL:0002419,mature T cell,mature alpha-beta T cell,CL:0000791,mature alpha-beta T cell,"CD8-positive, alpha-beta T cell",CL:0000625,"CD8-positive, alpha-beta T cell",,,,,,,,,,deepcelltypes,sc_proteomics,
531,cell,CL:0000000,cell,hematopoietic cell,CL:0000988,hematopoietic cell,leukocyte,CL:0000738,leukocyte,mononuclear leukocyte,CL:0000842,mononuclear leukocyte,lymphocyte,CL:0000542,lymphocyte,T cell,CL:0000084,T cell,mature T cell,CL:0002419,mature T cell,regulatory T cell,CL:0000815,regulatory T cell,,,,,,,,,,,,,deepcelltypes,sc_proteomics,
532,cell,CL:0000000,cell,hematopoietic cell,CL:0000988,hematopoietic cell,leukocyte,CL:0000738,leukocyte,mononuclear leukocyte,CL:0000842,mononuclear leukocyte,lymphocyte,CL:0000542,lymphocyte,,,,,,,,,,,,,,,,,,,,,,deepcelltypes-hubmap,sc_proteomics,
533,cell,CL:0000000,cell,hematopoietic cell,CL:0000988,hematopoietic cell,leukocyte,CL:0000738,leukocyte,mononuclear leukocyte,CL:0000842,mononuclear leukocyte,lymphocyte,CL:0000542,lymphocyte,lymphocyte of B lineage,CL:0000945,lymphocyte of B lineage,antibody secreting cell,CL:0000946,antibody secreting cell,plasma cell,CL:0000786,plasma cell,,,,,,,,,,,,,deepcelltypes-hubmap,sc_proteomics,
534,cell,CL:0000000,cell,hematopoietic cell,CL:0000988,hematopoietic cell,leukocyte,CL:0000738,leukocyte,myeloid leukocyte,CL:0000766,myeloid leukocyte,macrophage,CL:0000235,macrophage,elicited macrophage,CL:0000861,elicited macrophage,M1 macrophage,CL:0000863,M1 macrophage,,,,,,,,,,,,,,,,deepcelltypes-hubmap,sc_proteomics,
535,cell,CL:0000000,cell,endothelial cell,CL:0000115,endothelial cell,endothelial cell of vascular tree,CL:0002139,endothelial cell of vascular tree,blood vessel endothelial cell,CL:0000071,blood vessel endothelial cell,,,,,,,,,,,,,,,,,,,,,,,,,deepcelltypes-hubmap,sc_proteomics,
536,cell,CL:0000000,cell,hematopoietic cell,CL:0000988,hematopoietic cell,leukocyte,CL:0000738,leukocyte,myeloid leukocyte,CL:0000766,myeloid leukocyte,mast cell,CL:0000097,mast cell,,,,,,,,,,,,,,,,,,,,,,deepcelltypes-hubmap,sc_proteomics,
537,cell,CL:0000000,cell,connective tissue cell,CL:0002320,connective tissue cell,myofibroblast cell,CL:0000186,myofibroblast cell,,,,,,,,,,,,,,,,,,,,,,,,,,,,deepcelltypes-hubmap,sc_proteomics,
538,cell,CL:0000000,cell,connective tissue cell,CL:0002320,connective tissue cell,stromal cell,CL:0000499,stromal cell,,,,,,,,,,,,,,,,,,,,,,,,,,,,deepcelltypes-hubmap,sc_proteomics,
539,cell,CL:0000000,cell,neural cell,CL:0002319,neural cell,neuron,CL:0000540,neuron,,,,,,,,,,,,,,,,,,,,,,,,,,,,deepcelltypes-hubmap,sc_proteomics,
540,cell,CL:0000000,cell,connective tissue cell,CL:0002320,connective tissue cell,stromal cell,CL:0000499,stromal cell,fibroblast,CL:0000057,fibroblast,,,,,,,,,,,,,,,,,,,,,,,,,deepcelltypes-hubmap,sc_proteomics,
541,cell,CL:0000000,cell,endothelial cell,CL:0000115,endothelial cell,,,,,,,,,,,,,,,,,,,,,,,,,,,,,,,deepcelltypes-hubmap,sc_proteomics,
542,cell,CL:0000000,cell,epithelial cell,CL:0000066,epithelial cell,columnar/cuboidal epithelial cell,CL:0000075,columnar/cuboidal epithelial cell,brush border epithelial cell,CL:0000239,brush border epithelial cell,enterocyte,CL:0000584,enterocyte,,,,,,,,,,,,,,,,,,,,,,deepcelltypes-hubmap,sc_proteomics,
543,cell,CL:0000000,cell,hematopoietic cell,CL:0000988,hematopoietic cell,leukocyte,CL:0000738,leukocyte,myeloid leukocyte,CL:0000766,myeloid leukocyte,granulocyte,CL:0000094,granulocyte,neutrophil,CL:0000775,neutrophil,,,,,,,,,,,,,,,,,,,deepcelltypes-hubmap,sc_proteomics,
544,cell,CL:0000000,cell,epithelial cell,CL:0000066,epithelial cell,secretory epithelial cell,CL:1100001,secretory epithelial cell,goblet cell,CL:0000160,goblet cell,,,,,,,,,,,,,,,,,,,,,,,,,deepcelltypes-hubmap,sc_proteomics,
545,cell,CL:0000000,cell,neural cell,CL:0002319,neural cell,neuron,CL:0000540,neuron,efferent neuron,CL:0000527,efferent neuron,neuroendocrine cell,CL:0000165,neuroendocrine cell,,,,,,,,,,,,,,,,,,,,,,deepcelltypes-hubmap,sc_proteomics,
546,cell,CL:0000000,cell,epithelial cell,CL:0000066,epithelial cell,columnar/cuboidal epithelial cell,CL:0000075,columnar/cuboidal epithelial cell,myoepithelial cell,CL:0000185,myoepithelial cell,,,,,,,,,,,,,,,,,,,,,,,,,deepcelltypes-hubmap,sc_proteomics,
547,cell,CL:0000000,cell,hematopoietic cell,CL:0000988,hematopoietic cell,leukocyte,CL:0000738,leukocyte,myeloid leukocyte,CL:0000766,myeloid leukocyte,monocyte,CL:0000576,monocyte,,,,,,,,,,,,,,,,,,,,,,deepcelltypes-hubmap,sc_proteomics,
548,cell,CL:0000000,cell,epithelial cell,CL:0000066,epithelial cell,secretory epithelial cell,CL:1100001,secretory epithelial cell,glandular secretory epithelial cell,CL:0000150,glandular secretory epithelial cell,acinar cell,CL:0000622,acinar cell,,,,,,,,,,,,,,,,,,,,,,deepcelltypes-hubmap,sc_proteomics,
549,cell,CL:0000000,cell,hematopoietic cell,CL:0000988,hematopoietic cell,leukocyte,CL:0000738,leukocyte,mononuclear leukocyte,CL:0000842,mononuclear leukocyte,lymphocyte,CL:0000542,lymphocyte,T cell,CL:0000084,T cell,mature T cell,CL:0002419,mature T cell,mature alpha-beta T cell,CL:0000791,mature alpha-beta T cell,"CD4-positive, alpha-beta T cell",CL:0000624,"CD4-positive, alpha-beta T cell",,,,,,,,,,deepcelltypes-hubmap,sc_proteomics,
550,cell,CL:0000000,cell,hematopoietic cell,CL:0000988,hematopoietic cell,leukocyte,CL:0000738,leukocyte,mononuclear leukocyte,CL:0000842,mononuclear leukocyte,lymphocyte,CL:0000542,lymphocyte,T cell,CL:0000084,T cell,mature T cell,CL:0002419,mature T cell,regulatory T cell,CL:0000815,regulatory T cell,,,,,,,,,,,,,deepcelltypes-hubmap,sc_proteomics,
551,cell,CL:0000000,cell,hematopoietic cell,CL:0000988,hematopoietic cell,leukocyte,CL:0000738,leukocyte,myeloid leukocyte,CL:0000766,myeloid leukocyte,macrophage,CL:0000235,macrophage,elicited macrophage,CL:0000861,elicited macrophage,M2 macrophage,CL:0000890,M2 macrophage,,,,,,,,,,,,,,,,deepcelltypes-hubmap,sc_proteomics,
552,cell,CL:0000000,cell,hematopoietic cell,CL:0000988,hematopoietic cell,leukocyte,CL:0000738,leukocyte,myeloid leukocyte,CL:0000766,myeloid leukocyte,granulocyte,CL:0000094,granulocyte,,,,,,,,,,,,,,,,,,,,,,deepcelltypes-hubmap,sc_proteomics,
553,cell,CL:0000000,cell,hematopoietic cell,CL:0000988,hematopoietic cell,leukocyte,CL:0000738,leukocyte,mononuclear leukocyte,CL:0000842,mononuclear leukocyte,lymphocyte,CL:0000542,lymphocyte,T cell,CL:0000084,T cell,mature T cell,CL:0002419,mature T cell,mature alpha-beta T cell,CL:0000791,mature alpha-beta T cell,"CD8-positive, alpha-beta T cell",CL:0000625,"CD8-positive, alpha-beta T cell",,,,,,,,,,deepcelltypes-hubmap,sc_proteomics,
554,cell,CL:0000000,cell,epithelial cell,CL:0000066,epithelial cell,,,,,,,,,,,,,,,,,,,,,,,,,,,,,,,deepcelltypes-hubmap,sc_proteomics,
555,cell,CL:0000000,cell,hematopoietic cell,CL:0000988,hematopoietic cell,leukocyte,CL:0000738,leukocyte,mononuclear leukocyte,CL:0000842,mononuclear leukocyte,lymphocyte,CL:0000542,lymphocyte,lymphocyte of B lineage,CL:0000945,lymphocyte of B lineage,B cell,CL:0000236,B cell,,,,,,,,,,,,,,,,deepcelltypes-hubmap,sc_proteomics,
556,cell,CL:0000000,cell,epithelial cell,CL:0000066,epithelial cell,endo-epithelial cell,CL:0002076,endo-epithelial cell,epithelial cell of alimentary canal,CL:0002251,epithelial cell of alimentary canal,intestinal epithelial cell,CL:0002563,intestinal epithelial cell,paneth cell,CL:0000510,paneth cell,,,,,,,,,,,,,,,,,,,deepcelltypes-hubmap,sc_proteomics,
557,cell,CL:0000000,cell,endothelial cell,CL:0000115,endothelial cell,endothelial cell of vascular tree,CL:0002139,endothelial cell of vascular tree,endothelial cell of lymphatic vessel,CL:0002138,endothelial cell of lymphatic vessel,,,,,,,,,,,,,,,,,,,,,,,,,deepcelltypes-hubmap,sc_proteomics,
558,cell,CL:0000000,cell,hematopoietic cell,CL:0000988,hematopoietic cell,leukocyte,CL:0000738,leukocyte,mononuclear leukocyte,CL:0000842,mononuclear leukocyte,lymphocyte,CL:0000542,lymphocyte,innate lymphoid cell,CL:0001065,innate lymphoid cell,group 1 innate lymphoid cell,CL:0001067,group 1 innate lymphoid cell,natural killer cell,CL:0000623,natural killer cell,,,,,,,,,,,,,deepcelltypes-hubmap,sc_proteomics,
559,cell,CL:0000000,cell,hematopoietic cell,CL:0000988,hematopoietic cell,leukocyte,CL:0000738,leukocyte,mononuclear leukocyte,CL:0000842,mononuclear leukocyte,lymphocyte,CL:0000542,lymphocyte,T cell,CL:0000084,T cell,,,,,,,,,,,,,,,,,,,deepcelltypes-hubmap,sc_proteomics,
560,cell,CL:0000000,cell,hematopoietic cell,CL:0000988,hematopoietic cell,leukocyte,CL:0000738,leukocyte,mononuclear leukocyte,CL:0000842,mononuclear leukocyte,mononuclear phagocyte,CL:0000113,mononuclear phagocyte,dendritic cell,CL:0000451,dendritic cell,,,,,,,,,,,,,,,,,,,deepcelltypes-hubmap,sc_proteomics,
561,cell,CL:0000000,cell,muscle cell,CL:0000187,muscle cell,non-striated muscle cell,CL:0008000,non-striated muscle cell,smooth muscle cell,CL:0000192,smooth muscle cell,,,,,,,,,,,,,,,,,,,,,,,,,deepcelltypes-hubmap,sc_proteomics,
562,cell,CL:0000000,cell,hematopoietic cell,CL:0000988,hematopoietic cell,leukocyte,CL:0000738,leukocyte,myeloid leukocyte,CL:0000766,myeloid leukocyte,macrophage,CL:0000235,macrophage,,,,,,,,,,,,,,,,,,,,,,deepcelltypes-hubmap,sc_proteomics,
563,cell,CL:0000000,cell,epithelial cell,CL:0000066,epithelial cell,columnar/cuboidal epithelial cell,CL:0000075,columnar/cuboidal epithelial cell,neurecto-epithelial cell,CL:0000710,neurecto-epithelial cell,interstitial cell of Cajal,CL:0002088,interstitial cell of Cajal,,,,,,,,,,,,,,,,,,,,,,deepcelltypes-hubmap,sc_proteomics,
564,cell,CL:0000000,cell,neural cell,CL:0002319,neural cell,neuron associated cell,CL:0000095,neuron associated cell,glial cell,CL:0000125,glial cell,macroglial cell,CL:0000126,macroglial cell,astrocyte,CL:0000127,astrocyte,,,,,,,,,,,,,,,,,,,deepcelltypes-hubmap,sc_proteomics,
565,cell,CL:0000000,cell,hematopoietic cell,CL:0000988,hematopoietic cell,leukocyte,CL:0000738,leukocyte,mononuclear leukocyte,CL:0000842,mononuclear leukocyte,lymphocyte,CL:0000542,lymphocyte,T cell,CL:0000084,T cell,mature T cell,CL:0002419,mature T cell,mature alpha-beta T cell,CL:0000791,mature alpha-beta T cell,mature NK T cell,CL:0000814,mature NK T cell,,,,,,,,,,deepcelltypes-hubmap,sc_proteomics,
566,cell,CL:0000000,cell,connective tissue cell,CL:0002320,connective tissue cell,stromal cell,CL:0000499,stromal cell,fibroblast,CL:0000057,fibroblast,,,,,,,,,,,,,,,,,,,,,,,,,frmatch,sc_transcriptomics,
567,cell,CL:0000000,cell,hematopoietic cell,CL:0000988,hematopoietic cell,leukocyte,CL:0000738,leukocyte,mononuclear leukocyte,CL:0000842,mononuclear leukocyte,lymphocyte,CL:0000542,lymphocyte,T cell,CL:0000084,T cell,,,,,,,,,,,,,,,,,,,frmatch,sc_transcriptomics,
568,cell,CL:0000000,cell,hematopoietic cell,CL:0000988,hematopoietic cell,leukocyte,CL:0000738,leukocyte,myeloid leukocyte,CL:0000766,myeloid leukocyte,macrophage,CL:0000235,macrophage,elicited macrophage,CL:0000861,elicited macrophage,,,,,,,,,,,,,,,,,,,frmatch,sc_transcriptomics,
569,cell,CL:0000000,cell,epithelial cell,CL:0000066,epithelial cell,endo-epithelial cell,CL:0002076,endo-epithelial cell,respiratory tract epithelial cell,CL:0002368,respiratory tract epithelial cell,epithelial cell of lower respiratory tract,CL:0002632,epithelial cell of lower respiratory tract,epithelial cell of lung,CL:0000082,epithelial cell of lung,pulmonary alveolar epithelial cell,CL:0000322,pulmonary alveolar epithelial cell,pulmonary alveolar type 2 cell,CL:0002063,pulmonary alveolar type 2 cell,,,,,,,,,,,,,frmatch,sc_transcriptomics,
570,cell,CL:0000000,cell,epithelial cell,CL:0000066,epithelial cell,meso-epithelial cell,CL:0002078,meso-epithelial cell,mesothelial cell,CL:0000077,mesothelial cell,,,,,,,,,,,,,,,,,,,,,,,,,frmatch,sc_transcriptomics,
571,cell,CL:0000000,cell,hematopoietic cell,CL:0000988,hematopoietic cell,leukocyte,CL:0000738,leukocyte,mononuclear leukocyte,CL:0000842,mononuclear leukocyte,mononuclear phagocyte,CL:0000113,mononuclear phagocyte,dendritic cell,CL:0000451,dendritic cell,plasmacytoid dendritic cell,CL:0000784,plasmacytoid dendritic cell,,,,,,,,,,,,,,,,frmatch,sc_transcriptomics,
572,cell,CL:0000000,cell,endothelial cell,CL:0000115,endothelial cell,endothelial cell of vascular tree,CL:0002139,endothelial cell of vascular tree,blood vessel endothelial cell,CL:0000071,blood vessel endothelial cell,microvascular endothelial cell,CL:2000008,microvascular endothelial cell,capillary endothelial cell,CL:0002144,capillary endothelial cell,,,,,,,,,,,,,,,,,,,frmatch,sc_transcriptomics,
573,cell,CL:0000000,cell,epithelial cell,CL:0000066,epithelial cell,endo-epithelial cell,CL:0002076,endo-epithelial cell,respiratory tract epithelial cell,CL:0002368,respiratory tract epithelial cell,epithelial cell of lower respiratory tract,CL:0002632,epithelial cell of lower respiratory tract,epithelial cell of tracheobronchial tree,CL:0002202,epithelial cell of tracheobronchial tree,multiciliated columnar cell of tracheobronchial tree,CL:0002145,multiciliated columnar cell of tracheobronchial tree,,,,,,,,,,,,,,,,frmatch,sc_transcriptomics,
574,cell,CL:0000000,cell,hematopoietic cell,CL:0000988,hematopoietic cell,leukocyte,CL:0000738,leukocyte,myeloid leukocyte,CL:0000766,myeloid leukocyte,macrophage,CL:0000235,macrophage,lung macrophage,CL:1001603,lung macrophage,alveolar macrophage,CL:0000583,alveolar macrophage,,,,,,,,,,,,,,,,frmatch,sc_transcriptomics,
575,cell,CL:0000000,cell,epithelial cell,CL:0000066,epithelial cell,endo-epithelial cell,CL:0002076,endo-epithelial cell,respiratory tract epithelial cell,CL:0002368,respiratory tract epithelial cell,respiratory tract secretory epithelial cell,CL:0008055,respiratory tract secretory epithelial cell,respiratory tract goblet cell,CL:0002370,respiratory tract goblet cell,tracheobronchial goblet cell,CL:0019003,tracheobronchial goblet cell,bronchial goblet cell,CL:1000312,bronchial goblet cell,,,,,,,,,,,,,frmatch,sc_transcriptomics,
576,cell,CL:0000000,cell,hematopoietic cell,CL:0000988,hematopoietic cell,leukocyte,CL:0000738,leukocyte,mononuclear leukocyte,CL:0000842,mononuclear leukocyte,lymphocyte,CL:0000542,lymphocyte,lymphocyte of B lineage,CL:0000945,lymphocyte of B lineage,antibody secreting cell,CL:0000946,antibody secreting cell,plasma cell,CL:0000786,plasma cell,,,,,,,,,,,,,frmatch,sc_transcriptomics,
577,cell,CL:0000000,cell,epithelial cell,CL:0000066,epithelial cell,columnar/cuboidal epithelial cell,CL:0000075,columnar/cuboidal epithelial cell,brush cell of tracheobronchial tree,CL:0002075,brush cell of tracheobronchial tree,,,,,,,,,,,,,,,,,,,,,,,,,frmatch,sc_transcriptomics,
578,cell,CL:0000000,cell,neural cell,CL:0002319,neural cell,neuron,CL:0000540,neuron,afferent neuron,CL:0000526,afferent neuron,sensory neuron,CL:0000101,sensory neuron,neuronal receptor cell,CL:0000006,neuronal receptor cell,pulmonary neuroendocrine cell,CL:1000223,pulmonary neuroendocrine cell,,,,,,,,,,,,,,,,frmatch,sc_transcriptomics,
579,cell,CL:0000000,cell,endothelial cell,CL:0000115,endothelial cell,endothelial cell of vascular tree,CL:0002139,endothelial cell of vascular tree,blood vessel endothelial cell,CL:0000071,blood vessel endothelial cell,endothelial cell of artery,CL:1000413,endothelial cell of artery,,,,,,,,,,,,,,,,,,,,,,frmatch,sc_transcriptomics,
580,cell,CL:0000000,cell,hematopoietic cell,CL:0000988,hematopoietic cell,leukocyte,CL:0000738,leukocyte,myeloid leukocyte,CL:0000766,myeloid leukocyte,macrophage,CL:0000235,macrophage,lung macrophage,CL:1001603,lung macrophage,,,,,,,,,,,,,,,,,,,frmatch,sc_transcriptomics,
581,cell,CL:0000000,cell,epithelial cell,CL:0000066,epithelial cell,endo-epithelial cell,CL:0002076,endo-epithelial cell,respiratory tract epithelial cell,CL:0002368,respiratory tract epithelial cell,epithelial cell of lower respiratory tract,CL:0002632,epithelial cell of lower respiratory tract,epithelial cell of lung,CL:0000082,epithelial cell of lung,pulmonary alveolar epithelial cell,CL:0000322,pulmonary alveolar epithelial cell,,,,,,,,,,,,,,,,frmatch,sc_transcriptomics,
582,cell,CL:0000000,cell,hematopoietic cell,CL:0000988,hematopoietic cell,leukocyte,CL:0000738,leukocyte,mononuclear leukocyte,CL:0000842,mononuclear leukocyte,lymphocyte,CL:0000542,lymphocyte,innate lymphoid cell,CL:0001065,innate lymphoid cell,group 1 innate lymphoid cell,CL:0001067,group 1 innate lymphoid cell,natural killer cell,CL:0000623,natural killer cell,,,,,,,,,,,,,frmatch,sc_transcriptomics,
583,cell,CL:0000000,cell,endothelial cell,CL:0000115,endothelial cell,endothelial cell of vascular tree,CL:0002139,endothelial cell of vascular tree,blood vessel endothelial cell,CL:0000071,blood vessel endothelial cell,vein endothelial cell,CL:0002543,vein endothelial cell,,,,,,,,,,,,,,,,,,,,,,frmatch,sc_transcriptomics,
584,cell,CL:0000000,cell,epithelial cell,CL:0000066,epithelial cell,endo-epithelial cell,CL:0002076,endo-epithelial cell,respiratory tract epithelial cell,CL:0002368,respiratory tract epithelial cell,respiratory tract secretory epithelial cell,CL:0008055,respiratory tract secretory epithelial cell,respiratory tract goblet cell,CL:0002370,respiratory tract goblet cell,tracheobronchial goblet cell,CL:0019003,tracheobronchial goblet cell,,,,,,,,,,,,,,,,frmatch,sc_transcriptomics,
585,cell,CL:0000000,cell,connective tissue cell,CL:0002320,connective tissue cell,stromal cell,CL:0000499,stromal cell,fibroblast,CL:0000057,fibroblast,fibroblast of lung,CL:0002553,fibroblast of lung,bronchus fibroblast of lung,CL:2000093,bronchus fibroblast of lung,,,,,,,,,,,,,,,,,,,frmatch,sc_transcriptomics,
586,cell,CL:0000000,cell,hematopoietic cell,CL:0000988,hematopoietic cell,leukocyte,CL:0000738,leukocyte,mononuclear leukocyte,CL:0000842,mononuclear leukocyte,mononuclear phagocyte,CL:0000113,mononuclear phagocyte,dendritic cell,CL:0000451,dendritic cell,lung migratory dendritic cell,CL:4033045,lung migratory dendritic cell,,,,,,,,,,,,,,,,frmatch,sc_transcriptomics,
587,cell,CL:0000000,cell,muscle cell,CL:0000187,muscle cell,non-striated muscle cell,CL:0008000,non-striated muscle cell,smooth muscle cell,CL:0000192,smooth muscle cell,,,,,,,,,,,,,,,,,,,,,,,,,frmatch,sc_transcriptomics,
588,cell,CL:0000000,cell,epithelial cell,CL:0000066,epithelial cell,endo-epithelial cell,CL:0002076,endo-epithelial cell,respiratory tract epithelial cell,CL:0002368,respiratory tract epithelial cell,epithelial cell of lower respiratory tract,CL:0002632,epithelial cell of lower respiratory tract,epithelial cell of tracheobronchial tree,CL:0002202,epithelial cell of tracheobronchial tree,bronchial epithelial cell,CL:0002328,bronchial epithelial cell,mucus secreting cell of bronchus submucosal gland,CL:4033022,mucus secreting cell of bronchus submucosal gland,,,,,,,,,,,,,frmatch,sc_transcriptomics,
589,cell,CL:0000000,cell,connective tissue cell,CL:0002320,connective tissue cell,myofibroblast cell,CL:0000186,myofibroblast cell,,,,,,,,,,,,,,,,,,,,,,,,,,,,frmatch,sc_transcriptomics,
590,cell,CL:0000000,cell,precursor cell,CL:0011115,precursor cell,stem cell,CL:0000034,stem cell,somatic stem cell,CL:0000723,somatic stem cell,epithelial fate stem cell,CL:0000036,epithelial fate stem cell,basal cell,CL:0000646,basal cell,respiratory basal cell,CL:0002633,respiratory basal cell,,,,,,,,,,,,,,,,frmatch,sc_transcriptomics,
591,cell,CL:0000000,cell,hematopoietic cell,CL:0000988,hematopoietic cell,leukocyte,CL:0000738,leukocyte,myeloid leukocyte,CL:0000766,myeloid leukocyte,macrophage,CL:0000235,macrophage,lung macrophage,CL:1001603,lung macrophage,alveolar macrophage,CL:0000583,alveolar macrophage,metallothionein-positive alveolar macrophage,CL:4033042,metallothionein-positive alveolar macrophage,,,,,,,,,,,,,frmatch,sc_transcriptomics,
592,cell,CL:0000000,cell,hematopoietic cell,CL:0000988,hematopoietic cell,leukocyte,CL:0000738,leukocyte,mononuclear leukocyte,CL:0000842,mononuclear leukocyte,lymphocyte,CL:0000542,lymphocyte,T cell,CL:0000084,T cell,mature T cell,CL:0002419,mature T cell,mature alpha-beta T cell,CL:0000791,mature alpha-beta T cell,"CD8-positive, alpha-beta T cell",CL:0000625,"CD8-positive, alpha-beta T cell",,,,,,,,,,frmatch,sc_transcriptomics,
593,cell,CL:0000000,cell,epithelial cell,CL:0000066,epithelial cell,ionocyte,CL:0005006,ionocyte,,,,,,,,,,,,,,,,,,,,,,,,,,,,frmatch,sc_transcriptomics,
594,cell,CL:0000000,cell,hematopoietic cell,CL:0000988,hematopoietic cell,leukocyte,CL:0000738,leukocyte,mononuclear leukocyte,CL:0000842,mononuclear leukocyte,lymphocyte,CL:0000542,lymphocyte,lymphocyte of B lineage,CL:0000945,lymphocyte of B lineage,B cell,CL:0000236,B cell,,,,,,,,,,,,,,,,frmatch,sc_transcriptomics,
595,cell,CL:0000000,cell,hematopoietic cell,CL:0000988,hematopoietic cell,leukocyte,CL:0000738,leukocyte,mononuclear leukocyte,CL:0000842,mononuclear leukocyte,mononuclear phagocyte,CL:0000113,mononuclear phagocyte,dendritic cell,CL:0000451,dendritic cell,conventional dendritic cell,CL:0000990,conventional dendritic cell,,,,,,,,,,,,,,,,frmatch,sc_transcriptomics,
596,cell,CL:0000000,cell,endothelial cell,CL:0000115,endothelial cell,endothelial cell of vascular tree,CL:0002139,endothelial cell of vascular tree,endothelial cell of lymphatic vessel,CL:0002138,endothelial cell of lymphatic vessel,,,,,,,,,,,,,,,,,,,,,,,,,frmatch,sc_transcriptomics,
597,cell,CL:0000000,cell,connective tissue cell,CL:0002320,connective tissue cell,pericyte,CL:0000669,pericyte,lung pericyte,CL:0009089,lung pericyte,,,,,,,,,,,,,,,,,,,,,,,,,frmatch,sc_transcriptomics,
598,cell,CL:0000000,cell,hematopoietic cell,CL:0000988,hematopoietic cell,leukocyte,CL:0000738,leukocyte,myeloid leukocyte,CL:0000766,myeloid leukocyte,monocyte,CL:0000576,monocyte,classical monocyte,CL:0000860,classical monocyte,,,,,,,,,,,,,,,,,,,frmatch,sc_transcriptomics,
599,cell,CL:0000000,cell,hematopoietic cell,CL:0000988,hematopoietic cell,leukocyte,CL:0000738,leukocyte,mononuclear leukocyte,CL:0000842,mononuclear leukocyte,mononuclear phagocyte,CL:0000113,mononuclear phagocyte,dendritic cell,CL:0000451,dendritic cell,conventional dendritic cell,CL:0000990,conventional dendritic cell,myeloid dendritic cell,CL:0000782,myeloid dendritic cell,CD1c-positive myeloid dendritic cell,CL:0002399,CD1c-positive myeloid dendritic cell,,,,,,,,,,frmatch,sc_transcriptomics,
600,cell,CL:0000000,cell,epithelial cell,CL:0000066,epithelial cell,columnar/cuboidal epithelial cell,CL:0000075,columnar/cuboidal epithelial cell,multiciliated epithelial cell,CL:0005012,multiciliated epithelial cell,respiratory tract multiciliated cell,CL:4030034,respiratory tract multiciliated cell,,,,,,,,,,,,,,,,,,,,,,frmatch,sc_transcriptomics,
601,cell,CL:0000000,cell,hematopoietic cell,CL:0000988,hematopoietic cell,leukocyte,CL:0000738,leukocyte,myeloid leukocyte,CL:0000766,myeloid leukocyte,monocyte,CL:0000576,monocyte,non-classical monocyte,CL:0000875,non-classical monocyte,,,,,,,,,,,,,,,,,,,frmatch,sc_transcriptomics,
602,cell,CL:0000000,cell,epithelial cell,CL:0000066,epithelial cell,endo-epithelial cell,CL:0002076,endo-epithelial cell,respiratory tract epithelial cell,CL:0002368,respiratory tract epithelial cell,epithelial cell of lower respiratory tract,CL:0002632,epithelial cell of lower respiratory tract,epithelial cell of lung,CL:0000082,epithelial cell of lung,pulmonary alveolar epithelial cell,CL:0000322,pulmonary alveolar epithelial cell,pulmonary alveolar type 1 cell,CL:0002062,pulmonary alveolar type 1 cell,,,,,,,,,,,,,frmatch,sc_transcriptomics,
603,cell,CL:0000000,cell,epithelial cell,CL:0000066,epithelial cell,endo-epithelial cell,CL:0002076,endo-epithelial cell,respiratory tract epithelial cell,CL:0002368,respiratory tract epithelial cell,respiratory tract secretory epithelial cell,CL:0008055,respiratory tract secretory epithelial cell,respiratory tract goblet cell,CL:0002370,respiratory tract goblet cell,nasal mucosa goblet cell,CL:0002480,nasal mucosa goblet cell,,,,,,,,,,,,,,,,frmatch,sc_transcriptomics,
604,cell,CL:0000000,cell,endothelial cell,CL:0000115,endothelial cell,endothelial cell of vascular tree,CL:0002139,endothelial cell of vascular tree,blood vessel endothelial cell,CL:0000071,blood vessel endothelial cell,microvascular endothelial cell,CL:2000008,microvascular endothelial cell,capillary endothelial cell,CL:0002144,capillary endothelial cell,pulmonary capillary endothelial cell,CL:4028001,pulmonary capillary endothelial cell,,,,,,,,,,,,,,,,frmatch,sc_transcriptomics,
605,cell,CL:0000000,cell,epithelial cell,CL:0000066,epithelial cell,endo-epithelial cell,CL:0002076,endo-epithelial cell,respiratory tract epithelial cell,CL:0002368,respiratory tract epithelial cell,deuterosomal cell,CL:4033044,deuterosomal cell,,,,,,,,,,,,,,,,,,,,,,frmatch,sc_transcriptomics,
606,cell,CL:0000000,cell,precursor cell,CL:0011115,precursor cell,progenitor cell,CL:0011026,progenitor cell,respiratory tract suprabasal cell,CL:4033048,respiratory tract suprabasal cell,,,,,,,,,,,,,,,,,,,,,,,,,frmatch,sc_transcriptomics,
607,cell,CL:0000000,cell,precursor cell,CL:0011115,precursor cell,progenitor cell,CL:0011026,progenitor cell,hematopoietic stem cell,CL:0000037,hematopoietic stem cell,,,,,,,,,,,,,,,,,,,,,,,,,frmatch,sc_transcriptomics,
608,cell,CL:0000000,cell,epithelial cell,CL:0000066,epithelial cell,duct epithelial cell,CL:0000068,duct epithelial cell,,,,,,,,,,,,,,,,,,,,,,,,,,,,frmatch,sc_transcriptomics,
609,cell,CL:0000000,cell,precursor cell,CL:0011115,precursor cell,progenitor cell,CL:0011026,progenitor cell,club cell,CL:0000158,club cell,,,,,,,,,,,,,,,,,,,,,,,,,frmatch,sc_transcriptomics,
610,cell,CL:0000000,cell,connective tissue cell,CL:0002320,connective tissue cell,stromal cell,CL:0000499,stromal cell,fibroblast,CL:0000057,fibroblast,fibroblast of lung,CL:0002553,fibroblast of lung,,,,,,,,,,,,,,,,,,,,,,frmatch,sc_transcriptomics,
611,cell,CL:0000000,cell,epithelial cell,CL:0000066,epithelial cell,endo-epithelial cell,CL:0002076,endo-epithelial cell,respiratory tract epithelial cell,CL:0002368,respiratory tract epithelial cell,respiratory tract hillock cell,CL:4030023,respiratory tract hillock cell,,,,,,,,,,,,,,,,,,,,,,frmatch,sc_transcriptomics,
612,cell,CL:0000000,cell,hematopoietic cell,CL:0000988,hematopoietic cell,leukocyte,CL:0000738,leukocyte,myeloid leukocyte,CL:0000766,myeloid leukocyte,macrophage,CL:0000235,macrophage,lung macrophage,CL:1001603,lung macrophage,alveolar macrophage,CL:0000583,alveolar macrophage,CCL3-positive alveolar macrophage,CL:4033041,CCL3-positive alveolar macrophage,,,,,,,,,,,,,frmatch,sc_transcriptomics,
613,cell,CL:0000000,cell,hematopoietic cell,CL:0000988,hematopoietic cell,leukocyte,CL:0000738,leukocyte,myeloid leukocyte,CL:0000766,myeloid leukocyte,mast cell,CL:0000097,mast cell,,,,,,,,,,,,,,,,,,,,,,frmatch,sc_transcriptomics,
614,cell,CL:0000000,cell,hematopoietic cell,CL:0000988,hematopoietic cell,leukocyte,CL:0000738,leukocyte,mononuclear leukocyte,CL:0000842,mononuclear leukocyte,lymphocyte,CL:0000542,lymphocyte,T cell,CL:0000084,T cell,mature T cell,CL:0002419,mature T cell,mature alpha-beta T cell,CL:0000791,mature alpha-beta T cell,"CD4-positive, alpha-beta T cell",CL:0000624,"CD4-positive, alpha-beta T cell",,,,,,,,,,frmatch,sc_transcriptomics,
615,cell,CL:0000000,cell,epithelial cell,CL:0000066,epithelial cell,endo-epithelial cell,CL:0002076,endo-epithelial cell,respiratory tract epithelial cell,CL:0002368,respiratory tract epithelial cell,epithelial cell of lower respiratory tract,CL:0002632,epithelial cell of lower respiratory tract,,,,,,,,,,,,,,,,,,,,,,frmatch,sc_transcriptomics,
616,cell,CL:0000000,cell,endothelial cell,CL:0000115,endothelial cell,endothelial cell of vascular tree,CL:0002139,endothelial cell of vascular tree,blood vessel endothelial cell,CL:0000071,blood vessel endothelial cell,vein endothelial cell,CL:0002543,vein endothelial cell,vein endothelial cell of respiratory system,CL:4033008,vein endothelial cell of respiratory system,,,,,,,,,,,,,,,,,,,frmatch,sc_transcriptomics,
617,cell,CL:0000000,cell,epithelial cell,CL:0000066,epithelial cell,squamous epithelial cell,CL:0000076,squamous epithelial cell,stratified squamous epithelial cell,CL:0000240,stratified squamous epithelial cell,keratinizing barrier epithelial cell,CL:0000237,keratinizing barrier epithelial cell,keratinocyte,CL:0000312,keratinocyte,epidermal keratinocyte,CL:4052061,epidermal keratinocyte,basal cell of epidermis,CL:0002187,basal cell of epidermis,,,,,,,,,,,,,pan-human-azimuth,sc_transcriptomics,
618,cell,CL:0000000,cell,precursor cell,CL:0011115,precursor cell,stem cell,CL:0000034,stem cell,Leydig stem cell,CL:0009091,Leydig stem cell,,,,,,,,,,,,,,,,,,,,,,,,,pan-human-azimuth,sc_transcriptomics,
619,cell,CL:0000000,cell,precursor cell,CL:0011115,precursor cell,progenitor cell,CL:0011026,progenitor cell,hematopoietic stem cell,CL:0000037,hematopoietic stem cell,,,,,,,,,,,,,,,,,,,,,,,,,pan-human-azimuth,sc_transcriptomics,
620,cell,CL:0000000,cell,precursor cell,CL:0011115,precursor cell,stem cell,CL:0000034,stem cell,somatic stem cell,CL:0000723,somatic stem cell,epithelial fate stem cell,CL:0000036,epithelial fate stem cell,basal cell,CL:0000646,basal cell,,,,,,,,,,,,,,,,,,,pan-human-azimuth,sc_transcriptomics,
621,cell,CL:0000000,cell,epithelial cell,CL:0000066,epithelial cell,meso-epithelial cell,CL:0002078,meso-epithelial cell,mesothelial cell,CL:0000077,mesothelial cell,,,,,,,,,,,,,,,,,,,,,,,,,pan-human-azimuth,sc_transcriptomics,
622,cell,CL:0000000,cell,epithelial cell,CL:0000066,epithelial cell,endo-epithelial cell,CL:0002076,endo-epithelial cell,epithelial cell of alimentary canal,CL:0002251,epithelial cell of alimentary canal,intestinal epithelial cell,CL:0002563,intestinal epithelial cell,M cell of gut,CL:0000682,M cell of gut,,,,,,,,,,,,,,,,,,,pan-human-azimuth,sc_transcriptomics,
623,cell,CL:0000000,cell,epithelial cell,CL:0000066,epithelial cell,squamous epithelial cell,CL:0000076,squamous epithelial cell,stratified squamous epithelial cell,CL:0000240,stratified squamous epithelial cell,keratinizing barrier epithelial cell,CL:0000237,keratinizing barrier epithelial cell,keratinocyte,CL:0000312,keratinocyte,epidermal keratinocyte,CL:4052061,epidermal keratinocyte,granular cell of epidermis,CL:0002189,granular cell of epidermis,,,,,,,,,,,,,pan-human-azimuth,sc_transcriptomics,
624,cell,CL:0000000,cell,epithelial cell,CL:0000066,epithelial cell,secretory epithelial cell,CL:1100001,secretory epithelial cell,enteroendocrine cell,CL:0000164,enteroendocrine cell,pancreatic endocrine cell,CL:0008024,pancreatic endocrine cell,pancreatic PP cell,CL:0002275,pancreatic PP cell,,,,,,,,,,,,,,,,,,,pan-human-azimuth,sc_transcriptomics,
625,cell,CL:0000000,cell,epithelial cell,CL:0000066,epithelial cell,secretory epithelial cell,CL:1100001,secretory epithelial cell,glandular secretory epithelial cell,CL:0000150,glandular secretory epithelial cell,mammary gland glandular cell,CL:1001586,mammary gland glandular cell,lactocyte,CL:0002325,lactocyte,,,,,,,,,,,,,,,,,,,pan-human-azimuth,sc_transcriptomics,
626,cell,CL:0000000,cell,epithelial cell,CL:0000066,epithelial cell,conjunctival epithelial cell,CL:1000432,conjunctival epithelial cell,,,,,,,,,,,,,,,,,,,,,,,,,,,,pan-human-azimuth,sc_transcriptomics,
627,cell,CL:0000000,cell,epithelial cell,CL:0000066,epithelial cell,hepatocyte,CL:0000182,hepatocyte,,,,,,,,,,,,,,,,,,,,,,,,,,,,pan-human-azimuth,sc_transcriptomics,
628,cell,CL:0000000,cell,neural cell,CL:0002319,neural cell,neuron associated cell,CL:0000095,neuron associated cell,neuron associated cell (sensu Vertebrata),CL:0000123,neuron associated cell (sensu Vertebrata),Merkel cell,CL:0000242,Merkel cell,,,,,,,,,,,,,,,,,,,,,,pan-human-azimuth,sc_transcriptomics,
629,cell,CL:0000000,cell,epithelial cell,CL:0000066,epithelial cell,kidney epithelial cell,CL:0002518,kidney epithelial cell,renal cortical epithelial cell,CL:0002584,renal cortical epithelial cell,kidney corpuscule cell,CL:1000612,kidney corpuscule cell,glomerular cell,CL:1000746,glomerular cell,kidney glomerular epithelial cell,CL:1000510,kidney glomerular epithelial cell,epithelial cell of glomerular capsule,CL:1000450,epithelial cell of glomerular capsule,podocyte,CL:0000653,podocyte,,,,,,,,,,pan-human-azimuth,sc_transcriptomics,
630,cell,CL:0000000,cell,epithelial cell,CL:0000066,epithelial cell,secretory epithelial cell,CL:1100001,secretory epithelial cell,mucous cell of stomach,CL:0002180,mucous cell of stomach,,,,,,,,,,,,,,,,,,,,,,,,,pan-human-azimuth,sc_transcriptomics,
631,cell,CL:0000000,cell,epithelial cell,CL:0000066,epithelial cell,endo-epithelial cell,CL:0002076,endo-epithelial cell,epithelial cell of thymus,CL:0002293,epithelial cell of thymus,cortical thymic epithelial cell,CL:0002364,cortical thymic epithelial cell,,,,,,,,,,,,,,,,,,,,,,pan-human-azimuth,sc_transcriptomics,
632,cell,CL:0000000,cell,epithelial cell,CL:0000066,epithelial cell,endo-epithelial cell,CL:0002076,endo-epithelial cell,respiratory tract epithelial cell,CL:0002368,respiratory tract epithelial cell,,,,,,,,,,,,,,,,,,,,,,,,,pan-human-azimuth,sc_transcriptomics,
633,cell,CL:0000000,cell,epithelial cell,CL:0000066,epithelial cell,endo-epithelial cell,CL:0002076,endo-epithelial cell,respiratory tract epithelial cell,CL:0002368,respiratory tract epithelial cell,epithelial cell of lower respiratory tract,CL:0002632,epithelial cell of lower respiratory tract,epithelial cell of lung,CL:0000082,epithelial cell of lung,pulmonary ionocyte,CL:0017000,pulmonary ionocyte,,,,,,,,,,,,,,,,pan-human-azimuth,sc_transcriptomics,
634,cell,CL:0000000,cell,epithelial cell,CL:0000066,epithelial cell,squamous epithelial cell,CL:0000076,squamous epithelial cell,,,,,,,,,,,,,,,,,,,,,,,,,,,,pan-human-azimuth,sc_transcriptomics,
635,cell,CL:0000000,cell,epithelial cell,CL:0000066,epithelial cell,columnar/cuboidal epithelial cell,CL:0000075,columnar/cuboidal epithelial cell,brush border epithelial cell,CL:0000239,brush border epithelial cell,enterocyte,CL:0000584,enterocyte,,,,,,,,,,,,,,,,,,,,,,pan-human-azimuth,sc_transcriptomics,
636,cell,CL:0000000,cell,epithelial cell,CL:0000066,epithelial cell,tuft cell,CL:0002204,tuft cell,intestinal tuft cell,CL:0019032,intestinal tuft cell,,,,,,,,,,,,,,,,,,,,,,,,,pan-human-azimuth,sc_transcriptomics,
637,cell,CL:0000000,cell,epithelial cell,CL:0000066,epithelial cell,duct epithelial cell,CL:0000068,duct epithelial cell,branched duct epithelial cell,CL:0000069,branched duct epithelial cell,cholangiocyte,CL:1000488,cholangiocyte,,,,,,,,,,,,,,,,,,,,,,pan-human-azimuth,sc_transcriptomics,
638,cell,CL:0000000,cell,epithelial cell,CL:0000066,epithelial cell,mammary gland epithelial cell,CL:0002327,mammary gland epithelial cell,,,,,,,,,,,,,,,,,,,,,,,,,,,,pan-human-azimuth,sc_transcriptomics,
639,cell,CL:0000000,cell,epithelial cell,CL:0000066,epithelial cell,endo-epithelial cell,CL:0002076,endo-epithelial cell,epithelial cell of thymus,CL:0002293,epithelial cell of thymus,medullary thymic epithelial cell,CL:0002365,medullary thymic epithelial cell,,,,,,,,,,,,,,,,,,,,,,pan-human-azimuth,sc_transcriptomics,
640,cell,CL:0000000,cell,epithelial cell,CL:0000066,epithelial cell,secretory epithelial cell,CL:1100001,secretory epithelial cell,enteroendocrine cell,CL:0000164,enteroendocrine cell,,,,,,,,,,,,,,,,,,,,,,,,,pan-human-azimuth,sc_transcriptomics,
641,cell,CL:0000000,cell,epithelial cell,CL:0000066,epithelial cell,meso-epithelial cell,CL:0002078,meso-epithelial cell,mesothelial cell,CL:0000077,mesothelial cell,seminiferous tubule epithelial cell,CL:0002625,seminiferous tubule epithelial cell,Sertoli cell,CL:0000216,Sertoli cell,,,,,,,,,,,,,,,,,,,pan-human-azimuth,sc_transcriptomics,
642,cell,CL:0000000,cell,epithelial cell,CL:0000066,epithelial cell,endo-epithelial cell,CL:0002076,endo-epithelial cell,epithelial cell of thymus,CL:0002293,epithelial cell of thymus,medullary thymic epithelial cell,CL:0002365,medullary thymic epithelial cell,medullary thymic epithelial cell type 3,CL:0009073,medullary thymic epithelial cell type 3,,,,,,,,,,,,,,,,,,,pan-human-azimuth,sc_transcriptomics,
643,cell,CL:0000000,cell,epithelial cell,CL:0000066,epithelial cell,duct epithelial cell,CL:0000068,duct epithelial cell,branched duct epithelial cell,CL:0000069,branched duct epithelial cell,pancreatic ductal cell,CL:0002079,pancreatic ductal cell,,,,,,,,,,,,,,,,,,,,,,pan-human-azimuth,sc_transcriptomics,
644,cell,CL:0000000,cell,epithelial cell,CL:0000066,epithelial cell,columnar/cuboidal epithelial cell,CL:0000075,columnar/cuboidal epithelial cell,myoepithelial cell,CL:0000185,myoepithelial cell,basal-myoepithelial cell of mammary gland,CL:0002324,basal-myoepithelial cell of mammary gland,,,,,,,,,,,,,,,,,,,,,,pan-human-azimuth,sc_transcriptomics,
645,cell,CL:0000000,cell,epithelial cell,CL:0000066,epithelial cell,meso-epithelial cell,CL:0002078,meso-epithelial cell,mesothelial cell,CL:0000077,mesothelial cell,seminiferous tubule epithelial cell,CL:0002625,seminiferous tubule epithelial cell,peritubular myoid cell,CL:0002481,peritubular myoid cell,,,,,,,,,,,,,,,,,,,pan-human-azimuth,sc_transcriptomics,
646,cell,CL:0000000,cell,epithelial cell,CL:0000066,epithelial cell,endo-epithelial cell,CL:0002076,endo-epithelial cell,epithelial cell of alimentary canal,CL:0002251,epithelial cell of alimentary canal,intestinal epithelial cell,CL:0002563,intestinal epithelial cell,,,,,,,,,,,,,,,,,,,,,,pan-human-azimuth,sc_transcriptomics,
647,cell,CL:0000000,cell,epithelial cell,CL:0000066,epithelial cell,endo-epithelial cell,CL:0002076,endo-epithelial cell,epithelial cell of thymus,CL:0002293,epithelial cell of thymus,,,,,,,,,,,,,,,,,,,,,,,,,pan-human-azimuth,sc_transcriptomics,
648,cell,CL:0000000,cell,epithelial cell,CL:0000066,epithelial cell,squamous epithelial cell,CL:0000076,squamous epithelial cell,stratified squamous epithelial cell,CL:0000240,stratified squamous epithelial cell,keratinizing barrier epithelial cell,CL:0000237,keratinizing barrier epithelial cell,keratinocyte,CL:0000312,keratinocyte,spinous cell,CL:4052060,spinous cell,spinous cell of epidermis,CL:0000649,spinous cell of epidermis,,,,,,,,,,,,,pan-human-azimuth,sc_transcriptomics,
649,cell,CL:0000000,cell,epithelial cell,CL:0000066,epithelial cell,endo-epithelial cell,CL:0002076,endo-epithelial cell,epithelial cell of alimentary canal,CL:0002251,epithelial cell of alimentary canal,epithelial cell of stomach,CL:0002178,epithelial cell of stomach,,,,,,,,,,,,,,,,,,,,,,pan-human-azimuth,sc_transcriptomics,
650,cell,CL:0000000,cell,neural cell,CL:0002319,neural cell,retinal cell,CL:0009004,retinal cell,retinal pigment epithelial cell,CL:0002586,retinal pigment epithelial cell,,,,,,,,,,,,,,,,,,,,,,,,,pan-human-azimuth,sc_transcriptomics,
651,cell,CL:0000000,cell,epithelial cell,CL:0000066,epithelial cell,endo-epithelial cell,CL:0002076,endo-epithelial cell,epithelial cell of alimentary canal,CL:0002251,epithelial cell of alimentary canal,intestinal epithelial cell,CL:0002563,intestinal epithelial cell,epithelial cell of large intestine,CL:0002253,epithelial cell of large intestine,colon epithelial cell,CL:0011108,colon epithelial cell,colonocyte,CL:1000347,colonocyte,,,,,,,,,,,,,pan-human-azimuth,sc_transcriptomics,
652,cell,CL:0000000,cell,epithelial cell,CL:0000066,epithelial cell,mammary gland epithelial cell,CL:0002327,mammary gland epithelial cell,luminal epithelial cell of mammary gland,CL:0002326,luminal epithelial cell of mammary gland,luminal adaptive secretory precursor cell of mammary gland,CL:4033057,luminal adaptive secretory precursor cell of mammary gland,,,,,,,,,,,,,,,,,,,,,,pan-human-azimuth,sc_transcriptomics,
653,cell,CL:0000000,cell,epithelial cell,CL:0000066,epithelial cell,ecto-epithelial cell,CL:0002077,ecto-epithelial cell,general ecto-epithelial cell,CL:0002159,general ecto-epithelial cell,corneal epithelial cell,CL:0000575,corneal epithelial cell,,,,,,,,,,,,,,,,,,,,,,pan-human-azimuth,sc_transcriptomics,
654,cell,CL:0000000,cell,epithelial cell,CL:0000066,epithelial cell,kidney epithelial cell,CL:0002518,kidney epithelial cell,epithelial cell of nephron,CL:1000449,epithelial cell of nephron,nephron tubule epithelial cell,CL:1000494,nephron tubule epithelial cell,epithelial cell of distal tubule,CL:0002305,epithelial cell of distal tubule,,,,,,,,,,,,,,,,,,,pan-human-azimuth,sc_transcriptomics,
655,cell,CL:0000000,cell,epithelial cell,CL:0000066,epithelial cell,kidney epithelial cell,CL:0002518,kidney epithelial cell,epithelial cell of nephron,CL:1000449,epithelial cell of nephron,renal intercalated cell,CL:0005010,renal intercalated cell,,,,,,,,,,,,,,,,,,,,,,pan-human-azimuth,sc_transcriptomics,
656,cell,CL:0000000,cell,epithelial cell,CL:0000066,epithelial cell,columnar/cuboidal epithelial cell,CL:0000075,columnar/cuboidal epithelial cell,multiciliated epithelial cell,CL:0005012,multiciliated epithelial cell,respiratory tract multiciliated cell,CL:4030034,respiratory tract multiciliated cell,lung multiciliated epithelial cell,CL:1000271,lung multiciliated epithelial cell,,,,,,,,,,,,,,,,,,,pan-human-azimuth,sc_transcriptomics,
657,cell,CL:0000000,cell,epithelial cell,CL:0000066,epithelial cell,secretory epithelial cell,CL:1100001,secretory epithelial cell,enteroendocrine cell,CL:0000164,enteroendocrine cell,pancreatic endocrine cell,CL:0008024,pancreatic endocrine cell,type B pancreatic cell,CL:0000169,type B pancreatic cell,,,,,,,,,,,,,,,,,,,pan-human-azimuth,sc_transcriptomics,
658,cell,CL:0000000,cell,epithelial cell,CL:0000066,epithelial cell,kidney epithelial cell,CL:0002518,kidney epithelial cell,epithelial cell of nephron,CL:1000449,epithelial cell of nephron,nephron tubule epithelial cell,CL:1000494,nephron tubule epithelial cell,epithelial cell of proximal tubule,CL:0002306,epithelial cell of proximal tubule,,,,,,,,,,,,,,,,,,,pan-human-azimuth,sc_transcriptomics,
659,cell,CL:0000000,cell,epithelial cell,CL:0000066,epithelial cell,endo-epithelial cell,CL:0002076,endo-epithelial cell,respiratory tract epithelial cell,CL:0002368,respiratory tract epithelial cell,epithelial cell of lower respiratory tract,CL:0002632,epithelial cell of lower respiratory tract,epithelial cell of lung,CL:0000082,epithelial cell of lung,pulmonary alveolar epithelial cell,CL:0000322,pulmonary alveolar epithelial cell,pulmonary alveolar type 2 cell,CL:0002063,pulmonary alveolar type 2 cell,cycling pulmonary alveolar type 2 cell,CL:4033080,cycling pulmonary alveolar type 2 cell,,,,,,,,,,pan-human-azimuth,sc_transcriptomics,
660,cell,CL:0000000,cell,epithelial cell,CL:0000066,epithelial cell,endo-epithelial cell,CL:0002076,endo-epithelial cell,respiratory tract epithelial cell,CL:0002368,respiratory tract epithelial cell,epithelial cell of lower respiratory tract,CL:0002632,epithelial cell of lower respiratory tract,epithelial cell of lung,CL:0000082,epithelial cell of lung,pulmonary alveolar epithelial cell,CL:0000322,pulmonary alveolar epithelial cell,pulmonary alveolar type 1 cell,CL:0002062,pulmonary alveolar type 1 cell,,,,,,,,,,,,,pan-human-azimuth,sc_transcriptomics,
661,cell,CL:0000000,cell,epithelial cell,CL:0000066,epithelial cell,,,,,,,,,,,,,,,,,,,,,,,,,,,,,,,pan-human-azimuth,sc_transcriptomics,
662,cell,CL:0000000,cell,epithelial cell,CL:0000066,epithelial cell,endo-epithelial cell,CL:0002076,endo-epithelial cell,respiratory tract epithelial cell,CL:0002368,respiratory tract epithelial cell,epithelial cell of lower respiratory tract,CL:0002632,epithelial cell of lower respiratory tract,epithelial cell of lung,CL:0000082,epithelial cell of lung,,,,,,,,,,,,,,,,,,,pan-human-azimuth,sc_transcriptomics,
663,cell,CL:0000000,cell,epithelial cell,CL:0000066,epithelial cell,endo-epithelial cell,CL:0002076,endo-epithelial cell,epithelial cell of pancreas,CL:0000083,epithelial cell of pancreas,,,,,,,,,,,,,,,,,,,,,,,,,pan-human-azimuth,sc_transcriptomics,
664,cell,CL:0000000,cell,epithelial cell,CL:0000066,epithelial cell,endo-epithelial cell,CL:0002076,endo-epithelial cell,respiratory tract epithelial cell,CL:0002368,respiratory tract epithelial cell,epithelial cell of lower respiratory tract,CL:0002632,epithelial cell of lower respiratory tract,epithelial cell of lung,CL:0000082,epithelial cell of lung,pulmonary alveolar epithelial cell,CL:0000322,pulmonary alveolar epithelial cell,pulmonary alveolar type 2 cell,CL:0002063,pulmonary alveolar type 2 cell,,,,,,,,,,,,,pan-human-azimuth,sc_transcriptomics,
665,cell,CL:0000000,cell,epithelial cell,CL:0000066,epithelial cell,endo-epithelial cell,CL:0002076,endo-epithelial cell,epithelial cell of alimentary canal,CL:0002251,epithelial cell of alimentary canal,oral mucosa squamous cell,CL:1001576,oral mucosa squamous cell,gingival epithelial cell,CL:0002621,gingival epithelial cell,,,,,,,,,,,,,,,,,,,pan-human-azimuth,sc_transcriptomics,
666,cell,CL:0000000,cell,epithelial cell,CL:0000066,epithelial cell,columnar/cuboidal epithelial cell,CL:0000075,columnar/cuboidal epithelial cell,brush border epithelial cell,CL:0000239,brush border epithelial cell,enterocyte,CL:0000584,enterocyte,BEST4+ enterocyte,CL:4030026,BEST4+ enterocyte,,,,,,,,,,,,,,,,,,,pan-human-azimuth,sc_transcriptomics,
667,cell,CL:0000000,cell,epithelial cell,CL:0000066,epithelial cell,kidney epithelial cell,CL:0002518,kidney epithelial cell,epithelial cell of nephron,CL:1000449,epithelial cell of nephron,nephron tubule epithelial cell,CL:1000494,nephron tubule epithelial cell,kidney loop of Henle epithelial cell,CL:1000909,kidney loop of Henle epithelial cell,,,,,,,,,,,,,,,,,,,pan-human-azimuth,sc_transcriptomics,
668,cell,CL:0000000,cell,epithelial cell,CL:0000066,epithelial cell,mammary gland epithelial cell,CL:0002327,mammary gland epithelial cell,luminal epithelial cell of mammary gland,CL:0002326,luminal epithelial cell of mammary gland,luminal hormone-sensing cell of mammary gland,CL:4033058,luminal hormone-sensing cell of mammary gland,,,,,,,,,,,,,,,,,,,,,,pan-human-azimuth,sc_transcriptomics,
669,cell,CL:0000000,cell,precursor cell,CL:0011115,precursor cell,progenitor cell,CL:0011026,progenitor cell,club cell,CL:0000158,club cell,,,,,,,,,,,,,,,,,,,,,,,,,pan-human-azimuth,sc_transcriptomics,
670,cell,CL:0000000,cell,epithelial cell,CL:0000066,epithelial cell,squamous epithelial cell,CL:0000076,squamous epithelial cell,stratified squamous epithelial cell,CL:0000240,stratified squamous epithelial cell,keratinizing barrier epithelial cell,CL:0000237,keratinizing barrier epithelial cell,keratinocyte,CL:0000312,keratinocyte,,,,,,,,,,,,,,,,,,,pan-human-azimuth,sc_transcriptomics,
671,cell,CL:0000000,cell,epithelial cell,CL:0000066,epithelial cell,kidney epithelial cell,CL:0002518,kidney epithelial cell,epithelial cell of nephron,CL:1000449,epithelial cell of nephron,renal intercalated cell,CL:0005010,renal intercalated cell,renal beta-intercalated cell,CL:0002201,renal beta-intercalated cell,,,,,,,,,,,,,,,,,,,pan-human-azimuth,sc_transcriptomics,
672,cell,CL:0000000,cell,epithelial cell,CL:0000066,epithelial cell,secretory epithelial cell,CL:1100001,secretory epithelial cell,enteroendocrine cell,CL:0000164,enteroendocrine cell,pancreatic endocrine cell,CL:0008024,pancreatic endocrine cell,pancreatic epsilon cell,CL:0005019,pancreatic epsilon cell,,,,,,,,,,,,,,,,,,,pan-human-azimuth,sc_transcriptomics,
673,cell,CL:0000000,cell,epithelial cell,CL:0000066,epithelial cell,secretory epithelial cell,CL:1100001,secretory epithelial cell,enteroendocrine cell,CL:0000164,enteroendocrine cell,pancreatic endocrine cell,CL:0008024,pancreatic endocrine cell,pancreatic A cell,CL:0000171,pancreatic A cell,,,,,,,,,,,,,,,,,,,pan-human-azimuth,sc_transcriptomics,
674,cell,CL:0000000,cell,epithelial cell,CL:0000066,epithelial cell,endo-epithelial cell,CL:0002076,endo-epithelial cell,respiratory tract epithelial cell,CL:0002368,respiratory tract epithelial cell,epithelial cell of lower respiratory tract,CL:0002632,epithelial cell of lower respiratory tract,epithelial cell of lung,CL:0000082,epithelial cell of lung,pulmonary alveolar epithelial cell,CL:0000322,pulmonary alveolar epithelial cell,,,,,,,,,,,,,,,,pan-human-azimuth,sc_transcriptomics,
675,cell,CL:0000000,cell,epithelial cell,CL:0000066,epithelial cell,endo-epithelial cell,CL:0002076,endo-epithelial cell,epithelial cell of alimentary canal,CL:0002251,epithelial cell of alimentary canal,intestinal epithelial cell,CL:0002563,intestinal epithelial cell,paneth cell,CL:0000510,paneth cell,,,,,,,,,,,,,,,,,,,pan-human-azimuth,sc_transcriptomics,
676,cell,CL:0000000,cell,epithelial cell,CL:0000066,epithelial cell,kidney epithelial cell,CL:0002518,kidney epithelial cell,,,,,,,,,,,,,,,,,,,,,,,,,,,,pan-human-azimuth,sc_transcriptomics,
677,cell,CL:0000000,cell,epithelial cell,CL:0000066,epithelial cell,kidney epithelial cell,CL:0002518,kidney epithelial cell,epithelial cell of nephron,CL:1000449,epithelial cell of nephron,renal intercalated cell,CL:0005010,renal intercalated cell,renal alpha-intercalated cell,CL:0005011,renal alpha-intercalated cell,,,,,,,,,,,,,,,,,,,pan-human-azimuth,sc_transcriptomics,
678,cell,CL:0000000,cell,epithelial cell,CL:0000066,epithelial cell,secretory epithelial cell,CL:1100001,secretory epithelial cell,goblet cell,CL:0000160,goblet cell,intestine goblet cell,CL:0019031,intestine goblet cell,,,,,,,,,,,,,,,,,,,,,,pan-human-azimuth,sc_transcriptomics,
679,cell,CL:0000000,cell,epithelial cell,CL:0000066,epithelial cell,secretory epithelial cell,CL:1100001,secretory epithelial cell,glandular secretory epithelial cell,CL:0000150,glandular secretory epithelial cell,adrenal gland glandular cell,CL:1001601,adrenal gland glandular cell,,,,,,,,,,,,,,,,,,,,,,pan-human-azimuth,sc_transcriptomics,
680,cell,CL:0000000,cell,hematopoietic cell,CL:0000988,hematopoietic cell,myeloid cell,CL:0000763,myeloid cell,erythroid lineage cell,CL:0000764,erythroid lineage cell,erythrocyte,CL:0000232,erythrocyte,,,,,,,,,,,,,,,,,,,,,,pan-human-azimuth,sc_transcriptomics,
681,cell,CL:0000000,cell,hematopoietic cell,CL:0000988,hematopoietic cell,myeloid cell,CL:0000763,myeloid cell,platelet,CL:0000233,platelet,,,,,,,,,,,,,,,,,,,,,,,,,pan-human-azimuth,sc_transcriptomics,
682,cell,CL:0000000,cell,hematopoietic cell,CL:0000988,hematopoietic cell,leukocyte,CL:0000738,leukocyte,myeloid leukocyte,CL:0000766,myeloid leukocyte,granulocyte,CL:0000094,granulocyte,neutrophil,CL:0000775,neutrophil,,,,,,,,,,,,,,,,,,,pan-human-azimuth,sc_transcriptomics,
683,cell,CL:0000000,cell,hematopoietic cell,CL:0000988,hematopoietic cell,leukocyte,CL:0000738,leukocyte,myeloid leukocyte,CL:0000766,myeloid leukocyte,granulocyte,CL:0000094,granulocyte,,,,,,,,,,,,,,,,,,,,,,pan-human-azimuth,sc_transcriptomics,
684,cell,CL:0000000,cell,hematopoietic cell,CL:0000988,hematopoietic cell,leukocyte,CL:0000738,leukocyte,mononuclear leukocyte,CL:0000842,mononuclear leukocyte,lymphocyte,CL:0000542,lymphocyte,T cell,CL:0000084,T cell,mature T cell,CL:0002419,mature T cell,mature alpha-beta T cell,CL:0000791,mature alpha-beta T cell,"CD4-positive, alpha-beta T cell",CL:0000624,"CD4-positive, alpha-beta T cell",CD4-positive helper T cell,CL:0000492,CD4-positive helper T cell,T follicular helper cell,CL:0002038,T follicular helper cell,,,,pan-human-azimuth,sc_transcriptomics,
685,cell,CL:0000000,cell,hematopoietic cell,CL:0000988,hematopoietic cell,leukocyte,CL:0000738,leukocyte,mononuclear leukocyte,CL:0000842,mononuclear leukocyte,lymphocyte,CL:0000542,lymphocyte,T cell,CL:0000084,T cell,mature T cell,CL:0002419,mature T cell,mature alpha-beta T cell,CL:0000791,mature alpha-beta T cell,"CD4-positive, alpha-beta T cell",CL:0000624,"CD4-positive, alpha-beta T cell",,,,,,,,,,pan-human-azimuth,sc_transcriptomics,
686,cell,CL:0000000,cell,hematopoietic cell,CL:0000988,hematopoietic cell,leukocyte,CL:0000738,leukocyte,mononuclear leukocyte,CL:0000842,mononuclear leukocyte,lymphocyte,CL:0000542,lymphocyte,T cell,CL:0000084,T cell,mature T cell,CL:0002419,mature T cell,mature alpha-beta T cell,CL:0000791,mature alpha-beta T cell,"CD4-positive, alpha-beta T cell",CL:0000624,"CD4-positive, alpha-beta T cell","CD4-positive, alpha-beta memory T cell",CL:0000897,"CD4-positive, alpha-beta memory T cell",,,,,,,pan-human-azimuth,sc_transcriptomics,
687,cell,CL:0000000,cell,hematopoietic cell,CL:0000988,hematopoietic cell,leukocyte,CL:0000738,leukocyte,mononuclear leukocyte,CL:0000842,mononuclear leukocyte,lymphocyte,CL:0000542,lymphocyte,T cell,CL:0000084,T cell,,,,,,,,,,,,,,,,,,,pan-human-azimuth,sc_transcriptomics,
688,cell,CL:0000000,cell,hematopoietic cell,CL:0000988,hematopoietic cell,leukocyte,CL:0000738,leukocyte,mononuclear leukocyte,CL:0000842,mononuclear leukocyte,lymphocyte,CL:0000542,lymphocyte,T cell,CL:0000084,T cell,gamma-delta T cell,CL:0000798,gamma-delta T cell,,,,,,,,,,,,,,,,pan-human-azimuth,sc_transcriptomics,
689,cell,CL:0000000,cell,hematopoietic cell,CL:0000988,hematopoietic cell,leukocyte,CL:0000738,leukocyte,mononuclear leukocyte,CL:0000842,mononuclear leukocyte,lymphocyte,CL:0000542,lymphocyte,T cell,CL:0000084,T cell,alpha-beta T cell,CL:0000789,alpha-beta T cell,,,,,,,,,,,,,,,,pan-human-azimuth,sc_transcriptomics,
690,cell,CL:0000000,cell,hematopoietic cell,CL:0000988,hematopoietic cell,leukocyte,CL:0000738,leukocyte,mononuclear leukocyte,CL:0000842,mononuclear leukocyte,lymphocyte,CL:0000542,lymphocyte,T cell,CL:0000084,T cell,mature T cell,CL:0002419,mature T cell,naive T cell,CL:0000898,naive T cell,,,,,,,,,,,,,pan-human-azimuth,sc_transcriptomics,
691,cell,CL:0000000,cell,hematopoietic cell,CL:0000988,hematopoietic cell,leukocyte,CL:0000738,leukocyte,mononuclear leukocyte,CL:0000842,mononuclear leukocyte,lymphocyte,CL:0000542,lymphocyte,T cell,CL:0000084,T cell,mature T cell,CL:0002419,mature T cell,naive T cell,CL:0000898,naive T cell,"naive thymus-derived CD4-positive, alpha-beta T cell",CL:0000895,"naive thymus-derived CD4-positive, alpha-beta T cell",,,,,,,,,,pan-human-azimuth,sc_transcriptomics,
692,cell,CL:0000000,cell,hematopoietic cell,CL:0000988,hematopoietic cell,leukocyte,CL:0000738,leukocyte,mononuclear leukocyte,CL:0000842,mononuclear leukocyte,lymphocyte,CL:0000542,lymphocyte,T cell,CL:0000084,T cell,immature T cell,CL:0002420,immature T cell,thymocyte,CL:0000893,thymocyte,"double-positive, alpha-beta thymocyte",CL:0000809,"double-positive, alpha-beta thymocyte",,,,,,,,,,pan-human-azimuth,sc_transcriptomics,
693,cell,CL:0000000,cell,hematopoietic cell,CL:0000988,hematopoietic cell,leukocyte,CL:0000738,leukocyte,mononuclear leukocyte,CL:0000842,mononuclear leukocyte,lymphocyte,CL:0000542,lymphocyte,T cell,CL:0000084,T cell,mature T cell,CL:0002419,mature T cell,naive T cell,CL:0000898,naive T cell,"naive thymus-derived CD8-positive, alpha-beta T cell",CL:0000900,"naive thymus-derived CD8-positive, alpha-beta T cell",,,,,,,,,,pan-human-azimuth,sc_transcriptomics,
694,cell,CL:0000000,cell,hematopoietic cell,CL:0000988,hematopoietic cell,leukocyte,CL:0000738,leukocyte,mononuclear leukocyte,CL:0000842,mononuclear leukocyte,lymphocyte,CL:0000542,lymphocyte,T cell,CL:0000084,T cell,immature T cell,CL:0002420,immature T cell,thymocyte,CL:0000893,thymocyte,double negative thymocyte,CL:0002489,double negative thymocyte,,,,,,,,,,pan-human-azimuth,sc_transcriptomics,
695,cell,CL:0000000,cell,hematopoietic cell,CL:0000988,hematopoietic cell,leukocyte,CL:0000738,leukocyte,mononuclear leukocyte,CL:0000842,mononuclear leukocyte,lymphocyte,CL:0000542,lymphocyte,T cell,CL:0000084,T cell,cycling T cell,CL:4033069,cycling T cell,,,,,,,,,,,,,,,,pan-human-azimuth,sc_transcriptomics,
696,cell,CL:0000000,cell,hematopoietic cell,CL:0000988,hematopoietic cell,leukocyte,CL:0000738,leukocyte,mononuclear leukocyte,CL:0000842,mononuclear leukocyte,lymphocyte,CL:0000542,lymphocyte,T cell,CL:0000084,T cell,mature T cell,CL:0002419,mature T cell,mature alpha-beta T cell,CL:0000791,mature alpha-beta T cell,mucosal-associated invariant T cell,CL:0000940,mucosal-associated invariant T cell,,,,,,,,,,pan-human-azimuth,sc_transcriptomics,
697,cell,CL:0000000,cell,hematopoietic cell,CL:0000988,hematopoietic cell,leukocyte,CL:0000738,leukocyte,mononuclear leukocyte,CL:0000842,mononuclear leukocyte,lymphocyte,CL:0000542,lymphocyte,T cell,CL:0000084,T cell,mature T cell,CL:0002419,mature T cell,mature alpha-beta T cell,CL:0000791,mature alpha-beta T cell,"CD4-positive, alpha-beta T cell",CL:0000624,"CD4-positive, alpha-beta T cell","CD4-positive, CD25-positive, alpha-beta regulatory T cell",CL:0000792,"CD4-positive, CD25-positive, alpha-beta regulatory T cell",,,,,,,pan-human-azimuth,sc_transcriptomics,
698,cell,CL:0000000,cell,hematopoietic cell,CL:0000988,hematopoietic cell,leukocyte,CL:0000738,leukocyte,mononuclear leukocyte,CL:0000842,mononuclear leukocyte,lymphocyte,CL:0000542,lymphocyte,T cell,CL:0000084,T cell,mature T cell,CL:0002419,mature T cell,memory T cell,CL:0000813,memory T cell,,,,,,,,,,,,,pan-human-azimuth,sc_transcriptomics,
699,cell,CL:0000000,cell,hematopoietic cell,CL:0000988,hematopoietic cell,leukocyte,CL:0000738,leukocyte,mononuclear leukocyte,CL:0000842,mononuclear leukocyte,lymphocyte,CL:0000542,lymphocyte,T cell,CL:0000084,T cell,mature T cell,CL:0002419,mature T cell,mature alpha-beta T cell,CL:0000791,mature alpha-beta T cell,"CD4-positive, alpha-beta T cell",CL:0000624,"CD4-positive, alpha-beta T cell","CD4-positive, alpha-beta cytotoxic T cell",CL:0000934,"CD4-positive, alpha-beta cytotoxic T cell",,,,,,,pan-human-azimuth,sc_transcriptomics,
700,cell,CL:0000000,cell,hematopoietic cell,CL:0000988,hematopoietic cell,leukocyte,CL:0000738,leukocyte,mononuclear leukocyte,CL:0000842,mononuclear leukocyte,lymphocyte,CL:0000542,lymphocyte,T cell,CL:0000084,T cell,mature T cell,CL:0002419,mature T cell,mature alpha-beta T cell,CL:0000791,mature alpha-beta T cell,"CD8-positive, alpha-beta T cell",CL:0000625,"CD8-positive, alpha-beta T cell","CD8-positive, alpha-beta memory T cell",CL:0000909,"CD8-positive, alpha-beta memory T cell",,,,,,,pan-human-azimuth,sc_transcriptomics,
701,cell,CL:0000000,cell,endothelial cell,CL:0000115,endothelial cell,endothelial cell of vascular tree,CL:0002139,endothelial cell of vascular tree,blood vessel endothelial cell,CL:0000071,blood vessel endothelial cell,microvascular endothelial cell,CL:2000008,microvascular endothelial cell,capillary endothelial cell,CL:0002144,capillary endothelial cell,pulmonary capillary endothelial cell,CL:4028001,pulmonary capillary endothelial cell,alveolar capillary type 2 endothelial cell,CL:4028003,alveolar capillary type 2 endothelial cell,,,,,,,,,,,,,pan-human-azimuth,sc_transcriptomics,
702,cell,CL:0000000,cell,endothelial cell,CL:0000115,endothelial cell,endothelial cell of vascular tree,CL:0002139,endothelial cell of vascular tree,blood vessel endothelial cell,CL:0000071,blood vessel endothelial cell,vein endothelial cell,CL:0002543,vein endothelial cell,,,,,,,,,,,,,,,,,,,,,,pan-human-azimuth,sc_transcriptomics,
703,cell,CL:0000000,cell,endothelial cell,CL:0000115,endothelial cell,endothelial cell of vascular tree,CL:0002139,endothelial cell of vascular tree,blood vessel endothelial cell,CL:0000071,blood vessel endothelial cell,vein endothelial cell,CL:0002543,vein endothelial cell,fetal vein endothelial cell,CL:4047011,fetal vein endothelial cell,,,,,,,,,,,,,,,,,,,pan-human-azimuth,sc_transcriptomics,
704,cell,CL:0000000,cell,endothelial cell,CL:0000115,endothelial cell,endothelial cell of vascular tree,CL:0002139,endothelial cell of vascular tree,endothelial cell of lymphatic vessel,CL:0002138,endothelial cell of lymphatic vessel,,,,,,,,,,,,,,,,,,,,,,,,,pan-human-azimuth,sc_transcriptomics,
705,cell,CL:0000000,cell,endothelial cell,CL:0000115,endothelial cell,endothelial cell of vascular tree,CL:0002139,endothelial cell of vascular tree,blood vessel endothelial cell,CL:0000071,blood vessel endothelial cell,microvascular endothelial cell,CL:2000008,microvascular endothelial cell,capillary endothelial cell,CL:0002144,capillary endothelial cell,,,,,,,,,,,,,,,,,,,pan-human-azimuth,sc_transcriptomics,
706,cell,CL:0000000,cell,endothelial cell,CL:0000115,endothelial cell,cardiac endothelial cell,CL:0010008,cardiac endothelial cell,endocardial cell,CL:0002350,endocardial cell,,,,,,,,,,,,,,,,,,,,,,,,,pan-human-azimuth,sc_transcriptomics,
707,cell,CL:0000000,cell,endothelial cell,CL:0000115,endothelial cell,endothelial cell of vascular tree,CL:0002139,endothelial cell of vascular tree,blood vessel endothelial cell,CL:0000071,blood vessel endothelial cell,endothelial tip cell,CL:0000704,endothelial tip cell,,,,,,,,,,,,,,,,,,,,,,pan-human-azimuth,sc_transcriptomics,
708,cell,CL:0000000,cell,endothelial cell,CL:0000115,endothelial cell,endothelial cell of vascular tree,CL:0002139,endothelial cell of vascular tree,blood vessel endothelial cell,CL:0000071,blood vessel endothelial cell,endothelial cell of artery,CL:1000413,endothelial cell of artery,fetal artery endothelial cell,CL:4047006,fetal artery endothelial cell,,,,,,,,,,,,,,,,,,,pan-human-azimuth,sc_transcriptomics,
709,cell,CL:0000000,cell,endothelial cell,CL:0000115,endothelial cell,,,,,,,,,,,,,,,,,,,,,,,,,,,,,,,pan-human-azimuth,sc_transcriptomics,
710,cell,CL:0000000,cell,endothelial cell,CL:0000115,endothelial cell,endothelial cell of vascular tree,CL:0002139,endothelial cell of vascular tree,blood vessel endothelial cell,CL:0000071,blood vessel endothelial cell,endothelial cell of artery,CL:1000413,endothelial cell of artery,,,,,,,,,,,,,,,,,,,,,,pan-human-azimuth,sc_transcriptomics,
711,cell,CL:0000000,cell,neural cell,CL:0002319,neural cell,neuron associated cell,CL:0000095,neuron associated cell,glial cell,CL:0000125,glial cell,,,,,,,,,,,,,,,,,,,,,,,,,pan-human-azimuth,sc_transcriptomics,
712,cell,CL:0000000,cell,neural cell,CL:0002319,neural cell,neuron associated cell,CL:0000095,neuron associated cell,glial cell,CL:0000125,glial cell,radial glial cell,CL:0000681,radial glial cell,Mueller cell,CL:0000636,Mueller cell,,,,,,,,,,,,,,,,,,,pan-human-azimuth,sc_transcriptomics,
713,cell,CL:0000000,cell,neural cell,CL:0002319,neural cell,neuron associated cell,CL:0000095,neuron associated cell,glial cell,CL:0000125,glial cell,macroglial cell,CL:0000126,macroglial cell,astrocyte,CL:0000127,astrocyte,,,,,,,,,,,,,,,,,,,pan-human-azimuth,sc_transcriptomics,
714,cell,CL:0000000,cell,neural cell,CL:0002319,neural cell,neuron associated cell,CL:0000095,neuron associated cell,glial cell,CL:0000125,glial cell,macroglial cell,CL:0000126,macroglial cell,oligodendrocyte,CL:0000128,oligodendrocyte,,,,,,,,,,,,,,,,,,,pan-human-azimuth,sc_transcriptomics,
715,cell,CL:0000000,cell,neural cell,CL:0002319,neural cell,neuron associated cell,CL:0000095,neuron associated cell,glial cell,CL:0000125,glial cell,cycling glial cell,CL:4047002,cycling glial cell,,,,,,,,,,,,,,,,,,,,,,pan-human-azimuth,sc_transcriptomics,
716,cell,CL:0000000,cell,hematopoietic cell,CL:0000988,hematopoietic cell,leukocyte,CL:0000738,leukocyte,myeloid leukocyte,CL:0000766,myeloid leukocyte,macrophage,CL:0000235,macrophage,tissue-resident macrophage,CL:0000864,tissue-resident macrophage,central nervous system macrophage,CL:0000878,central nervous system macrophage,microglial cell,CL:0000129,microglial cell,,,,,,,,,,,,,pan-human-azimuth,sc_transcriptomics,
717,cell,CL:0000000,cell,connective tissue cell,CL:0002320,connective tissue cell,adipocyte,CL:0000136,adipocyte,,,,,,,,,,,,,,,,,,,,,,,,,,,,pan-human-azimuth,sc_transcriptomics,
718,cell,CL:0000000,cell,melanocyte,CL:0000148,melanocyte,,,,,,,,,,,,,,,,,,,,,,,,,,,,,,,pan-human-azimuth,sc_transcriptomics,
719,cell,CL:0000000,cell,epithelial cell,CL:0000066,epithelial cell,endo-epithelial cell,CL:0002076,endo-epithelial cell,epithelial cell of alimentary canal,CL:0002251,epithelial cell of alimentary canal,epithelial cell of stomach,CL:0002178,epithelial cell of stomach,glandular epithelial cell of stomach,CL:0002659,glandular epithelial cell of stomach,peptic cell,CL:0000155,peptic cell,,,,,,,,,,,,,,,,pan-human-azimuth,sc_transcriptomics,
720,cell,CL:0000000,cell,epithelial cell,CL:0000066,epithelial cell,secretory epithelial cell,CL:1100001,secretory epithelial cell,glandular secretory epithelial cell,CL:0000150,glandular secretory epithelial cell,acinar cell,CL:0000622,acinar cell,pancreatic acinar cell,CL:0002064,pancreatic acinar cell,,,,,,,,,,,,,,,,,,,pan-human-azimuth,sc_transcriptomics,
721,cell,CL:0000000,cell,muscle cell,CL:0000187,muscle cell,,,,,,,,,,,,,,,,,,,,,,,,,,,,,,,pan-human-azimuth,sc_transcriptomics,
722,cell,CL:0000000,cell,muscle cell,CL:0000187,muscle cell,striated muscle cell,CL:0000737,striated muscle cell,cardiac muscle cell,CL:0000746,cardiac muscle cell,regular cardiac myocyte,CL:0002098,regular cardiac myocyte,regular atrial cardiac myocyte,CL:0002129,regular atrial cardiac myocyte,,,,,,,,,,,,,,,,,,,pan-human-azimuth,sc_transcriptomics,
723,cell,CL:0000000,cell,muscle cell,CL:0000187,muscle cell,striated muscle cell,CL:0000737,striated muscle cell,myotube,CL:0002372,myotube,skeletal muscle fiber,CL:0008002,skeletal muscle fiber,extrafusal muscle fiber,CL:0008046,extrafusal muscle fiber,fast muscle cell,CL:0000190,fast muscle cell,,,,,,,,,,,,,,,,pan-human-azimuth,sc_transcriptomics,
724,cell,CL:0000000,cell,muscle cell,CL:0000187,muscle cell,striated muscle cell,CL:0000737,striated muscle cell,myotube,CL:0002372,myotube,skeletal muscle fiber,CL:0008002,skeletal muscle fiber,,,,,,,,,,,,,,,,,,,,,,pan-human-azimuth,sc_transcriptomics,
725,cell,CL:0000000,cell,muscle cell,CL:0000187,muscle cell,striated muscle cell,CL:0000737,striated muscle cell,cardiac muscle cell,CL:0000746,cardiac muscle cell,ventricular cardiac muscle cell,CL:2000046,ventricular cardiac muscle cell,,,,,,,,,,,,,,,,,,,,,,pan-human-azimuth,sc_transcriptomics,
726,cell,CL:0000000,cell,muscle cell,CL:0000187,muscle cell,striated muscle cell,CL:0000737,striated muscle cell,myotube,CL:0002372,myotube,skeletal muscle fiber,CL:0008002,skeletal muscle fiber,extrafusal muscle fiber,CL:0008046,extrafusal muscle fiber,slow muscle cell,CL:0000189,slow muscle cell,,,,,,,,,,,,,,,,pan-human-azimuth,sc_transcriptomics,
727,cell,CL:0000000,cell,muscle cell,CL:0000187,muscle cell,striated muscle cell,CL:0000737,striated muscle cell,cardiac muscle cell,CL:0000746,cardiac muscle cell,,,,,,,,,,,,,,,,,,,,,,,,,pan-human-azimuth,sc_transcriptomics,
728,cell,CL:0000000,cell,muscle cell,CL:0000187,muscle cell,non-striated muscle cell,CL:0008000,non-striated muscle cell,smooth muscle cell,CL:0000192,smooth muscle cell,vascular associated smooth muscle cell,CL:0000359,vascular associated smooth muscle cell,,,,,,,,,,,,,,,,,,,,,,pan-human-azimuth,sc_transcriptomics,
729,cell,CL:0000000,cell,hematopoietic cell,CL:0000988,hematopoietic cell,leukocyte,CL:0000738,leukocyte,myeloid leukocyte,CL:0000766,myeloid leukocyte,macrophage,CL:0000235,macrophage,,,,,,,,,,,,,,,,,,,,,,pan-human-azimuth,sc_transcriptomics,
730,cell,CL:0000000,cell,hematopoietic cell,CL:0000988,hematopoietic cell,leukocyte,CL:0000738,leukocyte,myeloid leukocyte,CL:0000766,myeloid leukocyte,macrophage,CL:0000235,macrophage,lung macrophage,CL:1001603,lung macrophage,alveolar macrophage,CL:0000583,alveolar macrophage,,,,,,,,,,,,,,,,pan-human-azimuth,sc_transcriptomics,
731,cell,CL:0000000,cell,hematopoietic cell,CL:0000988,hematopoietic cell,leukocyte,CL:0000738,leukocyte,myeloid leukocyte,CL:0000766,myeloid leukocyte,macrophage,CL:0000235,macrophage,tissue-resident macrophage,CL:0000864,tissue-resident macrophage,,,,,,,,,,,,,,,,,,,pan-human-azimuth,sc_transcriptomics,
732,cell,CL:0000000,cell,hematopoietic cell,CL:0000988,hematopoietic cell,leukocyte,CL:0000738,leukocyte,myeloid leukocyte,CL:0000766,myeloid leukocyte,macrophage,CL:0000235,macrophage,elicited macrophage,CL:0000861,elicited macrophage,M1 macrophage,CL:0000863,M1 macrophage,,,,,,,,,,,,,,,,pan-human-azimuth,sc_transcriptomics,
733,cell,CL:0000000,cell,hematopoietic cell,CL:0000988,hematopoietic cell,leukocyte,CL:0000738,leukocyte,myeloid leukocyte,CL:0000766,myeloid leukocyte,macrophage,CL:0000235,macrophage,tissue-resident macrophage,CL:0000864,tissue-resident macrophage,placental resident macrophage,CL:4033087,placental resident macrophage,Hofbauer cell,CL:3000001,Hofbauer cell,,,,,,,,,,,,,pan-human-azimuth,sc_transcriptomics,
734,cell,CL:0000000,cell,hematopoietic cell,CL:0000988,hematopoietic cell,leukocyte,CL:0000738,leukocyte,myeloid leukocyte,CL:0000766,myeloid leukocyte,macrophage,CL:0000235,macrophage,cycling macrophage,CL:4033076,cycling macrophage,,,,,,,,,,,,,,,,,,,pan-human-azimuth,sc_transcriptomics,
735,cell,CL:0000000,cell,hematopoietic cell,CL:0000988,hematopoietic cell,leukocyte,CL:0000738,leukocyte,mononuclear leukocyte,CL:0000842,mononuclear leukocyte,lymphocyte,CL:0000542,lymphocyte,lymphocyte of B lineage,CL:0000945,lymphocyte of B lineage,B cell,CL:0000236,B cell,"B cell, CD19-positive",CL:0001201,"B cell, CD19-positive",mature B cell,CL:0000785,mature B cell,naive B cell,CL:0000788,naive B cell,,,,,,,pan-human-azimuth,sc_transcriptomics,
736,cell,CL:0000000,cell,hematopoietic cell,CL:0000988,hematopoietic cell,leukocyte,CL:0000738,leukocyte,mononuclear leukocyte,CL:0000842,mononuclear leukocyte,lymphocyte,CL:0000542,lymphocyte,lymphocyte of B lineage,CL:0000945,lymphocyte of B lineage,B cell,CL:0000236,B cell,"B cell, CD19-positive",CL:0001201,"B cell, CD19-positive",mature B cell,CL:0000785,mature B cell,germinal center B cell,CL:0000844,germinal center B cell,,,,,,,pan-human-azimuth,sc_transcriptomics,
737,cell,CL:0000000,cell,hematopoietic cell,CL:0000988,hematopoietic cell,leukocyte,CL:0000738,leukocyte,mononuclear leukocyte,CL:0000842,mononuclear leukocyte,lymphocyte,CL:0000542,lymphocyte,lymphocyte of B lineage,CL:0000945,lymphocyte of B lineage,B cell,CL:0000236,B cell,"B cell, CD19-positive",CL:0001201,"B cell, CD19-positive",mature B cell,CL:0000785,mature B cell,plasmablast,CL:0000980,plasmablast,,,,,,,pan-human-azimuth,sc_transcriptomics,
738,cell,CL:0000000,cell,hematopoietic cell,CL:0000988,hematopoietic cell,leukocyte,CL:0000738,leukocyte,mononuclear leukocyte,CL:0000842,mononuclear leukocyte,lymphocyte,CL:0000542,lymphocyte,lymphocyte of B lineage,CL:0000945,lymphocyte of B lineage,B cell,CL:0000236,B cell,"B cell, CD19-positive",CL:0001201,"B cell, CD19-positive",mature B cell,CL:0000785,mature B cell,memory B cell,CL:0000787,memory B cell,,,,,,,pan-human-azimuth,sc_transcriptomics,
739,cell,CL:0000000,cell,hematopoietic cell,CL:0000988,hematopoietic cell,leukocyte,CL:0000738,leukocyte,mononuclear leukocyte,CL:0000842,mononuclear leukocyte,lymphocyte,CL:0000542,lymphocyte,lymphocyte of B lineage,CL:0000945,lymphocyte of B lineage,B cell,CL:0000236,B cell,cycling B cell,CL:4033068,cycling B cell,,,,,,,,,,,,,pan-human-azimuth,sc_transcriptomics,
740,cell,CL:0000000,cell,hematopoietic cell,CL:0000988,hematopoietic cell,leukocyte,CL:0000738,leukocyte,mononuclear leukocyte,CL:0000842,mononuclear leukocyte,lymphocyte,CL:0000542,lymphocyte,lymphocyte of B lineage,CL:0000945,lymphocyte of B lineage,B cell,CL:0000236,B cell,,,,,,,,,,,,,,,,pan-human-azimuth,sc_transcriptomics,
741,cell,CL:0000000,cell,hematopoietic cell,CL:0000988,hematopoietic cell,leukocyte,CL:0000738,leukocyte,mononuclear leukocyte,CL:0000842,mononuclear leukocyte,lymphocyte,CL:0000542,lymphocyte,lymphocyte of B lineage,CL:0000945,lymphocyte of B lineage,B cell,CL:0000236,B cell,"B cell, CD19-positive",CL:0001201,"B cell, CD19-positive",precursor B cell,CL:0000817,precursor B cell,,,,,,,,,,pan-human-azimuth,sc_transcriptomics,
742,cell,CL:0000000,cell,hematopoietic cell,CL:0000988,hematopoietic cell,leukocyte,CL:0000738,leukocyte,mononuclear leukocyte,CL:0000842,mononuclear leukocyte,mononuclear phagocyte,CL:0000113,mononuclear phagocyte,dendritic cell,CL:0000451,dendritic cell,conventional dendritic cell,CL:0000990,conventional dendritic cell,myeloid dendritic cell,CL:0000782,myeloid dendritic cell,CD1c-positive myeloid dendritic cell,CL:0002399,CD1c-positive myeloid dendritic cell,,,,,,,,,,pan-human-azimuth,sc_transcriptomics,
743,cell,CL:0000000,cell,hematopoietic cell,CL:0000988,hematopoietic cell,leukocyte,CL:0000738,leukocyte,mononuclear leukocyte,CL:0000842,mononuclear leukocyte,mononuclear phagocyte,CL:0000113,mononuclear phagocyte,dendritic cell,CL:0000451,dendritic cell,,,,,,,,,,,,,,,,,,,pan-human-azimuth,sc_transcriptomics,
744,cell,CL:0000000,cell,hematopoietic cell,CL:0000988,hematopoietic cell,leukocyte,CL:0000738,leukocyte,mononuclear leukocyte,CL:0000842,mononuclear leukocyte,mononuclear phagocyte,CL:0000113,mononuclear phagocyte,dendritic cell,CL:0000451,dendritic cell,plasmacytoid dendritic cell,CL:0000784,plasmacytoid dendritic cell,,,,,,,,,,,,,,,,pan-human-azimuth,sc_transcriptomics,
745,cell,CL:0000000,cell,hematopoietic cell,CL:0000988,hematopoietic cell,leukocyte,CL:0000738,leukocyte,mononuclear leukocyte,CL:0000842,mononuclear leukocyte,mononuclear phagocyte,CL:0000113,mononuclear phagocyte,dendritic cell,CL:0000451,dendritic cell,conventional dendritic cell,CL:0000990,conventional dendritic cell,,,,,,,,,,,,,,,,pan-human-azimuth,sc_transcriptomics,
746,cell,CL:0000000,cell,hematopoietic cell,CL:0000988,hematopoietic cell,leukocyte,CL:0000738,leukocyte,mononuclear leukocyte,CL:0000842,mononuclear leukocyte,mononuclear phagocyte,CL:0000113,mononuclear phagocyte,dendritic cell,CL:0000451,dendritic cell,conventional dendritic cell,CL:0000990,conventional dendritic cell,myeloid dendritic cell,CL:0000782,myeloid dendritic cell,monocyte-derived dendritic cell,CL:0011031,monocyte-derived dendritic cell,,,,,,,,,,pan-human-azimuth,sc_transcriptomics,
747,cell,CL:0000000,cell,hematopoietic cell,CL:0000988,hematopoietic cell,leukocyte,CL:0000738,leukocyte,mononuclear leukocyte,CL:0000842,mononuclear leukocyte,mononuclear phagocyte,CL:0000113,mononuclear phagocyte,dendritic cell,CL:0000451,dendritic cell,"dendritic cell, human",CL:0001056,"dendritic cell, human","Axl+ dendritic cell, human",CL:0017009,"Axl+ dendritic cell, human",,,,,,,,,,,,,pan-human-azimuth,sc_transcriptomics,
748,cell,CL:0000000,cell,hematopoietic cell,CL:0000988,hematopoietic cell,leukocyte,CL:0000738,leukocyte,mononuclear leukocyte,CL:0000842,mononuclear leukocyte,mononuclear phagocyte,CL:0000113,mononuclear phagocyte,dendritic cell,CL:0000451,dendritic cell,conventional dendritic cell,CL:0000990,conventional dendritic cell,myeloid dendritic cell,CL:0000782,myeloid dendritic cell,CD141-positive myeloid dendritic cell,CL:0002394,CD141-positive myeloid dendritic cell,,,,,,,,,,pan-human-azimuth,sc_transcriptomics,
749,cell,CL:0000000,cell,connective tissue cell,CL:0002320,connective tissue cell,stromal cell,CL:0000499,stromal cell,fibroblast,CL:0000057,fibroblast,,,,,,,,,,,,,,,,,,,,,,,,,pan-human-azimuth,sc_transcriptomics,
750,cell,CL:0000000,cell,neural cell,CL:0002319,neural cell,neuron,CL:0000540,neuron,retinal ganglion cell,CL:0000740,retinal ganglion cell,,,,,,,,,,,,,,,,,,,,,,,,,pan-human-azimuth,sc_transcriptomics,
751,cell,CL:0000000,cell,neural cell,CL:0002319,neural cell,neuron,CL:0000540,neuron,central nervous system neuron,CL:2000029,central nervous system neuron,lateral ganglionic eminence derived neuron,CL:4023035,lateral ganglionic eminence derived neuron,medium spiny neuron,CL:1001474,medium spiny neuron,eccentric medium spiny neuron,CL:4030057,eccentric medium spiny neuron,,,,,,,,,,,,,,,,pan-human-azimuth,sc_transcriptomics,
752,cell,CL:0000000,cell,neural cell,CL:0002319,neural cell,neuron,CL:0000540,neuron,afferent neuron,CL:0000526,afferent neuron,sensory neuron,CL:0000101,sensory neuron,photoreceptor cell,CL:0000210,photoreceptor cell,eye photoreceptor cell,CL:0000287,eye photoreceptor cell,camera-type eye photoreceptor cell,CL:0010009,camera-type eye photoreceptor cell,retinal rod cell,CL:0000604,retinal rod cell,,,,,,,,,,pan-human-azimuth,sc_transcriptomics,
753,cell,CL:0000000,cell,neural cell,CL:0002319,neural cell,neuron,CL:0000540,neuron,central nervous system neuron,CL:2000029,central nervous system neuron,interneuron,CL:0000099,interneuron,cortical interneuron,CL:0008031,cortical interneuron,cerebral cortex GABAergic interneuron,CL:0010011,cerebral cortex GABAergic interneuron,caudal ganglionic eminence derived interneuron,CL:4023064,caudal ganglionic eminence derived interneuron,,,,,,,,,,,,,pan-human-azimuth,sc_transcriptomics,
754,cell,CL:0000000,cell,neural cell,CL:0002319,neural cell,neuron associated cell,CL:0000095,neuron associated cell,glial cell,CL:0000125,glial cell,macroglial cell,CL:0000126,macroglial cell,astrocyte,CL:0000127,astrocyte,fibrous astrocyte,CL:4042008,fibrous astrocyte,,,,,,,,,,,,,,,,pan-human-azimuth,sc_transcriptomics,
755,cell,CL:0000000,cell,neural cell,CL:0002319,neural cell,neuron,CL:0000540,neuron,visual system neuron,CL:0008028,visual system neuron,retinal bipolar neuron,CL:0000748,retinal bipolar neuron,ON-bipolar cell,CL:0000749,ON-bipolar cell,rod bipolar cell,CL:0000751,rod bipolar cell,,,,,,,,,,,,,,,,pan-human-azimuth,sc_transcriptomics,
756,cell,CL:0000000,cell,neural cell,CL:0002319,neural cell,neuron,CL:0000540,neuron,central nervous system neuron,CL:2000029,central nervous system neuron,neuron of the forebrain,CL:0012001,neuron of the forebrain,mammillary body neuron,CL:4023074,mammillary body neuron,,,,,,,,,,,,,,,,,,,pan-human-azimuth,sc_transcriptomics,
757,cell,CL:0000000,cell,neural cell,CL:0002319,neural cell,neuron associated cell,CL:0000095,neuron associated cell,glial cell,CL:0000125,glial cell,macroglial cell,CL:0000126,macroglial cell,brain macroglial cell,CL:2000005,brain macroglial cell,astrocyte of the forebrain,CL:0012000,astrocyte of the forebrain,astrocyte of the cerebral cortex,CL:0002605,astrocyte of the cerebral cortex,protoplasmic astrocyte,CL:4042007,protoplasmic astrocyte,,,,,,,,,,pan-human-azimuth,sc_transcriptomics,
758,cell,CL:0000000,cell,neural cell,CL:0002319,neural cell,neuron,CL:0000540,neuron,visual system neuron,CL:0008028,visual system neuron,retinal bipolar neuron,CL:0000748,retinal bipolar neuron,,,,,,,,,,,,,,,,,,,,,,pan-human-azimuth,sc_transcriptomics,
759,cell,CL:0000000,cell,neural cell,CL:0002319,neural cell,neuron,CL:0000540,neuron,central nervous system neuron,CL:2000029,central nervous system neuron,lateral ganglionic eminence derived neuron,CL:4023035,lateral ganglionic eminence derived neuron,medium spiny neuron,CL:1001474,medium spiny neuron,,,,,,,,,,,,,,,,,,,pan-human-azimuth,sc_transcriptomics,
760,cell,CL:0000000,cell,neural cell,CL:0002319,neural cell,neuron,CL:0000540,neuron,,,,,,,,,,,,,,,,,,,,,,,,,,,,pan-human-azimuth,sc_transcriptomics,
761,cell,CL:0000000,cell,neural cell,CL:0002319,neural cell,neuron,CL:0000540,neuron,central nervous system neuron,CL:2000029,central nervous system neuron,interneuron,CL:0000099,interneuron,retina horizontal cell,CL:0000745,retina horizontal cell,,,,,,,,,,,,,,,,,,,pan-human-azimuth,sc_transcriptomics,
762,cell,CL:0000000,cell,neural cell,CL:0002319,neural cell,neuron,CL:0000540,neuron,central nervous system neuron,CL:2000029,central nervous system neuron,neuron of the forebrain,CL:0012001,neuron of the forebrain,thalamic excitatory neuron,CL:4023068,thalamic excitatory neuron,,,,,,,,,,,,,,,,,,,pan-human-azimuth,sc_transcriptomics,
763,cell,CL:0000000,cell,neural cell,CL:0002319,neural cell,neuron,CL:0000540,neuron,central nervous system neuron,CL:2000029,central nervous system neuron,interneuron,CL:0000099,interneuron,cortical interneuron,CL:0008031,cortical interneuron,cerebral cortex GABAergic interneuron,CL:0010011,medial ganglionic eminence derived GABAergic interneuron,CL:4023069,medial ganglionic eminence derived GABAergic interneuron,,,,,,,,,,,,,,pan-human-azimuth,sc_transcriptomics,
764,cell,CL:0000000,cell,neural cell,CL:0002319,neural cell,retinal cell,CL:0009004,retinal cell,amacrine cell,CL:0000561,amacrine cell,,,,,,,,,,,,,,,,,,,,,,,,,pan-human-azimuth,sc_transcriptomics,
765,cell,CL:0000000,cell,neural cell,CL:0002319,neural cell,neuron,CL:0000540,neuron,visual system neuron,CL:0008028,visual system neuron,retinal bipolar neuron,CL:0000748,retinal bipolar neuron,OFF-bipolar cell,CL:0000750,OFF-bipolar cell,,,,,,,,,,,,,,,,,,,pan-human-azimuth,sc_transcriptomics,
766,cell,CL:0000000,cell,neural cell,CL:0002319,neural cell,neuron,CL:0000540,neuron,efferent neuron,CL:0000527,efferent neuron,neuroendocrine cell,CL:0000165,neuroendocrine cell,stomach neuroendocrine cell,CL:1000222,stomach neuroendocrine cell,type D cell of stomach,CL:0002267,type D cell of stomach,,,,,,,,,,,,,,,,pan-human-azimuth,sc_transcriptomics,
767,cell,CL:0000000,cell,neural cell,CL:0002319,neural cell,neuron,CL:0000540,neuron,neural crest derived neuron,CL:0000029,neural crest derived neuron,chromaffin cell,CL:0000166,chromaffin cell,chromaffin cell of adrenal gland,CL:1000426,chromaffin cell of adrenal gland,,,,,,,,,,,,,,,,,,,pan-human-azimuth,sc_transcriptomics,
768,cell,CL:0000000,cell,neural cell,CL:0002319,neural cell,neuron,CL:0000540,neuron,central nervous system neuron,CL:2000029,central nervous system neuron,interneuron,CL:0000099,interneuron,cortical interneuron,CL:0008031,cortical interneuron,cerebral cortex GABAergic interneuron,CL:0010011,cerebral cortex GABAergic interneuron,caudal ganglionic eminence derived interneuron,CL:4023064,caudal ganglionic eminence derived interneuron,VIP GABAergic interneuron,CL:4023016,VIP GABAergic interneuron,,,,,,,,,,pan-human-azimuth,sc_transcriptomics,
769,cell,CL:0000000,cell,neural cell,CL:0002319,neural cell,neuron,CL:0000540,neuron,central nervous system neuron,CL:2000029,central nervous system neuron,neuron of the forebrain,CL:0012001,neuron of the forebrain,amygdala excitatory neuron,CL:4023039,amygdala excitatory neuron,,,,,,,,,,,,,,,,,,,pan-human-azimuth,sc_transcriptomics,
770,cell,CL:0000000,cell,neural cell,CL:0002319,neural cell,neuron,CL:0000540,neuron,central nervous system neuron,CL:2000029,central nervous system neuron,interneuron,CL:0000099,interneuron,cortical interneuron,CL:0008031,cortical interneuron,cerebral cortex GABAergic interneuron,CL:0010011,cerebral cortex GABAergic interneuron,medial ganglionic eminence derived GABAergic interneuron,CL:4023069,medial ganglionic eminence derived GABAergic interneuron,sst GABAergic interneuron,CL:4023017,sst GABAergic interneuron,,,,,,,,,,pan-human-azimuth,sc_transcriptomics,
771,cell,CL:0000000,cell,neural cell,CL:0002319,neural cell,neuron,CL:0000540,neuron,visual system neuron,CL:0008028,visual system neuron,retinal bipolar neuron,CL:0000748,retinal bipolar neuron,ON-bipolar cell,CL:0000749,ON-bipolar cell,,,,,,,,,,,,,,,,,,,pan-human-azimuth,sc_transcriptomics,
772,cell,CL:0000000,cell,neural cell,CL:0002319,neural cell,neuron,CL:0000540,neuron,central nervous system neuron,CL:2000029,central nervous system neuron,lateral ganglionic eminence derived neuron,CL:4023035,lateral ganglionic eminence derived neuron,medium spiny neuron,CL:1001474,medium spiny neuron,direct pathway medium spiny neuron,CL:4023026,direct pathway medium spiny neuron,,,,,,,,,,,,,,,,pan-human-azimuth,sc_transcriptomics,
773,cell,CL:0000000,cell,neural cell,CL:0002319,neural cell,neuron,CL:0000540,neuron,central nervous system neuron,CL:2000029,central nervous system neuron,lateral ganglionic eminence derived neuron,CL:4023035,lateral ganglionic eminence derived neuron,medium spiny neuron,CL:1001474,medium spiny neuron,indirect pathway medium spiny neuron,CL:4023029,indirect pathway medium spiny neuron,,,,,,,,,,,,,,,,pan-human-azimuth,sc_transcriptomics,
774,cell,CL:0000000,cell,neural cell,CL:0002319,neural cell,neuron,CL:0000540,neuron,central nervous system neuron,CL:2000029,central nervous system neuron,midbrain-derived inhibitory neuron,CL:4023079,midbrain-derived inhibitory neuron,,,,,,,,,,,,,,,,,,,,,,pan-human-azimuth,sc_transcriptomics,
775,cell,CL:0000000,cell,neural cell,CL:0002319,neural cell,neuron,CL:0000540,neuron,afferent neuron,CL:0000526,afferent neuron,sensory neuron,CL:0000101,sensory neuron,photoreceptor cell,CL:0000210,photoreceptor cell,eye photoreceptor cell,CL:0000287,eye photoreceptor cell,camera-type eye photoreceptor cell,CL:0010009,camera-type eye photoreceptor cell,retinal cone cell,CL:0000573,retinal cone cell,,,,,,,,,,pan-human-azimuth,sc_transcriptomics,
776,cell,CL:0000000,cell,neural cell,CL:0002319,neural cell,neuron,CL:0000540,neuron,neural crest derived neuron,CL:0000029,neural crest derived neuron,chromaffin cell,CL:0000166,chromaffin cell,type EC enteroendocrine cell,CL:0000577,type EC enteroendocrine cell,,,,,,,,,,,,,,,,,,,pan-human-azimuth,sc_transcriptomics,
777,cell,CL:0000000,cell,neural cell,CL:0002319,neural cell,neuron,CL:0000540,neuron,central nervous system neuron,CL:2000029,central nervous system neuron,pyramidal neuron,CL:0000598,pyramidal neuron,,,,,,,,,,,,,,,,,,,,,,pan-human-azimuth,sc_transcriptomics,
778,cell,CL:0000000,cell,neural cell,CL:0002319,neural cell,neuron,CL:0000540,neuron,afferent neuron,CL:0000526,afferent neuron,sensory neuron,CL:0000101,sensory neuron,neuronal receptor cell,CL:0000006,neuronal receptor cell,pulmonary neuroendocrine cell,CL:1000223,pulmonary neuroendocrine cell,,,,,,,,,,,,,,,,pan-human-azimuth,sc_transcriptomics,
779,cell,CL:0000000,cell,hematopoietic cell,CL:0000988,hematopoietic cell,leukocyte,CL:0000738,leukocyte,myeloid leukocyte,CL:0000766,myeloid leukocyte,monocyte,CL:0000576,monocyte,,,,,,,,,,,,,,,,,,,,,,pan-human-azimuth,sc_transcriptomics,
780,cell,CL:0000000,cell,hematopoietic cell,CL:0000988,hematopoietic cell,leukocyte,CL:0000738,leukocyte,myeloid leukocyte,CL:0000766,myeloid leukocyte,monocyte,CL:0000576,monocyte,CD14-positive monocyte,CL:0001054,CD14-positive monocyte,,,,,,,,,,,,,,,,,,,pan-human-azimuth,sc_transcriptomics,
781,cell,CL:0000000,cell,neural cell,CL:0002319,neural cell,neuron associated cell,CL:0000095,neuron associated cell,neuron associated cell (sensu Vertebrata),CL:0000123,neuron associated cell (sensu Vertebrata),oligodendrocyte precursor cell,CL:0002453,oligodendrocyte precursor cell,,,,,,,,,,,,,,,,,,,,,,pan-human-azimuth,sc_transcriptomics,
782,cell,CL:0000000,cell,neural cell,CL:0002319,neural cell,retinal cell,CL:0009004,retinal cell,,,,,,,,,,,,,,,,,,,,,,,,,,,,pan-human-azimuth,sc_transcriptomics,
783,cell,CL:0000000,cell,hematopoietic cell,CL:0000988,hematopoietic cell,hematopoietic precursor cell,CL:0008001,hematopoietic precursor cell,hematopoietic oligopotent progenitor cell,CL:0002032,hematopoietic oligopotent progenitor cell,"hematopoietic oligopotent progenitor cell, lineage-negative",CL:0001060,"hematopoietic oligopotent progenitor cell, lineage-negative",CD7-negative lymphoid progenitor OR granulocyte monocyte progenitor,CL:0001012,CD7-negative lymphoid progenitor OR granulocyte monocyte progenitor,granulocyte monocyte progenitor cell,CL:0000557,granulocyte monocyte progenitor cell,,,,,,,,,,,,,,,,pan-human-azimuth,sc_transcriptomics,
784,cell,CL:0000000,cell,germ line cell,CL:0000039,germ line cell,germ cell,CL:0000586,germ cell,,,,,,,,,,,,,,,,,,,,,,,,,,,,pan-human-azimuth,sc_transcriptomics,
785,cell,CL:0000000,cell,epithelial cell,CL:0000066,epithelial cell,follicular cell of ovary,CL:0002174,follicular cell of ovary,granulosa cell,CL:0000501,granulosa cell,,,,,,,,,,,,,,,,,,,,,,,,,pan-human-azimuth,sc_transcriptomics,
786,cell,CL:0000000,cell,hematopoietic cell,CL:0000988,hematopoietic cell,leukocyte,CL:0000738,leukocyte,mononuclear leukocyte,CL:0000842,mononuclear leukocyte,lymphocyte,CL:0000542,lymphocyte,lymphocyte of B lineage,CL:0000945,lymphocyte of B lineage,antibody secreting cell,CL:0000946,antibody secreting cell,plasma cell,CL:0000786,plasma cell,,,,,,,,,,,,,pan-human-azimuth,sc_transcriptomics,
787,cell,CL:0000000,cell,hematopoietic cell,CL:0000988,hematopoietic cell,hematopoietic precursor cell,CL:0008001,hematopoietic precursor cell,hematopoietic multipotent progenitor cell,CL:0000837,hematopoietic multipotent progenitor cell,,,,,,,,,,,,,,,,,,,,,,,,,pan-human-azimuth,sc_transcriptomics,
788,cell,CL:0000000,cell,germ line cell,CL:0000039,germ line cell,germ cell,CL:0000586,germ cell,female germ cell,CL:0000021,female germ cell,oocyte,CL:0000023,oocyte,,,,,,,,,,,,,,,,,,,,,,pan-human-azimuth,sc_transcriptomics,
789,cell,CL:0000000,cell,connective tissue cell,CL:0002320,connective tissue cell,myofibroblast cell,CL:0000186,myofibroblast cell,,,,,,,,,,,,,,,,,,,,,,,,,,,,pan-human-azimuth,sc_transcriptomics,
790,cell,CL:0000000,cell,hematopoietic cell,CL:0000988,hematopoietic cell,leukocyte,CL:0000738,leukocyte,mononuclear leukocyte,CL:0000842,mononuclear leukocyte,lymphocyte,CL:0000542,lymphocyte,,,,,,,,,,,,,,,,,,,,,,pan-human-azimuth,sc_transcriptomics,
791,cell,CL:0000000,cell,hematopoietic cell,CL:0000988,hematopoietic cell,leukocyte,CL:0000738,leukocyte,,,,,,,,,,,,,,,,,,,,,,,,,,,,pan-human-azimuth,sc_transcriptomics,
792,cell,CL:0000000,cell,hematopoietic cell,CL:0000988,hematopoietic cell,myeloid cell,CL:0000763,myeloid cell,pre-conventional dendritic cell,CL:0002010,pre-conventional dendritic cell,,,,,,,,,,,,,,,,,,,,,,,,,pan-human-azimuth,sc_transcriptomics,
793,cell,CL:0000000,cell,hematopoietic cell,CL:0000988,hematopoietic cell,hematopoietic precursor cell,CL:0008001,hematopoietic precursor cell,hematopoietic oligopotent progenitor cell,CL:0002032,hematopoietic oligopotent progenitor cell,common lymphoid progenitor,CL:0000051,common lymphoid progenitor,,,,,,,,,,,,,,,,,,,,,,pan-human-azimuth,sc_transcriptomics,
794,cell,CL:0000000,cell,precursor cell,CL:0011115,precursor cell,progenitor cell,CL:0011026,progenitor cell,erythroblast,CL:0000765,erythroblast,,,,,,,,,,,,,,,,,,,,,,,,,pan-human-azimuth,sc_transcriptomics,
795,cell,CL:0000000,cell,hematopoietic cell,CL:0000988,hematopoietic cell,hematopoietic precursor cell,CL:0008001,hematopoietic precursor cell,hematopoietic lineage restricted progenitor cell,CL:0002031,hematopoietic lineage restricted progenitor cell,myeloid lineage restricted progenitor cell,CL:0000839,myeloid lineage restricted progenitor cell,megakaryocyte progenitor cell,CL:0000553,megakaryocyte progenitor cell,,,,,,,,,,,,,,,,,,,pan-human-azimuth,sc_transcriptomics,
796,cell,CL:0000000,cell,germ line cell,CL:0000039,germ line cell,germ cell,CL:0000586,germ cell,male germ cell,CL:0000015,male germ cell,spermatocyte,CL:0000017,spermatocyte,secondary spermatocyte,CL:0000657,secondary spermatocyte,,,,,,,,,,,,,,,,,,,pan-human-azimuth,sc_transcriptomics,
797,cell,CL:0000000,cell,hematopoietic cell,CL:0000988,hematopoietic cell,hematopoietic precursor cell,CL:0008001,hematopoietic precursor cell,hematopoietic multipotent progenitor cell,CL:0000837,hematopoietic multipotent progenitor cell,early lymphoid progenitor,CL:0000936,early lymphoid progenitor,,,,,,,,,,,,,,,,,,,,,,pan-human-azimuth,sc_transcriptomics,
798,cell,CL:0000000,cell,hematopoietic cell,CL:0000988,hematopoietic cell,leukocyte,CL:0000738,leukocyte,mononuclear leukocyte,CL:0000842,mononuclear leukocyte,lymphocyte,CL:0000542,lymphocyte,innate lymphoid cell,CL:0001065,innate lymphoid cell,group 1 innate lymphoid cell,CL:0001067,group 1 innate lymphoid cell,natural killer cell,CL:0000623,natural killer cell,mature natural killer cell,CL:0000824,mature natural killer cell,"CD16-negative, CD56-bright natural killer cell, human",CL:0000938,"CD16-negative, CD56-bright natural killer cell, human",,,,,,,pan-human-azimuth,sc_transcriptomics,
799,cell,CL:0000000,cell,hematopoietic cell,CL:0000988,hematopoietic cell,leukocyte,CL:0000738,leukocyte,myeloid leukocyte,CL:0000766,myeloid leukocyte,osteoclast,CL:0000092,osteoclast,,,,,,,,,,,,,,,,,,,,,,pan-human-azimuth,sc_transcriptomics,
800,cell,CL:0000000,cell,germ line cell,CL:0000039,germ line cell,primordial germ cell,CL:0000670,primordial germ cell,,,,,,,,,,,,,,,,,,,,,,,,,,,,pan-human-azimuth,sc_transcriptomics,
801,cell,CL:0000000,cell,germ line cell,CL:0000039,germ line cell,germ cell,CL:0000586,germ cell,male germ cell,CL:0000015,male germ cell,spermatocyte,CL:0000017,spermatocyte,,,,,,,,,,,,,,,,,,,,,,pan-human-azimuth,sc_transcriptomics,
802,cell,CL:0000000,cell,connective tissue cell,CL:0002320,connective tissue cell,pericyte,CL:0000669,pericyte,,,,,,,,,,,,,,,,,,,,,,,,,,,,pan-human-azimuth,sc_transcriptomics,
803,cell,CL:0000000,cell,germ line cell,CL:0000039,germ line cell,germ cell,CL:0000586,germ cell,male germ cell,CL:0000015,male germ cell,spermatogonium,CL:0000020,spermatogonium,,,,,,,,,,,,,,,,,,,,,,pan-human-azimuth,sc_transcriptomics,
804,cell,CL:0000000,cell,hematopoietic cell,CL:0000988,hematopoietic cell,hematopoietic precursor cell,CL:0008001,hematopoietic precursor cell,hematopoietic lineage restricted progenitor cell,CL:0002031,hematopoietic lineage restricted progenitor cell,lymphoid lineage restricted progenitor cell,CL:0000838,lymphoid lineage restricted progenitor cell,pro-B cell,CL:0000826,pro-B cell,,,,,,,,,,,,,,,,,,,pan-human-azimuth,sc_transcriptomics,
805,cell,CL:0000000,cell,hematopoietic cell,CL:0000988,hematopoietic cell,myeloid cell,CL:0000763,myeloid cell,cycling myeloid cell,CL:4033081,cycling myeloid cell,,,,,,,,,,,,,,,,,,,,,,,,,pan-human-azimuth,sc_transcriptomics,
806,cell,CL:0000000,cell,mesenchymal cell,CL:0008019,mesenchymal cell,,,,,,,,,,,,,,,,,,,,,,,,,,,,,,,pan-human-azimuth,sc_transcriptomics,
807,cell,CL:0000000,cell,hematopoietic cell,CL:0000988,hematopoietic cell,myeloid cell,CL:0000763,myeloid cell,megakaryocyte,CL:0000556,megakaryocyte,,,,,,,,,,,,,,,,,,,,,,,,,pan-human-azimuth,sc_transcriptomics,
808,cell,CL:0000000,cell,germ line cell,CL:0000039,germ line cell,germ cell,CL:0000586,germ cell,male germ cell,CL:0000015,male germ cell,spermatocyte,CL:0000017,spermatocyte,primary spermatocyte,CL:0000656,primary spermatocyte,,,,,,,,,,,,,,,,,,,pan-human-azimuth,sc_transcriptomics,
809,cell,CL:0000000,cell,hematopoietic cell,CL:0000988,hematopoietic cell,hematopoietic precursor cell,CL:0008001,hematopoietic precursor cell,hematopoietic lineage restricted progenitor cell,CL:0002031,hematopoietic lineage restricted progenitor cell,,,,,,,,,,,,,,,,,,,,,,,,,pan-human-azimuth,sc_transcriptomics,
810,cell,CL:0000000,cell,hematopoietic cell,CL:0000988,hematopoietic cell,myeloid cell,CL:0000763,myeloid cell,megakaryocyte-erythroid progenitor cell,CL:0000050,megakaryocyte-erythroid progenitor cell,,,,,,,,,,,,,,,,,,,,,,,,,pan-human-azimuth,sc_transcriptomics,
811,cell,CL:0000000,cell,hematopoietic cell,CL:0000988,hematopoietic cell,hematopoietic precursor cell,CL:0008001,hematopoietic precursor cell,hematopoietic lineage restricted progenitor cell,CL:0002031,hematopoietic lineage restricted progenitor cell,myeloid lineage restricted progenitor cell,CL:0000839,myeloid lineage restricted progenitor cell,granulocytopoietic cell,CL:0002191,granulocytopoietic cell,neutrophil progenitor cell,CL:0000834,neutrophil progenitor cell,,,,,,,,,,,,,,,,pan-human-azimuth,sc_transcriptomics,
812,cell,CL:0000000,cell,hematopoietic cell,CL:0000988,hematopoietic cell,leukocyte,CL:0000738,leukocyte,mononuclear leukocyte,CL:0000842,mononuclear leukocyte,lymphocyte,CL:0000542,lymphocyte,innate lymphoid cell,CL:0001065,innate lymphoid cell,,,,,,,,,,,,,,,,,,,pan-human-azimuth,sc_transcriptomics,
813,cell,CL:0000000,cell,hematopoietic cell,CL:0000988,hematopoietic cell,leukocyte,CL:0000738,leukocyte,mononuclear leukocyte,CL:0000842,mononuclear leukocyte,lymphocyte,CL:0000542,lymphocyte,innate lymphoid cell,CL:0001065,innate lymphoid cell,group 1 innate lymphoid cell,CL:0001067,group 1 innate lymphoid cell,natural killer cell,CL:0000623,natural killer cell,,,,,,,,,,,,,pan-human-azimuth,sc_transcriptomics,
814,cell,CL:0000000,cell,hematopoietic cell,CL:0000988,hematopoietic cell,hematopoietic precursor cell,CL:0008001,hematopoietic precursor cell,,,,,,,,,,,,,,,,,,,,,,,,,,,,pan-human-azimuth,sc_transcriptomics,
815,cell,CL:0000000,cell,hematopoietic cell,CL:0000988,hematopoietic cell,leukocyte,CL:0000738,leukocyte,myeloid leukocyte,CL:0000766,myeloid leukocyte,mast cell,CL:0000097,mast cell,,,,,,,,,,,,,,,,,,,,,,pan-human-azimuth,sc_transcriptomics,
816,cell,CL:0000000,cell,,,,,,,,,,,,,,,,,,,,,,,,,,,,,,,,,,pan-human-azimuth,sc_transcriptomics,
817,cell,CL:0000000,cell,hematopoietic cell,CL:0000988,hematopoietic cell,myeloid cell,CL:0000763,myeloid cell,,,,,,,,,,,,,,,,,,,,,,,,,,,,pan-human-azimuth,sc_transcriptomics,
818,cell,CL:0000000,cell,hematopoietic cell,CL:0000988,hematopoietic cell,hematopoietic precursor cell,CL:0008001,hematopoietic precursor cell,hematopoietic lineage restricted progenitor cell,CL:0002031,hematopoietic lineage restricted progenitor cell,lymphoid lineage restricted progenitor cell,CL:0000838,lymphoid lineage restricted progenitor cell,pro-B cell,CL:0000826,pro-B cell,fraction A pre-pro B cell,CL:0002045,fraction A pre-pro B cell,,,,,,,,,,,,,,,,pan-human-azimuth,sc_transcriptomics,
819,cell,CL:0000000,cell,germ line cell,CL:0000039,germ line cell,germ cell,CL:0000586,germ cell,male germ cell,CL:0000015,male germ cell,spermatid,CL:0000018,spermatid,,,,,,,,,,,,,,,,,,,,,,pan-human-azimuth,sc_transcriptomics,
820,cell,CL:0000000,cell,hematopoietic cell,CL:0000988,hematopoietic cell,leukocyte,CL:0000738,leukocyte,mononuclear leukocyte,CL:0000842,mononuclear leukocyte,lymphocyte,CL:0000542,lymphocyte,innate lymphoid cell,CL:0001065,innate lymphoid cell,group 1 innate lymphoid cell,CL:0001067,group 1 innate lymphoid cell,natural killer cell,CL:0000623,natural killer cell,mature natural killer cell,CL:0000824,mature natural killer cell,"CD16-positive, CD56-dim natural killer cell, human",CL:0000939,"CD16-positive, CD56-dim natural killer cell, human",,,,,,,pan-human-azimuth,sc_transcriptomics,
821,cell,CL:0000000,cell,hematopoietic cell,CL:0000988,hematopoietic cell,hematopoietic precursor cell,CL:0008001,hematopoietic precursor cell,hematopoietic lineage restricted progenitor cell,CL:0002031,hematopoietic lineage restricted progenitor cell,myeloid lineage restricted progenitor cell,CL:0000839,myeloid lineage restricted progenitor cell,granulocytopoietic cell,CL:0002191,granulocytopoietic cell,,,,,,,,,,,,,,,,,,,pan-human-azimuth,sc_transcriptomics,
822,cell,CL:0000000,cell,precursor cell,CL:0011115,precursor cell,progenitor cell,CL:0011026,progenitor cell,muscle precursor cell,CL:0000680,muscle precursor cell,myoblast,CL:0000056,myoblast,skeletal muscle myoblast,CL:0000515,skeletal muscle myoblast,,,,,,,,,,,,,,,,,,,pan-human-azimuth,sc_transcriptomics,
823,cell,CL:0000000,cell,endothelial cell,CL:0000115,endothelial cell,,,,,,,,,,,,,,,,,,,,,,,,,,,,,,,popv,sc_transcriptomics,
824,cell,CL:0000000,cell,precursor cell,CL:0011115,precursor cell,stem cell,CL:0000034,stem cell,multi fate stem cell,CL:0000048,multi fate stem cell,mesenchymal stem cell,CL:0000134,mesenchymal stem cell,,,,,,,,,,,,,,,,,,,,,,popv,sc_transcriptomics,
825,cell,CL:0000000,cell,connective tissue cell,CL:0002320,connective tissue cell,stromal cell,CL:0000499,stromal cell,,,,,,,,,,,,,,,,,,,,,,,,,,,,popv,sc_transcriptomics,
826,cell,CL:0000000,cell,hematopoietic cell,CL:0000988,hematopoietic cell,leukocyte,CL:0000738,leukocyte,mononuclear leukocyte,CL:0000842,mononuclear leukocyte,lymphocyte,CL:0000542,lymphocyte,T cell,CL:0000084,T cell,mature T cell,CL:0002419,mature T cell,mature alpha-beta T cell,CL:0000791,mature alpha-beta T cell,"CD8-positive, alpha-beta T cell",CL:0000625,"CD8-positive, alpha-beta T cell",,,,,,,,,,popv,sc_transcriptomics,
827,cell,CL:0000000,cell,hematopoietic cell,CL:0000988,hematopoietic cell,leukocyte,CL:0000738,leukocyte,mononuclear leukocyte,CL:0000842,mononuclear leukocyte,mononuclear phagocyte,CL:0000113,mononuclear phagocyte,dendritic cell,CL:0000451,dendritic cell,plasmacytoid dendritic cell,CL:0000784,plasmacytoid dendritic cell,,,,,,,,,,,,,,,,popv,sc_transcriptomics,
828,cell,CL:0000000,cell,hematopoietic cell,CL:0000988,hematopoietic cell,leukocyte,CL:0000738,leukocyte,myeloid leukocyte,CL:0000766,myeloid leukocyte,monocyte,CL:0000576,monocyte,classical monocyte,CL:0000860,classical monocyte,,,,,,,,,,,,,,,,,,,popv,sc_transcriptomics,
829,cell,CL:0000000,cell,epithelial cell,CL:0000066,epithelial cell,endo-epithelial cell,CL:0002076,endo-epithelial cell,respiratory tract epithelial cell,CL:0002368,respiratory tract epithelial cell,epithelial cell of lower respiratory tract,CL:0002632,epithelial cell of lower respiratory tract,epithelial cell of lung,CL:0000082,epithelial cell of lung,pulmonary alveolar epithelial cell,CL:0000322,pulmonary alveolar epithelial cell,pulmonary alveolar type 2 cell,CL:0002063,pulmonary alveolar type 2 cell,,,,,,,,,,,,,popv,sc_transcriptomics,
830,cell,CL:0000000,cell,epithelial cell,CL:0000066,epithelial cell,columnar/cuboidal epithelial cell,CL:0000075,columnar/cuboidal epithelial cell,brush border epithelial cell,CL:0000239,brush border epithelial cell,enterocyte,CL:0000584,enterocyte,enterocyte of epithelium of large intestine,CL:0002071,enterocyte of epithelium of large intestine,,,,,,,,,,,,,,,,,,,popv,sc_transcriptomics,
831,cell,CL:0000000,cell,epithelial cell,CL:0000066,epithelial cell,secretory epithelial cell,CL:1100001,secretory epithelial cell,enteroendocrine cell,CL:0000164,enteroendocrine cell,pancreatic endocrine cell,CL:0008024,pancreatic endocrine cell,pancreatic PP cell,CL:0002275,pancreatic PP cell,,,,,,,,,,,,,,,,,,,popv,sc_transcriptomics,
832,cell,CL:0000000,cell,connective tissue cell,CL:0002320,connective tissue cell,stromal cell,CL:0000499,stromal cell,fibroblast,CL:0000057,fibroblast,neural crest derived fibroblast,CL:0000005,neural crest derived fibroblast,keratocyte,CL:0002363,keratocyte,,,,,,,,,,,,,,,,,,,popv,sc_transcriptomics,
833,cell,CL:0000000,cell,muscle cell,CL:0000187,muscle cell,non-striated muscle cell,CL:0008000,non-striated muscle cell,smooth muscle cell,CL:0000192,smooth muscle cell,uterine smooth muscle cell,CL:0002601,uterine smooth muscle cell,myometrial cell,CL:0002366,myometrial cell,,,,,,,,,,,,,,,,,,,popv,sc_transcriptomics,
834,cell,CL:0000000,cell,epithelial cell,CL:0000066,epithelial cell,endo-epithelial cell,CL:0002076,endo-epithelial cell,respiratory tract epithelial cell,CL:0002368,respiratory tract epithelial cell,respiratory tract secretory epithelial cell,CL:0008055,respiratory tract secretory epithelial cell,respiratory tract goblet cell,CL:0002370,respiratory tract goblet cell,,,,,,,,,,,,,,,,,,,popv,sc_transcriptomics,
835,cell,CL:0000000,cell,epithelial cell,CL:0000066,epithelial cell,endo-epithelial cell,CL:0002076,endo-epithelial cell,epithelial cell of alimentary canal,CL:0002251,epithelial cell of alimentary canal,intestinal epithelial cell,CL:0002563,intestinal epithelial cell,epithelial cell of small intestine,CL:0002254,epithelial cell of small intestine,intestinal crypt stem cell of small intestine,CL:0009017,intestinal crypt stem cell of small intestine,,,,,,,,,,,,,,,,popv,sc_transcriptomics,
836,cell,CL:0000000,cell,epithelial cell,CL:0000066,epithelial cell,endo-epithelial cell,CL:0002076,endo-epithelial cell,respiratory tract epithelial cell,CL:0002368,respiratory tract epithelial cell,respiratory tract secretory epithelial cell,CL:0008055,respiratory tract secretory epithelial cell,respiratory tract goblet cell,CL:0002370,respiratory tract goblet cell,tracheobronchial goblet cell,CL:0019003,tracheobronchial goblet cell,tracheal goblet cell,CL:1000329,tracheal goblet cell,,,,,,,,,,,,,popv,sc_transcriptomics,
837,cell,CL:0000000,cell,epithelial cell,CL:0000066,epithelial cell,endo-epithelial cell,CL:0002076,endo-epithelial cell,epithelial cell of alimentary canal,CL:0002251,epithelial cell of alimentary canal,intestinal epithelial cell,CL:0002563,intestinal epithelial cell,paneth cell,CL:0000510,paneth cell,paneth cell of epithelium of small intestine,CL:1000343,paneth cell of epithelium of small intestine,,,,,,,,,,,,,,,,popv,sc_transcriptomics,
838,cell,CL:0000000,cell,melanocyte,CL:0000148,melanocyte,,,,,,,,,,,,,,,,,,,,,,,,,,,,,,,popv,sc_transcriptomics,
839,cell,CL:0000000,cell,precursor cell,CL:0011115,precursor cell,progenitor cell,CL:0011026,progenitor cell,club cell,CL:0000158,club cell,,,,,,,,,,,,,,,,,,,,,,,,,popv,sc_transcriptomics,
840,cell,CL:0000000,cell,connective tissue cell,CL:0002320,connective tissue cell,myofibroblast cell,CL:0000186,myofibroblast cell,,,,,,,,,,,,,,,,,,,,,,,,,,,,popv,sc_transcriptomics,
841,cell,CL:0000000,cell,epithelial cell,CL:0000066,epithelial cell,endo-epithelial cell,CL:0002076,endo-epithelial cell,respiratory tract epithelial cell,CL:0002368,respiratory tract epithelial cell,epithelial cell of lower respiratory tract,CL:0002632,epithelial cell of lower respiratory tract,epithelial cell of lung,CL:0000082,epithelial cell of lung,pulmonary alveolar epithelial cell,CL:0000322,pulmonary alveolar epithelial cell,,,,,,,,,,,,,,,,popv,sc_transcriptomics,
842,cell,CL:0000000,cell,muscle cell,CL:0000187,muscle cell,non-striated muscle cell,CL:0008000,non-striated muscle cell,smooth muscle cell,CL:0000192,smooth muscle cell,vascular associated smooth muscle cell,CL:0000359,vascular associated smooth muscle cell,,,,,,,,,,,,,,,,,,,,,,popv,sc_transcriptomics,
843,cell,CL:0000000,cell,hematopoietic cell,CL:0000988,hematopoietic cell,leukocyte,CL:0000738,leukocyte,,,,,,,,,,,,,,,,,,,,,,,,,,,,popv,sc_transcriptomics,
844,cell,CL:0000000,cell,hematopoietic cell,CL:0000988,hematopoietic cell,leukocyte,CL:0000738,leukocyte,mononuclear leukocyte,CL:0000842,mononuclear leukocyte,lymphocyte,CL:0000542,lymphocyte,lymphocyte of B lineage,CL:0000945,lymphocyte of B lineage,antibody secreting cell,CL:0000946,antibody secreting cell,plasma cell,CL:0000786,plasma cell,,,,,,,,,,,,,popv,sc_transcriptomics,
845,cell,CL:0000000,cell,hematopoietic cell,CL:0000988,hematopoietic cell,leukocyte,CL:0000738,leukocyte,mononuclear leukocyte,CL:0000842,mononuclear leukocyte,lymphocyte,CL:0000542,lymphocyte,T cell,CL:0000084,T cell,immature T cell,CL:0002420,immature T cell,thymocyte,CL:0000893,thymocyte,double negative thymocyte,CL:0002489,double negative thymocyte,DN3 thymocyte,CL:0000807,DN3 thymocyte,,,,,,,popv,sc_transcriptomics,
846,cell,CL:0000000,cell,hematopoietic cell,CL:0000988,hematopoietic cell,leukocyte,CL:0000738,leukocyte,mononuclear leukocyte,CL:0000842,mononuclear leukocyte,lymphocyte,CL:0000542,lymphocyte,T cell,CL:0000084,T cell,mature T cell,CL:0002419,mature T cell,mature alpha-beta T cell,CL:0000791,mature alpha-beta T cell,"CD4-positive, alpha-beta T cell",CL:0000624,"CD4-positive, alpha-beta T cell","CD4-positive, alpha-beta memory T cell",CL:0000897,"CD4-positive, alpha-beta memory T cell",,,,,,,popv,sc_transcriptomics,
847,cell,CL:0000000,cell,hematopoietic cell,CL:0000988,hematopoietic cell,leukocyte,CL:0000738,leukocyte,mononuclear leukocyte,CL:0000842,mononuclear leukocyte,lymphocyte,CL:0000542,lymphocyte,T cell,CL:0000084,T cell,mature T cell,CL:0002419,mature T cell,mature alpha-beta T cell,CL:0000791,mature alpha-beta T cell,mature NK T cell,CL:0000814,mature NK T cell,type I NK T cell,CL:0000921,type I NK T cell,,,,,,,popv,sc_transcriptomics,
848,cell,CL:0000000,cell,hematopoietic cell,CL:0000988,hematopoietic cell,leukocyte,CL:0000738,leukocyte,mononuclear leukocyte,CL:0000842,mononuclear leukocyte,lymphocyte,CL:0000542,lymphocyte,T cell,CL:0000084,T cell,mature T cell,CL:0002419,mature T cell,effector T cell,CL:0000911,effector T cell,"effector CD4-positive, alpha-beta T cell",CL:0001044,"effector CD4-positive, alpha-beta T cell",,,,,,,,,,popv,sc_transcriptomics,
849,cell,CL:0000000,cell,hematopoietic cell,CL:0000988,hematopoietic cell,leukocyte,CL:0000738,leukocyte,mononuclear leukocyte,CL:0000842,mononuclear leukocyte,lymphocyte,CL:0000542,lymphocyte,T cell,CL:0000084,T cell,mature T cell,CL:0002419,mature T cell,mature alpha-beta T cell,CL:0000791,mature alpha-beta T cell,"CD4-positive, alpha-beta T cell",CL:0000624,"CD4-positive, alpha-beta T cell",CD4-positive helper T cell,CL:0000492,CD4-positive helper T cell,T follicular helper cell,CL:0002038,T follicular helper cell,,,,popv,sc_transcriptomics,
850,cell,CL:0000000,cell,epithelial cell,CL:0000066,epithelial cell,duct epithelial cell,CL:0000068,duct epithelial cell,branched duct epithelial cell,CL:0000069,branched duct epithelial cell,pancreatic ductal cell,CL:0002079,pancreatic ductal cell,,,,,,,,,,,,,,,,,,,,,,popv,sc_transcriptomics,
851,cell,CL:0000000,cell,epithelial cell,CL:0000066,epithelial cell,endo-epithelial cell,CL:0002076,endo-epithelial cell,epithelial cell of prostate,CL:0002231,epithelial cell of prostate,luminal cell of prostate epithelium,CL:0002340,luminal cell of prostate epithelium,,,,,,,,,,,,,,,,,,,,,,popv,sc_transcriptomics,
852,cell,CL:0000000,cell,epithelial cell,CL:0000066,epithelial cell,endo-epithelial cell,CL:0002076,endo-epithelial cell,epithelial cell of thymus,CL:0002293,epithelial cell of thymus,medullary thymic epithelial cell,CL:0002365,medullary thymic epithelial cell,,,,,,,,,,,,,,,,,,,,,,popv,sc_transcriptomics,
853,cell,CL:0000000,cell,epithelial cell,CL:0000066,epithelial cell,ionocyte,CL:0005006,ionocyte,,,,,,,,,,,,,,,,,,,,,,,,,,,,popv,sc_transcriptomics,
854,cell,CL:0000000,cell,hematopoietic cell,CL:0000988,hematopoietic cell,leukocyte,CL:0000738,leukocyte,myeloid leukocyte,CL:0000766,myeloid leukocyte,mast cell,CL:0000097,mast cell,,,,,,,,,,,,,,,,,,,,,,popv,sc_transcriptomics,
855,cell,CL:0000000,cell,hematopoietic cell,CL:0000988,hematopoietic cell,leukocyte,CL:0000738,leukocyte,mononuclear leukocyte,CL:0000842,mononuclear leukocyte,lymphocyte,CL:0000542,lymphocyte,T cell,CL:0000084,T cell,mature T cell,CL:0002419,mature T cell,mature alpha-beta T cell,CL:0000791,mature alpha-beta T cell,"CD4-positive, alpha-beta T cell",CL:0000624,"CD4-positive, alpha-beta T cell",CD4-positive helper T cell,CL:0000492,CD4-positive helper T cell,,,,,,,popv,sc_transcriptomics,
856,cell,CL:0000000,cell,hematopoietic cell,CL:0000988,hematopoietic cell,leukocyte,CL:0000738,leukocyte,mononuclear leukocyte,CL:0000842,mononuclear leukocyte,lymphocyte,CL:0000542,lymphocyte,T cell,CL:0000084,T cell,mature T cell,CL:0002419,mature T cell,mature alpha-beta T cell,CL:0000791,mature alpha-beta T cell,"CD8-positive, alpha-beta T cell",CL:0000625,"CD8-positive, alpha-beta T cell","CD8-positive, alpha-beta cytokine secreting effector T cell",CL:0000908,"CD8-positive, alpha-beta cytokine secreting effector T cell",,,,,,,popv,sc_transcriptomics,
857,cell,CL:0000000,cell,hematopoietic cell,CL:0000988,hematopoietic cell,leukocyte,CL:0000738,leukocyte,mononuclear leukocyte,CL:0000842,mononuclear leukocyte,mononuclear phagocyte,CL:0000113,mononuclear phagocyte,dendritic cell,CL:0000451,dendritic cell,conventional dendritic cell,CL:0000990,conventional dendritic cell,,,,,,,,,,,,,,,,popv,sc_transcriptomics,
858,cell,CL:0000000,cell,hematopoietic cell,CL:0000988,hematopoietic cell,leukocyte,CL:0000738,leukocyte,mononuclear leukocyte,CL:0000842,mononuclear leukocyte,lymphocyte,CL:0000542,lymphocyte,lymphocyte of B lineage,CL:0000945,lymphocyte of B lineage,B cell,CL:0000236,B cell,"B cell, CD19-positive",CL:0001201,"B cell, CD19-positive",,,,,,,,,,,,,popv,sc_transcriptomics,
859,cell,CL:0000000,cell,endothelial cell,CL:0000115,endothelial cell,cardiac endothelial cell,CL:0010008,cardiac endothelial cell,,,,,,,,,,,,,,,,,,,,,,,,,,,,popv,sc_transcriptomics,
860,cell,CL:0000000,cell,endothelial cell,CL:0000115,endothelial cell,endothelial cell of vascular tree,CL:0002139,endothelial cell of vascular tree,blood vessel endothelial cell,CL:0000071,blood vessel endothelial cell,endothelial cell of artery,CL:1000413,endothelial cell of artery,,,,,,,,,,,,,,,,,,,,,,popv,sc_transcriptomics,
861,cell,CL:0000000,cell,endothelial cell,CL:0000115,endothelial cell,gut endothelial cell,CL:0000131,gut endothelial cell,,,,,,,,,,,,,,,,,,,,,,,,,,,,popv,sc_transcriptomics,
862,cell,CL:0000000,cell,connective tissue cell,CL:0002320,connective tissue cell,adipocyte,CL:0000136,adipocyte,,,,,,,,,,,,,,,,,,,,,,,,,,,,popv,sc_transcriptomics,
863,cell,CL:0000000,cell,epithelial cell,CL:0000066,epithelial cell,hepatocyte,CL:0000182,hepatocyte,,,,,,,,,,,,,,,,,,,,,,,,,,,,popv,sc_transcriptomics,
864,cell,CL:0000000,cell,epithelial cell,CL:0000066,epithelial cell,ecto-epithelial cell,CL:0002077,ecto-epithelial cell,general ecto-epithelial cell,CL:0002159,general ecto-epithelial cell,corneal epithelial cell,CL:0000575,corneal epithelial cell,,,,,,,,,,,,,,,,,,,,,,popv,sc_transcriptomics,
865,cell,CL:0000000,cell,hematopoietic cell,CL:0000988,hematopoietic cell,leukocyte,CL:0000738,leukocyte,mononuclear leukocyte,CL:0000842,mononuclear leukocyte,lymphocyte,CL:0000542,lymphocyte,lymphocyte of B lineage,CL:0000945,lymphocyte of B lineage,B cell,CL:0000236,B cell,"B cell, CD19-positive",CL:0001201,"B cell, CD19-positive",mature B cell,CL:0000785,mature B cell,memory B cell,CL:0000787,memory B cell,,,,,,,popv,sc_transcriptomics,
866,cell,CL:0000000,cell,epithelial cell,CL:0000066,epithelial cell,mammary gland epithelial cell,CL:0002327,mammary gland epithelial cell,luminal epithelial cell of mammary gland,CL:0002326,luminal epithelial cell of mammary gland,luminal adaptive secretory precursor cell of mammary gland,CL:4033057,luminal adaptive secretory precursor cell of mammary gland,,,,,,,,,,,,,,,,,,,,,,popv,sc_transcriptomics,
867,cell,CL:0000000,cell,neural cell,CL:0002319,neural cell,retinal cell,CL:0009004,retinal cell,retinal pigment epithelial cell,CL:0002586,retinal pigment epithelial cell,,,,,,,,,,,,,,,,,,,,,,,,,popv,sc_transcriptomics,
868,cell,CL:0000000,cell,connective tissue cell,CL:0002320,connective tissue cell,stromal cell,CL:0000499,stromal cell,fibroblast,CL:0000057,fibroblast,,,,,,,,,,,,,,,,,,,,,,,,,popv,sc_transcriptomics,
869,cell,CL:0000000,cell,hematopoietic cell,CL:0000988,hematopoietic cell,myeloid cell,CL:0000763,myeloid cell,platelet,CL:0000233,platelet,,,,,,,,,,,,,,,,,,,,,,,,,popv,sc_transcriptomics,
870,cell,CL:0000000,cell,hematopoietic cell,CL:0000988,hematopoietic cell,leukocyte,CL:0000738,leukocyte,myeloid leukocyte,CL:0000766,myeloid leukocyte,macrophage,CL:0000235,macrophage,,,,,,,,,,,,,,,,,,,,,,popv,sc_transcriptomics,
871,cell,CL:0000000,cell,endothelial cell,CL:0000115,endothelial cell,endothelial cell of vascular tree,CL:0002139,endothelial cell of vascular tree,blood vessel endothelial cell,CL:0000071,blood vessel endothelial cell,microvascular endothelial cell,CL:2000008,microvascular endothelial cell,capillary endothelial cell,CL:0002144,capillary endothelial cell,,,,,,,,,,,,,,,,,,,popv,sc_transcriptomics,
872,cell,CL:0000000,cell,muscle cell,CL:0000187,muscle cell,non-striated muscle cell,CL:0008000,non-striated muscle cell,smooth muscle cell,CL:0000192,smooth muscle cell,tracheobronchial smooth muscle cell,CL:0019019,tracheobronchial smooth muscle cell,bronchial smooth muscle cell,CL:0002598,bronchial smooth muscle cell,,,,,,,,,,,,,,,,,,,popv,sc_transcriptomics,
873,cell,CL:0000000,cell,endothelial cell,CL:0000115,endothelial cell,endothelial cell of vascular tree,CL:0002139,endothelial cell of vascular tree,blood vessel endothelial cell,CL:0000071,blood vessel endothelial cell,,,,,,,,,,,,,,,,,,,,,,,,,popv,sc_transcriptomics,
874,cell,CL:0000000,cell,connective tissue cell,CL:0002320,connective tissue cell,pericyte,CL:0000669,pericyte,,,,,,,,,,,,,,,,,,,,,,,,,,,,popv,sc_transcriptomics,
875,cell,CL:0000000,cell,epithelial cell,CL:0000066,epithelial cell,secretory epithelial cell,CL:1100001,secretory epithelial cell,glandular secretory epithelial cell,CL:0000150,glandular secretory epithelial cell,acinar cell,CL:0000622,acinar cell,pancreatic acinar cell,CL:0002064,pancreatic acinar cell,,,,,,,,,,,,,,,,,,,popv,sc_transcriptomics,
876,cell,CL:0000000,cell,connective tissue cell,CL:0002320,connective tissue cell,stromal cell,CL:0000499,stromal cell,fibroblast,CL:0000057,fibroblast,adventitial fibroblast,CL:4052030,adventitial fibroblast,,,,,,,,,,,,,,,,,,,,,,popv,sc_transcriptomics,
877,cell,CL:0000000,cell,hematopoietic cell,CL:0000988,hematopoietic cell,leukocyte,CL:0000738,leukocyte,mononuclear leukocyte,CL:0000842,mononuclear leukocyte,lymphocyte,CL:0000542,lymphocyte,T cell,CL:0000084,T cell,mature T cell,CL:0002419,mature T cell,mature alpha-beta T cell,CL:0000791,mature alpha-beta T cell,"CD4-positive, alpha-beta T cell",CL:0000624,"CD4-positive, alpha-beta T cell","CD4-positive, CD25-positive, alpha-beta regulatory T cell",CL:0000792,"CD4-positive, CD25-positive, alpha-beta regulatory T cell",naive regulatory T cell,CL:0002677,naive regulatory T cell,,,,popv,sc_transcriptomics,
878,cell,CL:0000000,cell,precursor cell,CL:0011115,precursor cell,progenitor cell,CL:0011026,progenitor cell,hematopoietic stem cell,CL:0000037,hematopoietic stem cell,,,,,,,,,,,,,,,,,,,,,,,,,popv,sc_transcriptomics,
879,cell,CL:0000000,cell,hematopoietic cell,CL:0000988,hematopoietic cell,hematopoietic precursor cell,CL:0008001,hematopoietic precursor cell,hematopoietic lineage restricted progenitor cell,CL:0002031,hematopoietic lineage restricted progenitor cell,myeloid lineage restricted progenitor cell,CL:0000839,myeloid lineage restricted progenitor cell,erythroid progenitor cell,CL:0000038,erythroid progenitor cell,,,,,,,,,,,,,,,,,,,popv,sc_transcriptomics,
880,cell,CL:0000000,cell,hematopoietic cell,CL:0000988,hematopoietic cell,leukocyte,CL:0000738,leukocyte,myeloid leukocyte,CL:0000766,myeloid leukocyte,macrophage,CL:0000235,macrophage,tissue-resident macrophage,CL:0000864,tissue-resident macrophage,central nervous system macrophage,CL:0000878,central nervous system macrophage,microglial cell,CL:0000129,microglial cell,,,,,,,,,,,,,popv,sc_transcriptomics,
881,cell,CL:0000000,cell,muscle cell,CL:0000187,muscle cell,non-striated muscle cell,CL:0008000,non-striated muscle cell,smooth muscle cell,CL:0000192,smooth muscle cell,,,,,,,,,,,,,,,,,,,,,,,,,popv,sc_transcriptomics,
882,cell,CL:0000000,cell,hematopoietic cell,CL:0000988,hematopoietic cell,leukocyte,CL:0000738,leukocyte,mononuclear leukocyte,CL:0000842,mononuclear leukocyte,lymphocyte,CL:0000542,lymphocyte,lymphocyte of B lineage,CL:0000945,lymphocyte of B lineage,B cell,CL:0000236,B cell,,,,,,,,,,,,,,,,popv,sc_transcriptomics,
883,cell,CL:0000000,cell,precursor cell,CL:0011115,precursor cell,stem cell,CL:0000034,stem cell,somatic stem cell,CL:0000723,somatic stem cell,epithelial fate stem cell,CL:0000036,epithelial fate stem cell,basal cell,CL:0000646,basal cell,,,,,,,,,,,,,,,,,,,popv,sc_transcriptomics,
884,cell,CL:0000000,cell,hematopoietic cell,CL:0000988,hematopoietic cell,leukocyte,CL:0000738,leukocyte,myeloid leukocyte,CL:0000766,myeloid leukocyte,granulocyte,CL:0000094,granulocyte,neutrophil,CL:0000775,neutrophil,,,,,,,,,,,,,,,,,,,popv,sc_transcriptomics,
885,cell,CL:0000000,cell,hematopoietic cell,CL:0000988,hematopoietic cell,leukocyte,CL:0000738,leukocyte,mononuclear leukocyte,CL:0000842,mononuclear leukocyte,mononuclear phagocyte,CL:0000113,mononuclear phagocyte,dendritic cell,CL:0000451,dendritic cell,conventional dendritic cell,CL:0000990,conventional dendritic cell,myeloid dendritic cell,CL:0000782,myeloid dendritic cell,CD1c-positive myeloid dendritic cell,CL:0002399,CD1c-positive myeloid dendritic cell,,,,,,,,,,popv,sc_transcriptomics,
886,cell,CL:0000000,cell,epithelial cell,CL:0000066,epithelial cell,duct epithelial cell,CL:0000068,duct epithelial cell,branched duct epithelial cell,CL:0000069,branched duct epithelial cell,cholangiocyte,CL:1000488,cholangiocyte,intrahepatic cholangiocyte,CL:0002538,intrahepatic cholangiocyte,,,,,,,,,,,,,,,,,,,popv,sc_transcriptomics,
887,cell,CL:0000000,cell,endothelial cell,CL:0000115,endothelial cell,endothelial cell of vascular tree,CL:0002139,endothelial cell of vascular tree,blood vessel endothelial cell,CL:0000071,blood vessel endothelial cell,vein endothelial cell,CL:0002543,vein endothelial cell,,,,,,,,,,,,,,,,,,,,,,popv,sc_transcriptomics,
888,cell,CL:0000000,cell,connective tissue cell,CL:0002320,connective tissue cell,stromal cell,CL:0000499,stromal cell,fibroblast,CL:0000057,fibroblast,fibroblast of cardiac tissue,CL:0002548,fibroblast of cardiac tissue,,,,,,,,,,,,,,,,,,,,,,popv,sc_transcriptomics,
889,cell,CL:0000000,cell,neural cell,CL:0002319,neural cell,neuron,CL:0000540,neuron,central nervous system neuron,CL:2000029,central nervous system neuron,interneuron,CL:0000099,interneuron,bipolar neuron,CL:0000103,bipolar neuron,,,,,,,,,,,,,,,,,,,popv,sc_transcriptomics,
890,cell,CL:0000000,cell,neural cell,CL:0002319,neural cell,neuron associated cell,CL:0000095,neuron associated cell,glial cell,CL:0000125,glial cell,radial glial cell,CL:0000681,radial glial cell,,,,,,,,,,,,,,,,,,,,,,popv,sc_transcriptomics,
891,cell,CL:0000000,cell,neural cell,CL:0002319,neural cell,neuron,CL:0000540,neuron,visual system neuron,CL:0008028,visual system neuron,retinal bipolar neuron,CL:0000748,retinal bipolar neuron,,,,,,,,,,,,,,,,,,,,,,popv,sc_transcriptomics,
892,cell,CL:0000000,cell,hematopoietic cell,CL:0000988,hematopoietic cell,leukocyte,CL:0000738,leukocyte,myeloid leukocyte,CL:0000766,myeloid leukocyte,granulocyte,CL:0000094,granulocyte,basophil,CL:0000767,basophil,,,,,,,,,,,,,,,,,,,popv,sc_transcriptomics,
893,cell,CL:0000000,cell,connective tissue cell,CL:0002320,connective tissue cell,stromal cell,CL:0000499,stromal cell,fibroblast,CL:0000057,fibroblast,pancreatic stellate cell,CL:0002410,pancreatic stellate cell,,,,,,,,,,,,,,,,,,,,,,popv,sc_transcriptomics,
894,cell,CL:0000000,cell,epithelial cell,CL:0000066,epithelial cell,endo-epithelial cell,CL:0002076,endo-epithelial cell,epithelial cell of alimentary canal,CL:0002251,epithelial cell of alimentary canal,intestinal epithelial cell,CL:0002563,intestinal epithelial cell,epithelial cell of large intestine,CL:0002253,epithelial cell of large intestine,colon epithelial cell,CL:0011108,colon epithelial cell,,,,,,,,,,,,,,,,popv,sc_transcriptomics,
895,cell,CL:0000000,cell,epithelial cell,CL:0000066,epithelial cell,duct epithelial cell,CL:0000068,duct epithelial cell,non-branched duct epithelial cell,CL:0000072,non-branched duct epithelial cell,epithelial cell of lacrimal drainage system,CL:1000435,epithelial cell of lacrimal drainage system,epithelial cell of nasolacrimal duct,CL:1000437,epithelial cell of nasolacrimal duct,epithelial cell of lacrimal sac,CL:1000436,epithelial cell of lacrimal sac,,,,,,,,,,,,,,,,popv,sc_transcriptomics,
896,cell,CL:0000000,cell,hematopoietic cell,CL:0000988,hematopoietic cell,leukocyte,CL:0000738,leukocyte,mononuclear leukocyte,CL:0000842,mononuclear leukocyte,mononuclear phagocyte,CL:0000113,mononuclear phagocyte,dendritic cell,CL:0000451,dendritic cell,liver dendritic cell,CL:2000055,liver dendritic cell,,,,,,,,,,,,,,,,popv,sc_transcriptomics,
897,cell,CL:0000000,cell,connective tissue cell,CL:0002320,connective tissue cell,stromal cell,CL:0000499,stromal cell,fibroblast,CL:0000057,fibroblast,pulmonary interstitial fibroblast,CL:0002241,pulmonary interstitial fibroblast,alveolar adventitial fibroblast,CL:4028006,alveolar adventitial fibroblast,,,,,,,,,,,,,,,,,,,popv,sc_transcriptomics,
898,cell,CL:0000000,cell,hematopoietic cell,CL:0000988,hematopoietic cell,leukocyte,CL:0000738,leukocyte,mononuclear leukocyte,CL:0000842,mononuclear leukocyte,mononuclear phagocyte,CL:0000113,mononuclear phagocyte,dendritic cell,CL:0000451,dendritic cell,conventional dendritic cell,CL:0000990,conventional dendritic cell,Langerhans cell,CL:0000453,Langerhans cell,,,,,,,,,,,,,popv,sc_transcriptomics,
899,cell,CL:0000000,cell,muscle cell,CL:0000187,muscle cell,striated muscle cell,CL:0000737,striated muscle cell,cardiac muscle cell,CL:0000746,cardiac muscle cell,,,,,,,,,,,,,,,,,,,,,,,,,popv,sc_transcriptomics,
900,cell,CL:0000000,cell,hematopoietic cell,CL:0000988,hematopoietic cell,leukocyte,CL:0000738,leukocyte,mononuclear leukocyte,CL:0000842,mononuclear leukocyte,lymphocyte,CL:0000542,lymphocyte,T cell,CL:0000084,T cell,mature T cell,CL:0002419,mature T cell,mature alpha-beta T cell,CL:0000791,mature alpha-beta T cell,"CD8-positive, alpha-beta T cell",CL:0000625,"CD8-positive, alpha-beta T cell","CD8-positive, alpha-beta cytotoxic T cell",CL:0000794,"CD8-positive, alpha-beta cytotoxic T cell",,,,,,,popv,sc_transcriptomics,
901,cell,CL:0000000,cell,hematopoietic cell,CL:0000988,hematopoietic cell,leukocyte,CL:0000738,leukocyte,mononuclear leukocyte,CL:0000842,mononuclear leukocyte,lymphocyte,CL:0000542,lymphocyte,T cell,CL:0000084,T cell,mature T cell,CL:0002419,mature T cell,naive T cell,CL:0000898,naive T cell,"naive thymus-derived CD4-positive, alpha-beta T cell",CL:0000895,"naive thymus-derived CD4-positive, alpha-beta T cell",,,,,,,,,,popv,sc_transcriptomics,
902,cell,CL:0000000,cell,hematopoietic cell,CL:0000988,hematopoietic cell,leukocyte,CL:0000738,leukocyte,mononuclear leukocyte,CL:0000842,mononuclear leukocyte,mononuclear phagocyte,CL:0000113,mononuclear phagocyte,dendritic cell,CL:0000451,dendritic cell,conventional dendritic cell,CL:0000990,conventional dendritic cell,myeloid dendritic cell,CL:0000782,myeloid dendritic cell,CD141-positive myeloid dendritic cell,CL:0002394,CD141-positive myeloid dendritic cell,,,,,,,,,,popv,sc_transcriptomics,
903,cell,CL:0000000,cell,epithelial cell,CL:0000066,epithelial cell,meso-epithelial cell,CL:0002078,meso-epithelial cell,mesothelial cell,CL:0000077,mesothelial cell,,,,,,,,,,,,,,,,,,,,,,,,,popv,sc_transcriptomics,
904,cell,CL:0000000,cell,hematopoietic cell,CL:0000988,hematopoietic cell,leukocyte,CL:0000738,leukocyte,mononuclear leukocyte,CL:0000842,mononuclear leukocyte,lymphocyte,CL:0000542,lymphocyte,T cell,CL:0000084,T cell,,,,,,,,,,,,,,,,,,,popv,sc_transcriptomics,
905,cell,CL:0000000,cell,hematopoietic cell,CL:0000988,hematopoietic cell,myeloid cell,CL:0000763,myeloid cell,,,,,,,,,,,,,,,,,,,,,,,,,,,,popv,sc_transcriptomics,
906,cell,CL:0000000,cell,hematopoietic cell,CL:0000988,hematopoietic cell,leukocyte,CL:0000738,leukocyte,mononuclear leukocyte,CL:0000842,mononuclear leukocyte,lymphocyte,CL:0000542,lymphocyte,T cell,CL:0000084,T cell,immature T cell,CL:0002420,immature T cell,thymocyte,CL:0000893,thymocyte,double negative thymocyte,CL:0002489,double negative thymocyte,DN4 thymocyte,CL:0000808,DN4 thymocyte,,,,,,,popv,sc_transcriptomics,
907,cell,CL:0000000,cell,hematopoietic cell,CL:0000988,hematopoietic cell,leukocyte,CL:0000738,leukocyte,mononuclear leukocyte,CL:0000842,mononuclear leukocyte,mononuclear phagocyte,CL:0000113,mononuclear phagocyte,dendritic cell,CL:0000451,dendritic cell,conventional dendritic cell,CL:0000990,conventional dendritic cell,mature conventional dendritic cell,CL:0000841,mature conventional dendritic cell,,,,,,,,,,,,,popv,sc_transcriptomics,
908,cell,CL:0000000,cell,hematopoietic cell,CL:0000988,hematopoietic cell,leukocyte,CL:0000738,leukocyte,mononuclear leukocyte,CL:0000842,mononuclear leukocyte,lymphocyte,CL:0000542,lymphocyte,T cell,CL:0000084,T cell,mature T cell,CL:0002419,mature T cell,effector T cell,CL:0000911,effector T cell,"effector CD8-positive, alpha-beta T cell",CL:0001050,"effector CD8-positive, alpha-beta T cell",,,,,,,,,,popv,sc_transcriptomics,
909,cell,CL:0000000,cell,endothelial cell,CL:0000115,endothelial cell,endothelial cell of vascular tree,CL:0002139,endothelial cell of vascular tree,blood vessel endothelial cell,CL:0000071,blood vessel endothelial cell,retinal blood vessel endothelial cell,CL:0002585,retinal blood vessel endothelial cell,,,,,,,,,,,,,,,,,,,,,,popv,sc_transcriptomics,
910,cell,CL:0000000,cell,muscle cell,CL:0000187,muscle cell,striated muscle cell,CL:0000737,striated muscle cell,myotube,CL:0002372,myotube,skeletal muscle fiber,CL:0008002,skeletal muscle fiber,tongue muscle cell,CL:0002673,tongue muscle cell,,,,,,,,,,,,,,,,,,,popv,sc_transcriptomics,
911,cell,CL:0000000,cell,epithelial cell,CL:0000066,epithelial cell,endo-epithelial cell,CL:0002076,endo-epithelial cell,epithelial cell of alimentary canal,CL:0002251,epithelial cell of alimentary canal,intestinal epithelial cell,CL:0002563,intestinal epithelial cell,epithelial cell of large intestine,CL:0002253,epithelial cell of large intestine,colon epithelial cell,CL:0011108,colon epithelial cell,colon glandular cell,CL:1001588,colon glandular cell,paneth cell of colon,CL:0009009,paneth cell of colon,,,,,,,,,,popv,sc_transcriptomics,
912,cell,CL:0000000,cell,epithelial cell,CL:0000066,epithelial cell,secretory epithelial cell,CL:1100001,secretory epithelial cell,goblet cell,CL:0000160,goblet cell,intestine goblet cell,CL:0019031,intestine goblet cell,small intestine goblet cell,CL:1000495,small intestine goblet cell,,,,,,,,,,,,,,,,,,,popv,sc_transcriptomics,
913,cell,CL:0000000,cell,precursor cell,CL:0011115,precursor cell,stem cell,CL:0000034,stem cell,,,,,,,,,,,,,,,,,,,,,,,,,,,,popv,sc_transcriptomics,
914,cell,CL:0000000,cell,epithelial cell,CL:0000066,epithelial cell,meso-epithelial cell,CL:0002078,meso-epithelial cell,epithelial cell of uterus,CL:0002149,epithelial cell of uterus,,,,,,,,,,,,,,,,,,,,,,,,,popv,sc_transcriptomics,
915,cell,CL:0000000,cell,hematopoietic cell,CL:0000988,hematopoietic cell,leukocyte,CL:0000738,leukocyte,myeloid leukocyte,CL:0000766,myeloid leukocyte,monocyte,CL:0000576,monocyte,intermediate monocyte,CL:0002393,intermediate monocyte,,,,,,,,,,,,,,,,,,,popv,sc_transcriptomics,
916,cell,CL:0000000,cell,epithelial cell,CL:0000066,epithelial cell,endo-epithelial cell,CL:0002076,endo-epithelial cell,epithelial cell of alimentary canal,CL:0002251,epithelial cell of alimentary canal,intestinal epithelial cell,CL:0002563,intestinal epithelial cell,intestinal enteroendocrine cell,CL:1001516,intestinal enteroendocrine cell,enteroendocrine cell of small intestine,CL:0009006,enteroendocrine cell of small intestine,,,,,,,,,,,,,,,,popv,sc_transcriptomics,
917,cell,CL:0000000,cell,epithelial cell,CL:0000066,epithelial cell,tuft cell,CL:0002204,tuft cell,intestinal tuft cell,CL:0019032,intestinal tuft cell,,,,,,,,,,,,,,,,,,,,,,,,,popv,sc_transcriptomics,
918,cell,CL:0000000,cell,epithelial cell,CL:0000066,epithelial cell,secretory epithelial cell,CL:1100001,secretory epithelial cell,goblet cell,CL:0000160,goblet cell,intestine goblet cell,CL:0019031,intestine goblet cell,large intestine goblet cell,CL:1000320,large intestine goblet cell,,,,,,,,,,,,,,,,,,,popv,sc_transcriptomics,
919,cell,CL:0000000,cell,endothelial cell,CL:0000115,endothelial cell,endothelial cell of vascular tree,CL:0002139,endothelial cell of vascular tree,blood vessel endothelial cell,CL:0000071,blood vessel endothelial cell,microvascular endothelial cell,CL:2000008,microvascular endothelial cell,lung microvascular endothelial cell,CL:2000016,lung microvascular endothelial cell,,,,,,,,,,,,,,,,,,,popv,sc_transcriptomics,
920,cell,CL:0000000,cell,epithelial cell,CL:0000066,epithelial cell,,,,,,,,,,,,,,,,,,,,,,,,,,,,,,,popv,sc_transcriptomics,
921,cell,CL:0000000,cell,epithelial cell,CL:0000066,epithelial cell,ciliated epithelial cell,CL:0000067,ciliated epithelial cell,,,,,,,,,,,,,,,,,,,,,,,,,,,,popv,sc_transcriptomics,
922,cell,CL:0000000,cell,hematopoietic cell,CL:0000988,hematopoietic cell,leukocyte,CL:0000738,leukocyte,myeloid leukocyte,CL:0000766,myeloid leukocyte,granulocyte,CL:0000094,granulocyte,,,,,,,,,,,,,,,,,,,,,,popv,sc_transcriptomics,
923,cell,CL:0000000,cell,hematopoietic cell,CL:0000988,hematopoietic cell,myeloid cell,CL:0000763,myeloid cell,erythroid lineage cell,CL:0000764,erythroid lineage cell,erythrocyte,CL:0000232,erythrocyte,,,,,,,,,,,,,,,,,,,,,,popv,sc_transcriptomics,
924,cell,CL:0000000,cell,hematopoietic cell,CL:0000988,hematopoietic cell,leukocyte,CL:0000738,leukocyte,mononuclear leukocyte,CL:0000842,mononuclear leukocyte,lymphocyte,CL:0000542,lymphocyte,lymphocyte of B lineage,CL:0000945,lymphocyte of B lineage,B cell,CL:0000236,B cell,"B cell, CD19-positive",CL:0001201,"B cell, CD19-positive",mature B cell,CL:0000785,mature B cell,naive B cell,CL:0000788,naive B cell,,,,,,,popv,sc_transcriptomics,
925,cell,CL:0000000,cell,hematopoietic cell,CL:0000988,hematopoietic cell,leukocyte,CL:0000738,leukocyte,mononuclear leukocyte,CL:0000842,mononuclear leukocyte,lymphocyte,CL:0000542,lymphocyte,T cell,CL:0000084,T cell,mature T cell,CL:0002419,mature T cell,naive T cell,CL:0000898,naive T cell,"naive thymus-derived CD8-positive, alpha-beta T cell",CL:0000900,"naive thymus-derived CD8-positive, alpha-beta T cell",,,,,,,,,,popv,sc_transcriptomics,
926,cell,CL:0000000,cell,epithelial cell,CL:0000066,epithelial cell,endo-epithelial cell,CL:0002076,endo-epithelial cell,respiratory tract epithelial cell,CL:0002368,respiratory tract epithelial cell,epithelial cell of lower respiratory tract,CL:0002632,epithelial cell of lower respiratory tract,epithelial cell of lung,CL:0000082,epithelial cell of lung,pulmonary ionocyte,CL:0017000,pulmonary ionocyte,,,,,,,,,,,,,,,,popv,sc_transcriptomics,
927,cell,CL:0000000,cell,epithelial cell,CL:0000066,epithelial cell,squamous epithelial cell,CL:0000076,squamous epithelial cell,,,,,,,,,,,,,,,,,,,,,,,,,,,,popv,sc_transcriptomics,
928,cell,CL:0000000,cell,epithelial cell,CL:0000066,epithelial cell,secretory epithelial cell,CL:1100001,secretory epithelial cell,enteroendocrine cell,CL:0000164,enteroendocrine cell,pancreatic endocrine cell,CL:0008024,pancreatic endocrine cell,type B pancreatic cell,CL:0000169,type B pancreatic cell,,,,,,,,,,,,,,,,,,,popv,sc_transcriptomics,
929,cell,CL:0000000,cell,neural cell,CL:0002319,neural cell,neuron,CL:0000540,neuron,afferent neuron,CL:0000526,afferent neuron,sensory neuron,CL:0000101,sensory neuron,photoreceptor cell,CL:0000210,photoreceptor cell,eye photoreceptor cell,CL:0000287,eye photoreceptor cell,,,,,,,,,,,,,,,,popv,sc_transcriptomics,
930,cell,CL:0000000,cell,hematopoietic cell,CL:0000988,hematopoietic cell,leukocyte,CL:0000738,leukocyte,myeloid leukocyte,CL:0000766,myeloid leukocyte,monocyte,CL:0000576,monocyte,,,,,,,,,,,,,,,,,,,,,,popv,sc_transcriptomics,
931,cell,CL:0000000,cell,hematopoietic cell,CL:0000988,hematopoietic cell,myeloid cell,CL:0000763,myeloid cell,erythroid lineage cell,CL:0000764,erythroid lineage cell,,,,,,,,,,,,,,,,,,,,,,,,,popv,sc_transcriptomics,
932,cell,CL:0000000,cell,hematopoietic cell,CL:0000988,hematopoietic cell,leukocyte,CL:0000738,leukocyte,mononuclear leukocyte,CL:0000842,mononuclear leukocyte,lymphocyte,CL:0000542,lymphocyte,T cell,CL:0000084,T cell,mature T cell,CL:0002419,mature T cell,mature alpha-beta T cell,CL:0000791,mature alpha-beta T cell,"CD4-positive, alpha-beta T cell",CL:0000624,"CD4-positive, alpha-beta T cell","CD4-positive, CD25-positive, alpha-beta regulatory T cell",CL:0000792,"CD4-positive, CD25-positive, alpha-beta regulatory T cell",,,,,,,popv,sc_transcriptomics,
933,cell,CL:0000000,cell,hematopoietic cell,CL:0000988,hematopoietic cell,hematopoietic precursor cell,CL:0008001,hematopoietic precursor cell,hematopoietic lineage restricted progenitor cell,CL:0002031,hematopoietic lineage restricted progenitor cell,lymphoid lineage restricted progenitor cell,CL:0000838,lymphoid lineage restricted progenitor cell,pro-T cell,CL:0000827,pro-T cell,DN1 thymic pro-T cell,CL:0000894,DN1 thymic pro-T cell,,,,,,,,,,,,,,,,popv,sc_transcriptomics,
934,cell,CL:0000000,cell,epithelial cell,CL:0000066,epithelial cell,endo-epithelial cell,CL:0002076,endo-epithelial cell,epithelial cell of alimentary canal,CL:0002251,epithelial cell of alimentary canal,intestinal epithelial cell,CL:0002563,intestinal epithelial cell,epithelial cell of small intestine,CL:0002254,epithelial cell of small intestine,,,,,,,,,,,,,,,,,,,popv,sc_transcriptomics,
935,cell,CL:0000000,cell,epithelial cell,CL:0000066,epithelial cell,columnar/cuboidal epithelial cell,CL:0000075,columnar/cuboidal epithelial cell,multiciliated epithelial cell,CL:0005012,multiciliated epithelial cell,respiratory tract multiciliated cell,CL:4030034,respiratory tract multiciliated cell,lung multiciliated epithelial cell,CL:1000271,lung multiciliated epithelial cell,,,,,,,,,,,,,,,,,,,popv,sc_transcriptomics,
936,cell,CL:0000000,cell,epithelial cell,CL:0000066,epithelial cell,endo-epithelial cell,CL:0002076,endo-epithelial cell,epithelial cell of alimentary canal,CL:0002251,epithelial cell of alimentary canal,intestinal epithelial cell,CL:0002563,intestinal epithelial cell,intestinal enteroendocrine cell,CL:1001516,intestinal enteroendocrine cell,,,,,,,,,,,,,,,,,,,popv,sc_transcriptomics,
937,cell,CL:0000000,cell,neural cell,CL:0002319,neural cell,neuron,CL:0000540,neuron,afferent neuron,CL:0000526,afferent neuron,sensory neuron,CL:0000101,sensory neuron,,,,,,,,,,,,,,,,,,,,,,popv,sc_transcriptomics,
938,cell,CL:0000000,cell,epithelial cell,CL:0000066,epithelial cell,secretory epithelial cell,CL:1100001,secretory epithelial cell,enteroendocrine cell,CL:0000164,enteroendocrine cell,pancreatic endocrine cell,CL:0008024,pancreatic endocrine cell,pancreatic A cell,CL:0000171,pancreatic A cell,,,,,,,,,,,,,,,,,,,popv,sc_transcriptomics,
939,cell,CL:0000000,cell,muscle cell,CL:0000187,muscle cell,,,,,,,,,,,,,,,,,,,,,,,,,,,,,,,popv,sc_transcriptomics,
940,cell,CL:0000000,cell,hematopoietic cell,CL:0000988,hematopoietic cell,leukocyte,CL:0000738,leukocyte,mononuclear leukocyte,CL:0000842,mononuclear leukocyte,mononuclear phagocyte,CL:0000113,mononuclear phagocyte,dendritic cell,CL:0000451,dendritic cell,,,,,,,,,,,,,,,,,,,popv,sc_transcriptomics,
941,cell,CL:0000000,cell,neural cell,CL:0002319,neural cell,neuron associated cell,CL:0000095,neuron associated cell,glial cell,CL:0000125,glial cell,radial glial cell,CL:0000681,radial glial cell,Mueller cell,CL:0000636,Mueller cell,,,,,,,,,,,,,,,,,,,popv,sc_transcriptomics,
942,cell,CL:0000000,cell,hematopoietic cell,CL:0000988,hematopoietic cell,leukocyte,CL:0000738,leukocyte,mononuclear leukocyte,CL:0000842,mononuclear leukocyte,lymphocyte,CL:0000542,lymphocyte,T cell,CL:0000084,T cell,mature T cell,CL:0002419,mature T cell,mature alpha-beta T cell,CL:0000791,mature alpha-beta T cell,"CD8-positive, alpha-beta T cell",CL:0000625,"CD8-positive, alpha-beta T cell","CD8-positive, alpha-beta memory T cell",CL:0000909,"CD8-positive, alpha-beta memory T cell",,,,,,,popv,sc_transcriptomics,
943,cell,CL:0000000,cell,epithelial cell,CL:0000066,epithelial cell,columnar/cuboidal epithelial cell,CL:0000075,columnar/cuboidal epithelial cell,neurecto-epithelial cell,CL:0000710,neurecto-epithelial cell,pigmented epithelial cell,CL:0000529,pigmented epithelial cell,pigmented ciliary epithelial cell,CL:0002303,pigmented ciliary epithelial cell,,,,,,,,,,,,,,,,,,,popv,sc_transcriptomics,
944,cell,CL:0000000,cell,epithelial cell,CL:0000066,epithelial cell,endo-epithelial cell,CL:0002076,endo-epithelial cell,epithelial cell of prostate,CL:0002231,epithelial cell of prostate,basal cell of prostate epithelium,CL:0002341,basal cell of prostate epithelium,,,,,,,,,,,,,,,,,,,,,,popv,sc_transcriptomics,
945,cell,CL:0000000,cell,epithelial cell,CL:0000066,epithelial cell,endo-epithelial cell,CL:0002076,endo-epithelial cell,epithelial cell of alimentary canal,CL:0002251,epithelial cell of alimentary canal,intestinal epithelial cell,CL:0002563,intestinal epithelial cell,epithelial cell of large intestine,CL:0002253,epithelial cell of large intestine,intestinal crypt stem cell of large intestine,CL:0009016,intestinal crypt stem cell of large intestine,,,,,,,,,,,,,,,,popv,sc_transcriptomics,
946,cell,CL:0000000,cell,endothelial cell,CL:0000115,endothelial cell,endothelial cell of vascular tree,CL:0002139,endothelial cell of vascular tree,blood vessel endothelial cell,CL:0000071,blood vessel endothelial cell,endothelial cell of sinusoid,CL:0002262,endothelial cell of sinusoid,endothelial cell of hepatic sinusoid,CL:1000398,endothelial cell of hepatic sinusoid,,,,,,,,,,,,,,,,,,,popv,sc_transcriptomics,
947,cell,CL:0000000,cell,epithelial cell,CL:0000066,epithelial cell,transitional epithelial cell,CL:0000244,transitional epithelial cell,urothelial cell,CL:0000731,urothelial cell,bladder urothelial cell,CL:1001428,bladder urothelial cell,,,,,,,,,,,,,,,,,,,,,,popv,sc_transcriptomics,
948,cell,CL:0000000,cell,hematopoietic cell,CL:0000988,hematopoietic cell,hematopoietic precursor cell,CL:0008001,hematopoietic precursor cell,hematopoietic oligopotent progenitor cell,CL:0002032,hematopoietic oligopotent progenitor cell,common myeloid progenitor,CL:0000049,common myeloid progenitor,,,,,,,,,,,,,,,,,,,,,,popv,sc_transcriptomics,
949,cell,CL:0000000,cell,epithelial cell,CL:0000066,epithelial cell,squamous epithelial cell,CL:0000076,squamous epithelial cell,stratified squamous epithelial cell,CL:0000240,stratified squamous epithelial cell,keratinizing barrier epithelial cell,CL:0000237,keratinizing barrier epithelial cell,keratinocyte,CL:0000312,keratinocyte,,,,,,,,,,,,,,,,,,,popv,sc_transcriptomics,
950,cell,CL:0000000,cell,hematopoietic cell,CL:0000988,hematopoietic cell,leukocyte,CL:0000738,leukocyte,mononuclear leukocyte,CL:0000842,mononuclear leukocyte,lymphocyte,CL:0000542,lymphocyte,T cell,CL:0000084,T cell,mature T cell,CL:0002419,mature T cell,mature alpha-beta T cell,CL:0000791,mature alpha-beta T cell,mature NK T cell,CL:0000814,mature NK T cell,,,,,,,,,,popv,sc_transcriptomics,
951,cell,CL:0000000,cell,hematopoietic cell,CL:0000988,hematopoietic cell,leukocyte,CL:0000738,leukocyte,mononuclear leukocyte,CL:0000842,mononuclear leukocyte,lymphocyte,CL:0000542,lymphocyte,T cell,CL:0000084,T cell,mature T cell,CL:0002419,mature T cell,regulatory T cell,CL:0000815,regulatory T cell,,,,,,,,,,,,,popv,sc_transcriptomics,
952,cell,CL:0000000,cell,hematopoietic cell,CL:0000988,hematopoietic cell,leukocyte,CL:0000738,leukocyte,mononuclear leukocyte,CL:0000842,mononuclear leukocyte,lymphocyte,CL:0000542,lymphocyte,innate lymphoid cell,CL:0001065,innate lymphoid cell,,,,,,,,,,,,,,,,,,,popv,sc_transcriptomics,
953,cell,CL:0000000,cell,epithelial cell,CL:0000066,epithelial cell,endo-epithelial cell,CL:0002076,endo-epithelial cell,epithelial cell of alimentary canal,CL:0002251,epithelial cell of alimentary canal,intestinal epithelial cell,CL:0002563,intestinal epithelial cell,epithelial cell of large intestine,CL:0002253,epithelial cell of large intestine,,,,,,,,,,,,,,,,,,,popv,sc_transcriptomics,
954,cell,CL:0000000,cell,epithelial cell,CL:0000066,epithelial cell,endo-epithelial cell,CL:0002076,endo-epithelial cell,respiratory tract epithelial cell,CL:0002368,respiratory tract epithelial cell,epithelial cell of lower respiratory tract,CL:0002632,epithelial cell of lower respiratory tract,epithelial cell of tracheobronchial tree,CL:0002202,epithelial cell of tracheobronchial tree,bronchial epithelial cell,CL:0002328,bronchial epithelial cell,,,,,,,,,,,,,,,,popv,sc_transcriptomics,
955,cell,CL:0000000,cell,endothelial cell,CL:0000115,endothelial cell,endothelial cell of vascular tree,CL:0002139,endothelial cell of vascular tree,blood vessel endothelial cell,CL:0000071,blood vessel endothelial cell,microvascular endothelial cell,CL:2000008,microvascular endothelial cell,,,,,,,,,,,,,,,,,,,,,,popv,sc_transcriptomics,
956,cell,CL:0000000,cell,connective tissue cell,CL:0002320,connective tissue cell,stromal cell,CL:0000499,stromal cell,fibroblast,CL:0000057,fibroblast,fibroblast of breast,CL:4006000,fibroblast of breast,,,,,,,,,,,,,,,,,,,,,,popv,sc_transcriptomics,
957,cell,CL:0000000,cell,hematopoietic cell,CL:0000988,hematopoietic cell,leukocyte,CL:0000738,leukocyte,mononuclear leukocyte,CL:0000842,mononuclear leukocyte,lymphocyte,CL:0000542,lymphocyte,T cell,CL:0000084,T cell,mature T cell,CL:0002419,mature T cell,mature alpha-beta T cell,CL:0000791,mature alpha-beta T cell,"CD4-positive, alpha-beta T cell",CL:0000624,"CD4-positive, alpha-beta T cell",,,,,,,,,,popv,sc_transcriptomics,
958,cell,CL:0000000,cell,hematopoietic cell,CL:0000988,hematopoietic cell,leukocyte,CL:0000738,leukocyte,myeloid leukocyte,CL:0000766,myeloid leukocyte,monocyte,CL:0000576,monocyte,non-classical monocyte,CL:0000875,non-classical monocyte,,,,,,,,,,,,,,,,,,,popv,sc_transcriptomics,
959,cell,CL:0000000,cell,epithelial cell,CL:0000066,epithelial cell,endo-epithelial cell,CL:0002076,endo-epithelial cell,respiratory tract epithelial cell,CL:0002368,respiratory tract epithelial cell,epithelial cell of lower respiratory tract,CL:0002632,epithelial cell of lower respiratory tract,epithelial cell of lung,CL:0000082,epithelial cell of lung,pulmonary alveolar epithelial cell,CL:0000322,pulmonary alveolar epithelial cell,pulmonary alveolar type 1 cell,CL:0002062,pulmonary alveolar type 1 cell,,,,,,,,,,,,,popv,sc_transcriptomics,
960,cell,CL:0000000,cell,endothelial cell,CL:0000115,endothelial cell,endothelial cell of vascular tree,CL:0002139,endothelial cell of vascular tree,endothelial cell of lymphatic vessel,CL:0002138,endothelial cell of lymphatic vessel,,,,,,,,,,,,,,,,,,,,,,,,,popv,sc_transcriptomics,
961,cell,CL:0000000,cell,epithelial cell,CL:0000066,epithelial cell,tuft cell,CL:0002204,tuft cell,intestinal tuft cell,CL:0019032,intestinal tuft cell,tuft cell of small intestine,CL:0009080,tuft cell of small intestine,,,,,,,,,,,,,,,,,,,,,,popv,sc_transcriptomics,
962,cell,CL:0000000,cell,epithelial cell,CL:0000066,epithelial cell,columnar/cuboidal epithelial cell,CL:0000075,columnar/cuboidal epithelial cell,brush border epithelial cell,CL:0000239,brush border epithelial cell,enterocyte,CL:0000584,enterocyte,enterocyte of epithelium of small intestine,CL:1000334,enterocyte of epithelium of small intestine,,,,,,,,,,,,,,,,,,,popv,sc_transcriptomics,
963,cell,CL:0000000,cell,epithelial cell,CL:0000066,epithelial cell,conjunctival epithelial cell,CL:1000432,conjunctival epithelial cell,,,,,,,,,,,,,,,,,,,,,,,,,,,,popv,sc_transcriptomics,
964,cell,CL:0000000,cell,hematopoietic cell,CL:0000988,hematopoietic cell,leukocyte,CL:0000738,leukocyte,mononuclear leukocyte,CL:0000842,mononuclear leukocyte,lymphocyte,CL:0000542,lymphocyte,T cell,CL:0000084,T cell,mature T cell,CL:0002419,mature T cell,mature alpha-beta T cell,CL:0000791,mature alpha-beta T cell,"CD8-positive, alpha-beta T cell",CL:0000625,"CD8-positive, alpha-beta T cell",,,,,,,,,,ribca,sc_proteomics,
965,cell,CL:0000000,cell,endothelial cell,CL:0000115,endothelial cell,,,,,,,,,,,,,,,,,,,,,,,,,,,,,,,ribca,sc_proteomics,
966,cell,CL:0000000,cell,hematopoietic cell,CL:0000988,hematopoietic cell,leukocyte,CL:0000738,leukocyte,mononuclear leukocyte,CL:0000842,mononuclear leukocyte,lymphocyte,CL:0000542,lymphocyte,lymphocyte of B lineage,CL:0000945,lymphocyte of B lineage,antibody secreting cell,CL:0000946,antibody secreting cell,plasma cell,CL:0000786,plasma cell,,,,,,,,,,,,,ribca,sc_proteomics,
967,cell,CL:0000000,cell,hematopoietic cell,CL:0000988,hematopoietic cell,leukocyte,CL:0000738,leukocyte,mononuclear leukocyte,CL:0000842,mononuclear leukocyte,lymphocyte,CL:0000542,lymphocyte,lymphocyte of B lineage,CL:0000945,lymphocyte of B lineage,antibody secreting cell,CL:0000946,antibody secreting cell,plasma cell,CL:0000786,plasma cell,,,,,,,,,,,,,ribca,sc_proteomics,
968,cell,CL:0000000,cell,hematopoietic cell,CL:0000988,hematopoietic cell,leukocyte,CL:0000738,leukocyte,mononuclear leukocyte,CL:0000842,mononuclear leukocyte,lymphocyte,CL:0000542,lymphocyte,T cell,CL:0000084,T cell,mature T cell,CL:0002419,mature T cell,mature alpha-beta T cell,CL:0000791,mature alpha-beta T cell,"CD4-positive, alpha-beta T cell",CL:0000624,"CD4-positive, alpha-beta T cell",,,,,,,,,,ribca,sc_proteomics,
969,cell,CL:0000000,cell,hematopoietic cell,CL:0000988,hematopoietic cell,leukocyte,CL:0000738,leukocyte,myeloid leukocyte,CL:0000766,myeloid leukocyte,macrophage,CL:0000235,macrophage,elicited macrophage,CL:0000861,elicited macrophage,M1 macrophage,CL:0000863,M1 macrophage,,,,,,,,,,,,,,,,ribca,sc_proteomics,
970,cell,CL:0000000,cell,muscle cell,CL:0000187,muscle cell,non-striated muscle cell,CL:0008000,non-striated muscle cell,smooth muscle cell,CL:0000192,smooth muscle cell,,,,,,,,,,,,,,,,,,,,,,,,,ribca,sc_proteomics,
971,cell,CL:0000000,cell,hematopoietic cell,CL:0000988,hematopoietic cell,leukocyte,CL:0000738,leukocyte,mononuclear leukocyte,CL:0000842,mononuclear leukocyte,mononuclear phagocyte,CL:0000113,mononuclear phagocyte,dendritic cell,CL:0000451,dendritic cell,,,,,,,,,,,,,,,,,,,ribca,sc_proteomics,
972,cell,CL:0000000,cell,epithelial cell,CL:0000066,epithelial cell,,,,,,,,,,,,,,,,,,,,,,,,,,,,,,,ribca,sc_proteomics,
973,cell,CL:0000000,cell,hematopoietic cell,CL:0000988,hematopoietic cell,leukocyte,CL:0000738,leukocyte,mononuclear leukocyte,CL:0000842,mononuclear leukocyte,lymphocyte,CL:0000542,lymphocyte,T cell,CL:0000084,T cell,mature T cell,CL:0002419,mature T cell,regulatory T cell,CL:0000815,regulatory T cell,,,,,,,,,,,,,ribca,sc_proteomics,
974,cell,CL:0000000,cell,hematopoietic cell,CL:0000988,hematopoietic cell,leukocyte,CL:0000738,leukocyte,mononuclear leukocyte,CL:0000842,mononuclear leukocyte,lymphocyte,CL:0000542,lymphocyte,lymphocyte of B lineage,CL:0000945,lymphocyte of B lineage,B cell,CL:0000236,B cell,,,,,,,,,,,,,,,,ribca,sc_proteomics,
975,cell,CL:0000000,cell,hematopoietic cell,CL:0000988,hematopoietic cell,leukocyte,CL:0000738,leukocyte,mononuclear leukocyte,CL:0000842,mononuclear leukocyte,lymphocyte,CL:0000542,lymphocyte,innate lymphoid cell,CL:0001065,innate lymphoid cell,group 1 innate lymphoid cell,CL:0001067,group 1 innate lymphoid cell,natural killer cell,CL:0000623,natural killer cell,,,,,,,,,,,,,ribca,sc_proteomics,
976,cell,CL:0000000,cell,hematopoietic cell,CL:0000988,hematopoietic cell,leukocyte,CL:0000738,leukocyte,myeloid leukocyte,CL:0000766,myeloid leukocyte,macrophage,CL:0000235,macrophage,elicited macrophage,CL:0000861,elicited macrophage,M2 macrophage,CL:0000890,M2 macrophage,,,,,,,,,,,,,,,,ribca,sc_proteomics,
977,cell,CL:0000000,cell,connective tissue cell,CL:0002320,connective tissue cell,stromal cell,CL:0000499,stromal cell,,,,,,,,,,,,,,,,,,,,,,,,,,,,ribca,sc_proteomics,
978,cell,CL:0000000,cell,hematopoietic cell,CL:0000988,hematopoietic cell,leukocyte,CL:0000738,leukocyte,mononuclear leukocyte,CL:0000842,mononuclear leukocyte,lymphocyte,CL:0000542,lymphocyte,lymphocyte of B lineage,CL:0000945,lymphocyte of B lineage,antibody secreting cell,CL:0000946,antibody secreting cell,plasma cell,CL:0000786,plasma cell,,,,,,,,,,,,,stellar,sc_proteomics,
979,cell,CL:0000000,cell,hematopoietic cell,CL:0000988,hematopoietic cell,hematopoietic precursor cell,CL:0008001,hematopoietic precursor cell,hematopoietic oligopotent progenitor cell,CL:0002032,hematopoietic oligopotent progenitor cell,common lymphoid progenitor,CL:0000051,common lymphoid progenitor,CD7-positive lymphoid progenitor cell,CL:0001028,CD7-positive lymphoid progenitor cell,,,,,,,,,,,,,,,,,,,stellar,sc_proteomics,
980,cell,CL:0000000,cell,hematopoietic cell,CL:0000988,hematopoietic cell,leukocyte,CL:0000738,leukocyte,mononuclear leukocyte,CL:0000842,mononuclear leukocyte,lymphocyte,CL:0000542,lymphocyte,T cell,CL:0000084,T cell,mature T cell,CL:0002419,mature T cell,mature alpha-beta T cell,CL:0000791,mature alpha-beta T cell,"CD4-positive, alpha-beta T cell",CL:0000624,"CD4-positive, alpha-beta T cell",,,,,,,,,,stellar,sc_proteomics,
981,cell,CL:0000000,cell,epithelial cell,CL:0000066,epithelial cell,secretory epithelial cell,CL:1100001,secretory epithelial cell,goblet cell,CL:0000160,goblet cell,,,,,,,,,,,,,,,,,,,,,,,,,stellar,sc_proteomics,
982,cell,CL:0000000,cell,endothelial cell,CL:0000115,endothelial cell,endothelial cell of vascular tree,CL:0002139,endothelial cell of vascular tree,endothelial cell of lymphatic vessel,CL:0002138,endothelial cell of lymphatic vessel,,,,,,,,,,,,,,,,,,,,,,,,,stellar,sc_proteomics,
983,cell,CL:0000000,cell,neural cell,CL:0002319,neural cell,neuron,CL:0000540,neuron,efferent neuron,CL:0000527,efferent neuron,neuroendocrine cell,CL:0000165,neuroendocrine cell,,,,,,,,,,,,,,,,,,,,,,stellar,sc_proteomics,
984,cell,CL:0000000,cell,hematopoietic cell,CL:0000988,hematopoietic cell,leukocyte,CL:0000738,leukocyte,myeloid leukocyte,CL:0000766,myeloid leukocyte,granulocyte,CL:0000094,granulocyte,neutrophil,CL:0000775,neutrophil,,,,,,,,,,,,,,,,,,,stellar,sc_proteomics,
985,cell,CL:0000000,cell,hematopoietic cell,CL:0000988,hematopoietic cell,leukocyte,CL:0000738,leukocyte,myeloid leukocyte,CL:0000766,myeloid leukocyte,macrophage,CL:0000235,macrophage,elicited macrophage,CL:0000861,elicited macrophage,M1 macrophage,CL:0000863,M1 macrophage,,,,,,,,,,,,,,,,stellar,sc_proteomics,
986,cell,CL:0000000,cell,epithelial cell,CL:0000066,epithelial cell,columnar/cuboidal epithelial cell,CL:0000075,columnar/cuboidal epithelial cell,neurecto-epithelial cell,CL:0000710,neurecto-epithelial cell,interstitial cell of Cajal,CL:0002088,interstitial cell of Cajal,,,,,,,,,,,,,,,,,,,,,,stellar,sc_proteomics,
987,cell,CL:0000000,cell,neural cell,CL:0002319,neural cell,neuron,CL:0000540,neuron,,,,,,,,,,,,,,,,,,,,,,,,,,,,stellar,sc_proteomics,
988,cell,CL:0000000,cell,hematopoietic cell,CL:0000988,hematopoietic cell,leukocyte,CL:0000738,leukocyte,mononuclear leukocyte,CL:0000842,mononuclear leukocyte,lymphocyte,CL:0000542,lymphocyte,innate lymphoid cell,CL:0001065,innate lymphoid cell,group 1 innate lymphoid cell,CL:0001067,group 1 innate lymphoid cell,natural killer cell,CL:0000623,natural killer cell,,,,,,,,,,,,,stellar,sc_proteomics,
989,cell,CL:0000000,cell,hematopoietic cell,CL:0000988,hematopoietic cell,leukocyte,CL:0000738,leukocyte,mononuclear leukocyte,CL:0000842,mononuclear leukocyte,lymphocyte,CL:0000542,lymphocyte,lymphocyte of B lineage,CL:0000945,lymphocyte of B lineage,B cell,CL:0000236,B cell,,,,,,,,,,,,,,,,stellar,sc_proteomics,
990,cell,CL:0000000,cell,epithelial cell,CL:0000066,epithelial cell,endo-epithelial cell,CL:0002076,endo-epithelial cell,epithelial cell of alimentary canal,CL:0002251,epithelial cell of alimentary canal,intestinal epithelial cell,CL:0002563,intestinal epithelial cell,paneth cell,CL:0000510,paneth cell,,,,,,,,,,,,,,,,,,,stellar,sc_proteomics,
991,cell,CL:0000000,cell,hematopoietic cell,CL:0000988,hematopoietic cell,leukocyte,CL:0000738,leukocyte,mononuclear leukocyte,CL:0000842,mononuclear leukocyte,lymphocyte,CL:0000542,lymphocyte,T cell,CL:0000084,T cell,mature T cell,CL:0002419,mature T cell,mature alpha-beta T cell,CL:0000791,mature alpha-beta T cell,"CD8-positive, alpha-beta T cell",CL:0000625,"CD8-positive, alpha-beta T cell",,,,,,,,,,stellar,sc_proteomics,
992,cell,CL:0000000,cell,hematopoietic cell,CL:0000988,hematopoietic cell,leukocyte,CL:0000738,leukocyte,mononuclear leukocyte,CL:0000842,mononuclear leukocyte,mononuclear phagocyte,CL:0000113,mononuclear phagocyte,dendritic cell,CL:0000451,dendritic cell,,,,,,,,,,,,,,,,,,,stellar,sc_proteomics,
993,cell,CL:0000000,cell,endothelial cell,CL:0000115,endothelial cell,,,,,,,,,,,,,,,,,,,,,,,,,,,,,,,stellar,sc_proteomics,
994,cell,CL:0000000,cell,hematopoietic cell,CL:0000988,hematopoietic cell,leukocyte,CL:0000738,leukocyte,myeloid leukocyte,CL:0000766,myeloid leukocyte,macrophage,CL:0000235,macrophage,tissue-resident macrophage,CL:0000864,tissue-resident macrophage,,,,,,,,,,,,,,,,,,,stellar,sc_proteomics,
995,cell,CL:0000000,cell,epithelial cell,CL:0000066,epithelial cell,columnar/cuboidal epithelial cell,CL:0000075,columnar/cuboidal epithelial cell,brush border epithelial cell,CL:0000239,brush border epithelial cell,enterocyte,CL:0000584,enterocyte,,,,,,,,,,,,,,,,,,,,,,stellar,sc_proteomics,
996,cell,CL:0000000,cell,muscle cell,CL:0000187,muscle cell,non-striated muscle cell,CL:0008000,non-striated muscle cell,smooth muscle cell,CL:0000192,smooth muscle cell,,,,,,,,,,,,,,,,,,,,,,,,,stellar,sc_proteomics,
997,cell,CL:0000000,cell,connective tissue cell,CL:0002320,connective tissue cell,stromal cell,CL:0000499,stromal cell,,,,,,,,,,,,,,,,,,,,,,,,,,,,stellar,sc_proteomics,
998,cell,CL:0000000,cell,precursor cell,CL:0011115,precursor cell,progenitor cell,CL:0011026,progenitor cell,hematopoietic stem cell,CL:0000037,hematopoietic stem cell,,,,,,,,,,,,,,,,,,,,,,,,,vccf,sc_proteomics,
999,cell,CL:0000000,cell,epithelial cell,CL:0000066,epithelial cell,squamous epithelial cell,CL:0000076,squamous epithelial cell,stratified squamous epithelial cell,CL:0000240,stratified squamous epithelial cell,keratinizing barrier epithelial cell,CL:0000237,keratinizing barrier epithelial cell,keratinocyte,CL:0000312,keratinocyte,,,,,,,,,,,,,,,,,,,vccf,sc_proteomics,
1000,cell,CL:0000000,cell,hematopoietic cell,CL:0000988,hematopoietic cell,leukocyte,CL:0000738,leukocyte,mononuclear leukocyte,CL:0000842,mononuclear leukocyte,lymphocyte,CL:0000542,lymphocyte,,,,,,,,,,,,,,,,,,,,,,vccf,sc_proteomics,
1001,cell,CL:0000000,cell,epithelial cell,CL:0000066,epithelial cell,columnar/cuboidal epithelial cell,CL:0000075,columnar/cuboidal epithelial cell,brush border epithelial cell,CL:0000239,brush border epithelial cell,enterocyte,CL:0000584,enterocyte,,,,,,,,,,,,,,,,,,,,,,vccf,sc_proteomics,
1002,cell,CL:0000000,cell,connective tissue cell,CL:0002320,connective tissue cell,pericyte,CL:0000669,pericyte,,,,,,,,,,,,,,,,,,,,,,,,,,,,vccf,sc_proteomics,
1003,cell,CL:0000000,cell,precursor cell,CL:0011115,precursor cell,progenitor cell,CL:0011026,progenitor cell,erythroblast,CL:0000765,erythroblast,,,,,,,,,,,,,,,,,,,,,,,,,vccf,sc_proteomics,
1004,cell,CL:0000000,cell,epithelial cell,CL:0000066,epithelial cell,tuft cell,CL:0002204,tuft cell,,,,,,,,,,,,,,,,,,,,,,,,,,,,vccf,sc_proteomics,
1005,cell,CL:0000000,cell,hematopoietic cell,CL:0000988,hematopoietic cell,leukocyte,CL:0000738,leukocyte,mononuclear leukocyte,CL:0000842,mononuclear leukocyte,mononuclear phagocyte,CL:0000113,mononuclear phagocyte,dendritic cell,CL:0000451,dendritic cell,migratory dendritic cell,CL:4047054,migratory dendritic cell,,,,,,,,,,,,,,,,vccf,sc_proteomics,
1006,cell,CL:0000000,cell,hematopoietic cell,CL:0000988,hematopoietic cell,leukocyte,CL:0000738,leukocyte,mononuclear leukocyte,CL:0000842,mononuclear leukocyte,lymphocyte,CL:0000542,lymphocyte,T cell,CL:0000084,T cell,mature T cell,CL:0002419,mature T cell,effector T cell,CL:0000911,effector T cell,"effector CD4-positive, alpha-beta T cell",CL:0001044,"effector CD4-positive, alpha-beta T cell",,,,,,,,,,vccf,sc_proteomics,
1007,cell,CL:0000000,cell,endothelial cell,CL:0000115,endothelial cell,endothelial cell of vascular tree,CL:0002139,endothelial cell of vascular tree,blood vessel endothelial cell,CL:0000071,blood vessel endothelial cell,endothelial cell of artery,CL:1000413,endothelial cell of artery,,,,,,,,,,,,,,,,,,,,,,vccf,sc_proteomics,
1008,cell,CL:0000000,cell,hematopoietic cell,CL:0000988,hematopoietic cell,leukocyte,CL:0000738,leukocyte,mononuclear leukocyte,CL:0000842,mononuclear leukocyte,lymphocyte,CL:0000542,lymphocyte,T cell,CL:0000084,T cell,,,,,,,,,,,,,,,,,,,vccf,sc_proteomics,
1009,cell,CL:0000000,cell,hematopoietic cell,CL:0000988,hematopoietic cell,leukocyte,CL:0000738,leukocyte,myeloid leukocyte,CL:0000766,myeloid leukocyte,mast cell,CL:0000097,mast cell,,,,,,,,,,,,,,,,,,,,,,vccf,sc_proteomics,
1010,cell,CL:0000000,cell,hematopoietic cell,CL:0000988,hematopoietic cell,leukocyte,CL:0000738,leukocyte,mononuclear leukocyte,CL:0000842,mononuclear leukocyte,mononuclear phagocyte,CL:0000113,mononuclear phagocyte,dendritic cell,CL:0000451,dendritic cell,,,,,,,,,,,,,,,,,,,vccf,sc_proteomics,
1011,cell,CL:0000000,cell,neural cell,CL:0002319,neural cell,neuron,CL:0000540,neuron,,,,,,,,,,,,,,,,,,,,,,,,,,,,vccf,sc_proteomics,
1012,cell,CL:0000000,cell,hematopoietic cell,CL:0000988,hematopoietic cell,leukocyte,CL:0000738,leukocyte,mononuclear leukocyte,CL:0000842,mononuclear leukocyte,lymphocyte,CL:0000542,lymphocyte,T cell,CL:0000084,T cell,mature T cell,CL:0002419,mature T cell,mature alpha-beta T cell,CL:0000791,mature alpha-beta T cell,"CD8-positive, alpha-beta T cell",CL:0000625,"CD8-positive, alpha-beta T cell","CD8-positive, alpha-beta memory T cell",CL:0000909,"CD8-positive, alpha-beta memory T cell",,,,,,,vccf,sc_proteomics,
1013,cell,CL:0000000,cell,endothelial cell,CL:0000115,endothelial cell,endothelial cell of vascular tree,CL:0002139,endothelial cell of vascular tree,,,,,,,,,,,,,,,,,,,,,,,,,,,,vccf,sc_proteomics,
1014,cell,CL:0000000,cell,precursor cell,CL:0011115,precursor cell,stem cell,CL:0000034,stem cell,multi fate stem cell,CL:0000048,multi fate stem cell,mesenchymal stem cell,CL:0000134,mesenchymal stem cell,mesenchymal stem cell of adipose tissue,CL:0002570,mesenchymal stem cell of adipose tissue,,,,,,,,,,,,,,,,,,,vccf,sc_proteomics,
1015,cell,CL:0000000,cell,hematopoietic cell,CL:0000988,hematopoietic cell,hematopoietic precursor cell,CL:0008001,hematopoietic precursor cell,hematopoietic oligopotent progenitor cell,CL:0002032,hematopoietic oligopotent progenitor cell,common myeloid progenitor,CL:0000049,common myeloid progenitor,,,,,,,,,,,,,,,,,,,,,,vccf,sc_proteomics,
1016,cell,CL:0000000,cell,neural cell,CL:0002319,neural cell,neuron associated cell,CL:0000095,neuron associated cell,glial cell,CL:0000125,glial cell,,,,,,,,,,,,,,,,,,,,,,,,,vccf,sc_proteomics,
1017,cell,CL:0000000,cell,hematopoietic cell,CL:0000988,hematopoietic cell,leukocyte,CL:0000738,leukocyte,mononuclear leukocyte,CL:0000842,mononuclear leukocyte,mononuclear phagocyte,CL:0000113,mononuclear phagocyte,dendritic cell,CL:0000451,dendritic cell,follicular dendritic cell,CL:0000442,follicular dendritic cell,,,,,,,,,,,,,,,,vccf,sc_proteomics,
1018,cell,CL:0000000,cell,hematopoietic cell,CL:0000988,hematopoietic cell,leukocyte,CL:0000738,leukocyte,mononuclear leukocyte,CL:0000842,mononuclear leukocyte,lymphocyte,CL:0000542,lymphocyte,T cell,CL:0000084,T cell,mature T cell,CL:0002419,mature T cell,mature alpha-beta T cell,CL:0000791,mature alpha-beta T cell,"CD4-positive, alpha-beta T cell",CL:0000624,"CD4-positive, alpha-beta T cell",,,,,,,,,,vccf,sc_proteomics,
1019,cell,CL:0000000,cell,hematopoietic cell,CL:0000988,hematopoietic cell,leukocyte,CL:0000738,leukocyte,mononuclear leukocyte,CL:0000842,mononuclear leukocyte,lymphocyte,CL:0000542,lymphocyte,T cell,CL:0000084,T cell,mature T cell,CL:0002419,mature T cell,mature alpha-beta T cell,CL:0000791,mature alpha-beta T cell,"CD8-positive, alpha-beta T cell",CL:0000625,"CD8-positive, alpha-beta T cell",,,,,,,,,,vccf,sc_proteomics,
1020,cell,CL:0000000,cell,hematopoietic cell,CL:0000988,hematopoietic cell,leukocyte,CL:0000738,leukocyte,mononuclear leukocyte,CL:0000842,mononuclear leukocyte,lymphocyte,CL:0000542,lymphocyte,lymphocyte of B lineage,CL:0000945,lymphocyte of B lineage,antibody secreting cell,CL:0000946,antibody secreting cell,plasma cell,CL:0000786,plasma cell,,,,,,,,,,,,,vccf,sc_proteomics,
1021,cell,CL:0000000,cell,hematopoietic cell,CL:0000988,hematopoietic cell,leukocyte,CL:0000738,leukocyte,mononuclear leukocyte,CL:0000842,mononuclear leukocyte,lymphocyte,CL:0000542,lymphocyte,T cell,CL:0000084,T cell,mature T cell,CL:0002419,mature T cell,mature alpha-beta T cell,CL:0000791,mature alpha-beta T cell,mature NK T cell,CL:0000814,mature NK T cell,,,,,,,,,,vccf,sc_proteomics,
1022,cell,CL:0000000,cell,hematopoietic cell,CL:0000988,hematopoietic cell,leukocyte,CL:0000738,leukocyte,mononuclear leukocyte,CL:0000842,mononuclear leukocyte,lymphocyte,CL:0000542,lymphocyte,T cell,CL:0000084,T cell,mature T cell,CL:0002419,mature T cell,naive T cell,CL:0000898,naive T cell,,,,,,,,,,,,,vccf,sc_proteomics,
1023,cell,CL:0000000,cell,endothelial cell,CL:0000115,endothelial cell,endothelial cell of vascular tree,CL:0002139,endothelial cell of vascular tree,blood vessel endothelial cell,CL:0000071,blood vessel endothelial cell,microvascular endothelial cell,CL:2000008,microvascular endothelial cell,capillary endothelial cell,CL:0002144,capillary endothelial cell,,,,,,,,,,,,,,,,,,,vccf,sc_proteomics,
1024,cell,CL:0000000,cell,neural cell,CL:0002319,neural cell,,,,,,,,,,,,,,,,,,,,,,,,,,,,,,,vccf,sc_proteomics,
1025,cell,CL:0000000,cell,hematopoietic cell,CL:0000988,hematopoietic cell,leukocyte,CL:0000738,leukocyte,mononuclear leukocyte,CL:0000842,mononuclear leukocyte,lymphocyte,CL:0000542,lymphocyte,T cell,CL:0000084,T cell,immature T cell,CL:0002420,immature T cell,thymocyte,CL:0000893,thymocyte,double negative thymocyte,CL:0002489,double negative thymocyte,,,,,,,,,,vccf,sc_proteomics,
1026,cell,CL:0000000,cell,hematopoietic cell,CL:0000988,hematopoietic cell,leukocyte,CL:0000738,leukocyte,myeloid leukocyte,CL:0000766,myeloid leukocyte,macrophage,CL:0000235,macrophage,lung macrophage,CL:1001603,lung macrophage,,,,,,,,,,,,,,,,,,,vccf,sc_proteomics,
1027,cell,CL:0000000,cell,mesenchymal cell,CL:0008019,mesenchymal cell,,,,,,,,,,,,,,,,,,,,,,,,,,,,,,,vccf,sc_proteomics,
1028,cell,CL:0000000,cell,connective tissue cell,CL:0002320,connective tissue cell,stromal cell,CL:0000499,stromal cell,fibroblast,CL:0000057,fibroblast,,,,,,,,,,,,,,,,,,,,,,,,,vccf,sc_proteomics,
1029,cell,CL:0000000,cell,hematopoietic cell,CL:0000988,hematopoietic cell,leukocyte,CL:0000738,leukocyte,myeloid leukocyte,CL:0000766,myeloid leukocyte,macrophage,CL:0000235,macrophage,lung macrophage,CL:1001603,lung macrophage,alveolar macrophage,CL:0000583,alveolar macrophage,,,,,,,,,,,,,,,,vccf,sc_proteomics,
1030,cell,CL:0000000,cell,connective tissue cell,CL:0002320,connective tissue cell,stromal cell,CL:0000499,stromal cell,fibroblast,CL:0000057,fibroblast,subepithelial intestinal fibroblast,CL:4052007,subepithelial intestinal fibroblast,crypt-top fibroblast,CL:4052009,crypt-top fibroblast,,,,,,,,,,,,,,,,,,,vccf,sc_proteomics,
1031,cell,CL:0000000,cell,hematopoietic cell,CL:0000988,hematopoietic cell,hematopoietic precursor cell,CL:0008001,hematopoietic precursor cell,hematopoietic lineage restricted progenitor cell,CL:0002031,hematopoietic lineage restricted progenitor cell,myeloid lineage restricted progenitor cell,CL:0000839,myeloid lineage restricted progenitor cell,erythroid progenitor cell,CL:0000038,erythroid progenitor cell,,,,,,,,,,,,,,,,,,,vccf,sc_proteomics,
1032,cell,CL:0000000,cell,hematopoietic cell,CL:0000988,hematopoietic cell,hematopoietic precursor cell,CL:0008001,hematopoietic precursor cell,hematopoietic oligopotent progenitor cell,CL:0002032,hematopoietic oligopotent progenitor cell,common lymphoid progenitor,CL:0000051,common lymphoid progenitor,,,,,,,,,,,,,,,,,,,,,,vccf,sc_proteomics,
1033,cell,CL:0000000,cell,hematopoietic cell,CL:0000988,hematopoietic cell,hematopoietic precursor cell,CL:0008001,hematopoietic precursor cell,hematopoietic oligopotent progenitor cell,CL:0002032,hematopoietic oligopotent progenitor cell,common lymphoid progenitor,CL:0000051,common lymphoid progenitor,CD7-positive lymphoid progenitor cell,CL:0001028,CD7-positive lymphoid progenitor cell,,,,,,,,,,,,,,,,,,,vccf,sc_proteomics,
1034,cell,CL:0000000,cell,endothelial cell,CL:0000115,endothelial cell,endothelial cell of vascular tree,CL:0002139,endothelial cell of vascular tree,endothelial cell of lymphatic vessel,CL:0002138,endothelial cell of lymphatic vessel,,,,,,,,,,,,,,,,,,,,,,,,,vccf,sc_proteomics,
1035,cell,CL:0000000,cell,hematopoietic cell,CL:0000988,hematopoietic cell,hematopoietic precursor cell,CL:0008001,hematopoietic precursor cell,,,,,,,,,,,,,,,,,,,,,,,,,,,,vccf,sc_proteomics,
1036,cell,CL:0000000,cell,neural cell,CL:0002319,neural cell,neuron,CL:0000540,neuron,efferent neuron,CL:0000527,efferent neuron,neuroendocrine cell,CL:0000165,neuroendocrine cell,,,,,,,,,,,,,,,,,,,,,,vccf,sc_proteomics,
1037,cell,CL:0000000,cell,epithelial cell,CL:0000066,epithelial cell,secretory epithelial cell,CL:1100001,secretory epithelial cell,enteroendocrine cell,CL:0000164,enteroendocrine cell,pancreatic endocrine cell,CL:0008024,pancreatic endocrine cell,type B pancreatic cell,CL:0000169,type B pancreatic cell,,,,,,,,,,,,,,,,,,,vccf,sc_proteomics,
1038,cell,CL:0000000,cell,connective tissue cell,CL:0002320,connective tissue cell,stromal cell,CL:0000499,stromal cell,,,,,,,,,,,,,,,,,,,,,,,,,,,,vccf,sc_proteomics,
1039,cell,CL:0000000,cell,epithelial cell,CL:0000066,epithelial cell,endo-epithelial cell,CL:0002076,endo-epithelial cell,epithelial cell of alimentary canal,CL:0002251,epithelial cell of alimentary canal,intestinal epithelial cell,CL:0002563,intestinal epithelial cell,paneth cell,CL:0000510,paneth cell,,,,,,,,,,,,,,,,,,,vccf,sc_proteomics,
1040,cell,CL:0000000,cell,hematopoietic cell,CL:0000988,hematopoietic cell,leukocyte,CL:0000738,leukocyte,mononuclear leukocyte,CL:0000842,mononuclear leukocyte,lymphocyte,CL:0000542,lymphocyte,lymphocyte of B lineage,CL:0000945,lymphocyte of B lineage,B cell,CL:0000236,B cell,"B cell, CD19-positive",CL:0001201,"B cell, CD19-positive",mature B cell,CL:0000785,mature B cell,memory B cell,CL:0000787,memory B cell,,,,,,,vccf,sc_proteomics,
1041,cell,CL:0000000,cell,hematopoietic cell,CL:0000988,hematopoietic cell,leukocyte,CL:0000738,leukocyte,mononuclear leukocyte,CL:0000842,mononuclear leukocyte,lymphocyte,CL:0000542,lymphocyte,innate lymphoid cell,CL:0001065,innate lymphoid cell,,,,,,,,,,,,,,,,,,,vccf,sc_proteomics,
1042,cell,CL:0000000,cell,epithelial cell,CL:0000066,epithelial cell,endo-epithelial cell,CL:0002076,endo-epithelial cell,respiratory tract epithelial cell,CL:0002368,respiratory tract epithelial cell,epithelial cell of lower respiratory tract,CL:0002632,epithelial cell of lower respiratory tract,epithelial cell of lung,CL:0000082,epithelial cell of lung,pulmonary alveolar epithelial cell,CL:0000322,pulmonary alveolar epithelial cell,pulmonary alveolar type 1 cell,CL:0002062,pulmonary alveolar type 1 cell,,,,,,,,,,,,,vccf,sc_proteomics,
1043,cell,CL:0000000,cell,epithelial cell,CL:0000066,epithelial cell,secretory epithelial cell,CL:1100001,secretory epithelial cell,glandular secretory epithelial cell,CL:0000150,glandular secretory epithelial cell,salivary gland glandular cell,CL:1001596,salivary gland glandular cell,acinar cell of salivary gland,CL:0002623,acinar cell of salivary gland,,,,,,,,,,,,,,,,,,,vccf,sc_proteomics,
1044,cell,CL:0000000,cell,precursor cell,CL:0011115,precursor cell,stem cell,CL:0000034,stem cell,multi fate stem cell,CL:0000048,multi fate stem cell,mesenchymal stem cell,CL:0000134,mesenchymal stem cell,,,,,,,,,,,,,,,,,,,,,,vccf,sc_proteomics,
1045,cell,CL:0000000,cell,muscle cell,CL:0000187,muscle cell,,,,,,,,,,,,,,,,,,,,,,,,,,,,,,,vccf,sc_proteomics,
1046,cell,CL:0000000,cell,hematopoietic cell,CL:0000988,hematopoietic cell,leukocyte,CL:0000738,leukocyte,myeloid leukocyte,CL:0000766,myeloid leukocyte,macrophage,CL:0000235,macrophage,,,,,,,,,,,,,,,,,,,,,,vccf,sc_proteomics,
1047,cell,CL:0000000,cell,epithelial cell,CL:0000066,epithelial cell,columnar/cuboidal epithelial cell,CL:0000075,columnar/cuboidal epithelial cell,neurecto-epithelial cell,CL:0000710,neurecto-epithelial cell,,,,,,,,,,,,,,,,,,,,,,,,,vccf,sc_proteomics,
1048,cell,CL:0000000,cell,hematopoietic cell,CL:0000988,hematopoietic cell,leukocyte,CL:0000738,leukocyte,myeloid leukocyte,CL:0000766,myeloid leukocyte,,,,,,,,,,,,,,,,,,,,,,,,,vccf,sc_proteomics,
1049,cell,CL:0000000,cell,hematopoietic cell,CL:0000988,hematopoietic cell,leukocyte,CL:0000738,leukocyte,mononuclear leukocyte,CL:0000842,mononuclear leukocyte,lymphocyte,CL:0000542,lymphocyte,T cell,CL:0000084,T cell,mature T cell,CL:0002419,mature T cell,mature alpha-beta T cell,CL:0000791,mature alpha-beta T cell,"CD4-positive, alpha-beta T cell",CL:0000624,"CD4-positive, alpha-beta T cell","CD4-positive, alpha-beta memory T cell",CL:0000897,"CD4-positive, alpha-beta memory T cell",,,,,,,vccf,sc_proteomics,
1050,cell,CL:0000000,cell,hematopoietic cell,CL:0000988,hematopoietic cell,leukocyte,CL:0000738,leukocyte,mononuclear leukocyte,CL:0000842,mononuclear leukocyte,mononuclear phagocyte,CL:0000113,mononuclear phagocyte,dendritic cell,CL:0000451,dendritic cell,conventional dendritic cell,CL:0000990,conventional dendritic cell,CD11b-positive dendritic cell,CL:0002465,CD11b-positive dendritic cell,,,,,,,,,,,,,vccf,sc_proteomics,
1051,cell,CL:0000000,cell,connective tissue cell,CL:0002320,connective tissue cell,adipocyte,CL:0000136,adipocyte,,,,,,,,,,,,,,,,,,,,,,,,,,,,vccf,sc_proteomics,
1052,cell,CL:0000000,cell,hematopoietic cell,CL:0000988,hematopoietic cell,myeloid cell,CL:0000763,myeloid cell,,,,,,,,,,,,,,,,,,,,,,,,,,,,vccf,sc_proteomics,
1053,cell,CL:0000000,cell,hematopoietic cell,CL:0000988,hematopoietic cell,leukocyte,CL:0000738,leukocyte,mononuclear leukocyte,CL:0000842,mononuclear leukocyte,lymphocyte,CL:0000542,lymphocyte,T cell,CL:0000084,T cell,mature T cell,CL:0002419,mature T cell,mature alpha-beta T cell,CL:0000791,mature alpha-beta T cell,"CD8-positive, alpha-beta T cell",CL:0000625,"CD8-positive, alpha-beta T cell","CD8-positive, alpha-beta regulatory T cell",CL:0000795,"CD8-positive, alpha-beta regulatory T cell",,,,,,,vccf,sc_proteomics,
1054,cell,CL:0000000,cell,hematopoietic cell,CL:0000988,hematopoietic cell,hematopoietic precursor cell,CL:0008001,hematopoietic precursor cell,hematopoietic lineage restricted progenitor cell,CL:0002031,hematopoietic lineage restricted progenitor cell,myeloid lineage restricted progenitor cell,CL:0000839,myeloid lineage restricted progenitor cell,,,,,,,,,,,,,,,,,,,,,,vccf,sc_proteomics,
1055,cell,CL:0000000,cell,hematopoietic cell,CL:0000988,hematopoietic cell,leukocyte,CL:0000738,leukocyte,myeloid leukocyte,CL:0000766,myeloid leukocyte,monocyte,CL:0000576,monocyte,non-classical monocyte,CL:0000875,non-classical monocyte,,,,,,,,,,,,,,,,,,,vccf,sc_proteomics,
1056,cell,CL:0000000,cell,hematopoietic cell,CL:0000988,hematopoietic cell,leukocyte,CL:0000738,leukocyte,myeloid leukocyte,CL:0000766,myeloid leukocyte,macrophage,CL:0000235,macrophage,lung macrophage,CL:1001603,lung macrophage,lung interstitial macrophage,CL:4033043,lung interstitial macrophage,,,,,,,,,,,,,,,,vccf,sc_proteomics,
1057,cell,CL:0000000,cell,,,,,,,,,,,,,,,,,,,,,,,,,,,,,,,,,,vccf,sc_proteomics,
1058,cell,CL:0000000,cell,muscle cell,CL:0000187,muscle cell,non-striated muscle cell,CL:0008000,non-striated muscle cell,smooth muscle cell,CL:0000192,smooth muscle cell,,,,,,,,,,,,,,,,,,,,,,,,,vccf,sc_proteomics,
1059,cell,CL:0000000,cell,hematopoietic cell,CL:0000988,hematopoietic cell,leukocyte,CL:0000738,leukocyte,mononuclear leukocyte,CL:0000842,mononuclear leukocyte,lymphocyte,CL:0000542,lymphocyte,innate lymphoid cell,CL:0001065,innate lymphoid cell,group 1 innate lymphoid cell,CL:0001067,group 1 innate lymphoid cell,natural killer cell,CL:0000623,natural killer cell,,,,,,,,,,,,,vccf,sc_proteomics,
1060,cell,CL:0000000,cell,hematopoietic cell,CL:0000988,hematopoietic cell,myeloid cell,CL:0000763,myeloid cell,megakaryocyte,CL:0000556,megakaryocyte,,,,,,,,,,,,,,,,,,,,,,,,,vccf,sc_proteomics,
1061,cell,CL:0000000,cell,hematopoietic cell,CL:0000988,hematopoietic cell,leukocyte,CL:0000738,leukocyte,myeloid leukocyte,CL:0000766,myeloid leukocyte,monocyte,CL:0000576,monocyte,,,,,,,,,,,,,,,,,,,,,,vccf,sc_proteomics,
1062,cell,CL:0000000,cell,hematopoietic cell,CL:0000988,hematopoietic cell,leukocyte,CL:0000738,leukocyte,,,,,,,,,,,,,,,,,,,,,,,,,,,,vccf,sc_proteomics,
1063,cell,CL:0000000,cell,hematopoietic cell,CL:0000988,hematopoietic cell,myeloid cell,CL:0000763,myeloid cell,erythroid lineage cell,CL:0000764,erythroid lineage cell,,,,,,,,,,,,,,,,,,,,,,,,,vccf,sc_proteomics,
1064,cell,CL:0000000,cell,hematopoietic cell,CL:0000988,hematopoietic cell,leukocyte,CL:0000738,leukocyte,mononuclear leukocyte,CL:0000842,mononuclear leukocyte,lymphocyte,CL:0000542,lymphocyte,lymphocyte of B lineage,CL:0000945,lymphocyte of B lineage,B cell,CL:0000236,B cell,"B cell, CD19-positive",CL:0001201,"B cell, CD19-positive",mature B cell,CL:0000785,mature B cell,naive B cell,CL:0000788,naive B cell,,,,,,,vccf,sc_proteomics,
1065,cell,CL:0000000,cell,hematopoietic cell,CL:0000988,hematopoietic cell,hematopoietic precursor cell,CL:0008001,hematopoietic precursor cell,hematopoietic multipotent progenitor cell,CL:0000837,hematopoietic multipotent progenitor cell,,,,,,,,,,,,,,,,,,,,,,,,,vccf,sc_proteomics,
1066,cell,CL:0000000,cell,hematopoietic cell,CL:0000988,hematopoietic cell,leukocyte,CL:0000738,leukocyte,mononuclear leukocyte,CL:0000842,mononuclear leukocyte,lymphocyte,CL:0000542,lymphocyte,T cell,CL:0000084,T cell,mature T cell,CL:0002419,mature T cell,mature alpha-beta T cell,CL:0000791,mature alpha-beta T cell,"CD8-positive, alpha-beta T cell",CL:0000625,"CD8-positive, alpha-beta T cell","CD8-positive, alpha-beta memory T cell",CL:0000909,"CD8-positive, alpha-beta memory T cell","CD8-positive, alpha-beta memory T cell, CD45RO-positive",CL:0001203,"CD8-positive, alpha-beta memory T cell, CD45RO-positive","effector memory CD8-positive, alpha-beta T cell",CL:0000913,"effector memory CD8-positive, alpha-beta T cell",vccf,sc_proteomics,
1068,cell,CL:0000000,cell,hematopoietic cell,CL:0000988,hematopoietic cell,leukocyte,CL:0000738,leukocyte,mononuclear leukocyte,CL:0000842,mononuclear leukocyte,lymphocyte,CL:0000542,lymphocyte,T cell,CL:0000084,T cell,mature T cell,CL:0002419,mature T cell,mature alpha-beta T cell,CL:0000791,mature alpha-beta T cell,"CD4-positive, alpha-beta T cell",CL:0000624,"CD4-positive, alpha-beta T cell",CD4-positive helper T cell,CL:0000492,CD4-positive helper T cell,T follicular helper cell,CL:0002038,T follicular helper cell,,,,vccf,sc_proteomics,
1069,cell,CL:0000000,cell,epithelial cell,CL:0000066,epithelial cell,endo-epithelial cell,CL:0002076,endo-epithelial cell,respiratory tract epithelial cell,CL:0002368,respiratory tract epithelial cell,epithelial cell of lower respiratory tract,CL:0002632,epithelial cell of lower respiratory tract,epithelial cell of tracheobronchial tree,CL:0002202,epithelial cell of tracheobronchial tree,basal epithelial cell of tracheobronchial tree,CL:0002329,basal epithelial cell of tracheobronchial tree,,,,,,,,,,,,,,,,vccf,sc_proteomics,
1070,cell,CL:0000000,cell,epithelial cell,CL:0000066,epithelial cell,tuft cell,CL:0002204,tuft cell,intestinal tuft cell,CL:0019032,intestinal tuft cell,,,,,,,,,,,,,,,,,,,,,,,,,vccf,sc_proteomics,
1071,cell,CL:0000000,cell,hematopoietic cell,CL:0000988,hematopoietic cell,leukocyte,CL:0000738,leukocyte,mononuclear leukocyte,CL:0000842,mononuclear leukocyte,lymphocyte,CL:0000542,lymphocyte,T cell,CL:0000084,T cell,mature T cell,CL:0002419,mature T cell,mature alpha-beta T cell,CL:0000791,mature alpha-beta T cell,"CD4-positive, alpha-beta T cell",CL:0000624,"CD4-positive, alpha-beta T cell","CD4-positive, alpha-beta memory T cell",CL:0000897,"CD4-positive, alpha-beta memory T cell","lung resident memory CD4-positive, alpha-beta T cell",CL:4033038,"lung resident memory CD4-positive, alpha-beta T cell",,,,vccf,sc_proteomics,
1072,cell,CL:0000000,cell,hematopoietic cell,CL:0000988,hematopoietic cell,leukocyte,CL:0000738,leukocyte,mononuclear leukocyte,CL:0000842,mononuclear leukocyte,lymphocyte,CL:0000542,lymphocyte,lymphocyte of B lineage,CL:0000945,lymphocyte of B lineage,B cell,CL:0000236,B cell,,,,,,,,,,,,,,,,vccf,sc_proteomics,
1073,cell,CL:0000000,cell,hematopoietic cell,CL:0000988,hematopoietic cell,hematopoietic precursor cell,CL:0008001,hematopoietic precursor cell,hematopoietic oligopotent progenitor cell,CL:0002032,hematopoietic oligopotent progenitor cell,"hematopoietic oligopotent progenitor cell, lineage-negative",CL:0001060,"hematopoietic oligopotent progenitor cell, lineage-negative",CD7-negative lymphoid progenitor OR granulocyte monocyte progenitor,CL:0001012,CD7-negative lymphoid progenitor OR granulocyte monocyte progenitor,granulocyte monocyte progenitor cell,CL:0000557,granulocyte monocyte progenitor cell,,,,,,,,,,,,,,,,vccf,sc_proteomics,
1074,cell,CL:0000000,cell,hematopoietic cell,CL:0000988,hematopoietic cell,leukocyte,CL:0000738,leukocyte,mononuclear leukocyte,CL:0000842,mononuclear leukocyte,lymphocyte,CL:0000542,lymphocyte,lymphocyte of B lineage,CL:0000945,lymphocyte of B lineage,B cell,CL:0000236,B cell,"B cell, CD19-positive",CL:0001201,"B cell, CD19-positive",immature B cell,CL:0000816,immature B cell,,,,,,,,,,vccf,sc_proteomics,
1075,cell,CL:0000000,cell,hematopoietic cell,CL:0000988,hematopoietic cell,leukocyte,CL:0000738,leukocyte,mononuclear leukocyte,CL:0000842,mononuclear leukocyte,lymphocyte,CL:0000542,lymphocyte,lymphocyte of B lineage,CL:0000945,lymphocyte of B lineage,B cell,CL:0000236,B cell,"B cell, CD19-positive",CL:0001201,"B cell, CD19-positive",mature B cell,CL:0000785,mature B cell,germinal center B cell,CL:0000844,germinal center B cell,,,,,,,vccf,sc_proteomics,
1076,cell,CL:0000000,cell,epithelial cell,CL:0000066,epithelial cell,secretory epithelial cell,CL:1100001,secretory epithelial cell,glandular secretory epithelial cell,CL:0000150,glandular secretory epithelial cell,glandular cell of esophagus,CL:0002657,glandular cell of esophagus,,,,,,,,,,,,,,,,,,,,,,vccf,sc_proteomics,
1077,cell,CL:0000000,cell,epithelial cell,CL:0000066,epithelial cell,squamous epithelial cell,CL:0000076,squamous epithelial cell,,,,,,,,,,,,,,,,,,,,,,,,,,,,vccf,sc_proteomics,
1078,cell,CL:0000000,cell,hematopoietic cell,CL:0000988,hematopoietic cell,leukocyte,CL:0000738,leukocyte,mononuclear leukocyte,CL:0000842,mononuclear leukocyte,mononuclear phagocyte,CL:0000113,mononuclear phagocyte,dendritic cell,CL:0000451,dendritic cell,conventional dendritic cell,CL:0000990,conventional dendritic cell,Langerhans cell,CL:0000453,Langerhans cell,,,,,,,,,,,,,vccf,sc_proteomics,
1079,cell,CL:0000000,cell,hematopoietic cell,CL:0000988,hematopoietic cell,leukocyte,CL:0000738,leukocyte,mononuclear leukocyte,CL:0000842,mononuclear leukocyte,mononuclear phagocyte,CL:0000113,mononuclear phagocyte,dendritic cell,CL:0000451,dendritic cell,plasmacytoid dendritic cell,CL:0000784,plasmacytoid dendritic cell,,,,,,,,,,,,,,,,vccf,sc_proteomics,
1080,cell,CL:0000000,cell,hematopoietic cell,CL:0000988,hematopoietic cell,leukocyte,CL:0000738,leukocyte,mononuclear leukocyte,CL:0000842,mononuclear leukocyte,lymphocyte,CL:0000542,lymphocyte,T cell,CL:0000084,T cell,immature T cell,CL:0002420,immature T cell,thymocyte,CL:0000893,thymocyte,"double-positive, alpha-beta thymocyte",CL:0000809,"double-positive, alpha-beta thymocyte",,,,,,,,,,vccf,sc_proteomics,
1081,cell,CL:0000000,cell,hematopoietic cell,CL:0000988,hematopoietic cell,leukocyte,CL:0000738,leukocyte,myeloid leukocyte,CL:0000766,myeloid leukocyte,macrophage,CL:0000235,macrophage,elicited macrophage,CL:0000861,elicited macrophage,M1 macrophage,CL:0000863,M1 macrophage,,,,,,,,,,,,,,,,vccf,sc_proteomics,
1082,cell,CL:0000000,cell,hematopoietic cell,CL:0000988,hematopoietic cell,leukocyte,CL:0000738,leukocyte,mononuclear leukocyte,CL:0000842,mononuclear leukocyte,mononuclear phagocyte,CL:0000113,mononuclear phagocyte,dendritic cell,CL:0000451,dendritic cell,conventional dendritic cell,CL:0000990,conventional dendritic cell,myeloid dendritic cell,CL:0000782,myeloid dendritic cell,CD1c-positive myeloid dendritic cell,CL:0002399,CD1c-positive myeloid dendritic cell,,,,,,,,,,vccf,sc_proteomics,
1083,cell,CL:0000000,cell,muscle cell,CL:0000187,muscle cell,non-striated muscle cell,CL:0008000,non-striated muscle cell,smooth muscle cell,CL:0000192,smooth muscle cell,smooth muscle cell of the esophagus,CL:0002599,smooth muscle cell of the esophagus,,,,,,,,,,,,,,,,,,,,,,vccf,sc_proteomics,
1084,cell,CL:0000000,cell,epithelial cell,CL:0000066,epithelial cell,secretory epithelial cell,CL:1100001,secretory epithelial cell,,,,,,,,,,,,,,,,,,,,,,,,,,,,vccf,sc_proteomics,
1085,cell,CL:0000000,cell,hematopoietic cell,CL:0000988,hematopoietic cell,leukocyte,CL:0000738,leukocyte,mononuclear leukocyte,CL:0000842,mononuclear leukocyte,lymphocyte,CL:0000542,lymphocyte,T cell,CL:0000084,T cell,mature T cell,CL:0002419,mature T cell,mature alpha-beta T cell,CL:0000791,mature alpha-beta T cell,"CD8-positive, alpha-beta T cell",CL:0000625,"CD8-positive, alpha-beta T cell","CD8-positive, alpha-beta memory T cell",CL:0000909,"CD8-positive, alpha-beta memory T cell","lung resident memory CD8-positive, alpha-beta T cell",CL:4033039,"lung resident memory CD8-positive, alpha-beta T cell",,,,vccf,sc_proteomics,
1086,cell,CL:0000000,cell,muscle cell,CL:0000187,muscle cell,striated muscle cell,CL:0000737,striated muscle cell,myotube,CL:0002372,myotube,skeletal muscle fiber,CL:0008002,skeletal muscle fiber,,,,,,,,,,,,,,,,,,,,,,vccf,sc_proteomics,
1087,cell,CL:0000000,cell,epithelial cell,CL:0000066,epithelial cell,,,,,,,,,,,,,,,,,,,,,,,,,,,,,,,vccf,sc_proteomics,
1088,cell,CL:0000000,cell,epithelial cell,CL:0000066,epithelial cell,secretory epithelial cell,CL:1100001,secretory epithelial cell,goblet cell,CL:0000160,goblet cell,,,,,,,,,,,,,,,,,,,,,,,,,vccf,sc_proteomics,
1089,cell,CL:0000000,cell,precursor cell,CL:0011115,precursor cell,progenitor cell,CL:0011026,progenitor cell,erythroblast,CL:0000765,erythroblast,basophilic erythroblast,CL:0000549,basophilic erythroblast,,,,,,,,,,,,,,,,,,,,,,vccf,sc_proteomics,
1090,cell,CL:0000000,cell,hematopoietic cell,CL:0000988,hematopoietic cell,leukocyte,CL:0000738,leukocyte,mononuclear leukocyte,CL:0000842,mononuclear leukocyte,lymphocyte,CL:0000542,lymphocyte,T cell,CL:0000084,T cell,mature T cell,CL:0002419,mature T cell,regulatory T cell,CL:0000815,regulatory T cell,,,,,,,,,,,,,vccf,sc_proteomics,
1091,cell,CL:0000000,cell,hematopoietic cell,CL:0000988,hematopoietic cell,leukocyte,CL:0000738,leukocyte,mononuclear leukocyte,CL:0000842,mononuclear leukocyte,lymphocyte,CL:0000542,lymphocyte,lymphocyte of B lineage,CL:0000945,lymphocyte of B lineage,B cell,CL:0000236,B cell,"B cell, CD19-positive",CL:0001201,"B cell, CD19-positive",mature B cell,CL:0000785,mature B cell,B-2 B cell,CL:0000822,B-2 B cell,follicular B cell,CL:0000843,follicular B cell,,,,vccf,sc_proteomics,
1092,cell,CL:0000000,cell,epithelial cell,CL:0000066,epithelial cell,columnar/cuboidal epithelial cell,CL:0000075,columnar/cuboidal epithelial cell,neurecto-epithelial cell,CL:0000710,neurecto-epithelial cell,interstitial cell of Cajal,CL:0002088,interstitial cell of Cajal,,,,,,,,,,,,,,,,,,,,,,vccf,sc_proteomics,
1093,cell,CL:0000000,cell,hematopoietic cell,CL:0000988,hematopoietic cell,leukocyte,CL:0000738,leukocyte,mononuclear leukocyte,CL:0000842,mononuclear leukocyte,mononuclear phagocyte,CL:0000113,mononuclear phagocyte,dendritic cell,CL:0000451,dendritic cell,conventional dendritic cell,CL:0000990,conventional dendritic cell,myeloid dendritic cell,CL:0000782,myeloid dendritic cell,CD141-positive myeloid dendritic cell,CL:0002394,CD141-positive myeloid dendritic cell,,,,,,,,,,vccf,sc_proteomics,
1094,cell,CL:0000000,cell,epithelial cell,CL:0000066,epithelial cell,columnar/cuboidal epithelial cell,CL:0000075,columnar/cuboidal epithelial cell,brush border epithelial cell,CL:0000239,brush border epithelial cell,enterocyte,CL:0000584,enterocyte,enterocyte of epithelium of small intestine,CL:1000334,enterocyte of epithelium of small intestine,enterocyte of epithelium of intestinal villus,CL:1000335,enterocyte of epithelium of intestinal villus,CD57-positive enterocyte,CL:4033092,CD57-positive enterocyte,,,,,,,,,,,,,vccf,sc_proteomics,
1095,cell,CL:0000000,cell,endothelial cell,CL:0000115,endothelial cell,,,,,,,,,,,,,,,,,,,,,,,,,,,,,,,vccf,sc_proteomics,
1096,cell,CL:0000000,cell,epithelial cell,CL:0000066,epithelial cell,secretory epithelial cell,CL:1100001,secretory epithelial cell,glandular secretory epithelial cell,CL:0000150,glandular secretory epithelial cell,,,,,,,,,,,,,,,,,,,,,,,,,vccf,sc_proteomics,
1097,cell,CL:0000000,cell,hematopoietic cell,CL:0000988,hematopoietic cell,leukocyte,CL:0000738,leukocyte,mononuclear leukocyte,CL:0000842,mononuclear leukocyte,lymphocyte,CL:0000542,lymphocyte,T cell,CL:0000084,T cell,mature T cell,CL:0002419,mature T cell,memory T cell,CL:0000813,memory T cell,,,,,,,,,,,,,vccf,sc_proteomics,
1098,cell,CL:0000000,cell,epithelial cell,CL:0000066,epithelial cell,meso-epithelial cell,CL:0002078,meso-epithelial cell,endosteal cell,CL:0002157,endosteal cell,,,,,,,,,,,,,,,,,,,,,,,,,vccf,sc_proteomics,
1099,cell,CL:0000000,cell,hematopoietic cell,CL:0000988,hematopoietic cell,leukocyte,CL:0000738,leukocyte,mononuclear leukocyte,CL:0000842,mononuclear leukocyte,lymphocyte,CL:0000542,lymphocyte,T cell,CL:0000084,T cell,immature T cell,CL:0002420,immature T cell,thymocyte,CL:0000893,thymocyte,"double-positive, alpha-beta thymocyte",CL:0000809,"double-positive, alpha-beta thymocyte","CD4-intermediate, CD8-positive double-positive thymocyte",CL:0002430,"CD4-intermediate, CD8-positive double-positive thymocyte",,,,,,,vccf,sc_proteomics,
1100,cell,CL:0000000,cell,neural cell,CL:0002319,neural cell,neuron associated cell,CL:0000095,neuron associated cell,glial cell,CL:0000125,glial cell,Schwann cell,CL:0002573,Schwann cell,,,,,,,,,,,,,,,,,,,,,,vccf,sc_proteomics,
1101,cell,CL:0000000,cell,epithelial cell,CL:0000066,epithelial cell,columnar/cuboidal epithelial cell,CL:0000075,columnar/cuboidal epithelial cell,brush border epithelial cell,CL:0000239,brush border epithelial cell,enterocyte,CL:0000584,enterocyte,BEST4+ enterocyte,CL:4030026,BEST4+ enterocyte,,,,,,,,,,,,,,,,,,,vccf,sc_proteomics,
1102,cell,CL:0000000,cell,hematopoietic cell,CL:0000988,hematopoietic cell,leukocyte,CL:0000738,leukocyte,mononuclear leukocyte,CL:0000842,mononuclear leukocyte,lymphocyte,CL:0000542,lymphocyte,lymphocyte of B lineage,CL:0000945,lymphocyte of B lineage,B cell,CL:0000236,B cell,cycling B cell,CL:4033068,cycling B cell,,,,,,,,,,,,,vccf,sc_proteomics,
1103,cell,CL:0000000,cell,precursor cell,CL:0011115,precursor cell,progenitor cell,CL:0011026,progenitor cell,,,,,,,,,,,,,,,,,,,,,,,,,,,,vccf,sc_proteomics,
1104,cell,CL:0000000,cell,precursor cell,CL:0011115,precursor cell,stem cell,CL:0000034,stem cell,,,,,,,,,,,,,,,,,,,,,,,,,,,,vccf,sc_proteomics,
1105,cell,CL:0000000,cell,epithelial cell,CL:0000066,epithelial cell,duct epithelial cell,CL:0000068,duct epithelial cell,,,,,,,,,,,,,,,,,,,,,,,,,,,,vccf,sc_proteomics,
1106,cell,CL:0000000,cell,epithelial cell,CL:0000066,epithelial cell,secretory epithelial cell,CL:1100001,secretory epithelial cell,enteroendocrine cell,CL:0000164,enteroendocrine cell,,,,,,,,,,,,,,,,,,,,,,,,,vccf,sc_proteomics,
1107,cell,CL:0000000,cell,epithelial cell,CL:0000066,epithelial cell,columnar/cuboidal epithelial cell,CL:0000075,columnar/cuboidal epithelial cell,myoepithelial cell,CL:0000185,myoepithelial cell,,,,,,,,,,,,,,,,,,,,,,,,,vccf,sc_proteomics,
1108,cell,CL:0000000,cell,connective tissue cell,CL:0002320,connective tissue cell,myofibroblast cell,CL:0000186,myofibroblast cell,,,,,,,,,,,,,,,,,,,,,,,,,,,,vccf,sc_proteomics,
1109,cell,CL:0000000,cell,hematopoietic cell,CL:0000988,hematopoietic cell,leukocyte,CL:0000738,leukocyte,myeloid leukocyte,CL:0000766,myeloid leukocyte,granulocyte,CL:0000094,granulocyte,neutrophil,CL:0000775,neutrophil,,,,,,,,,,,,,,,,,,,vccf,sc_proteomics,
1110,cell,CL:0000000,cell,hematopoietic cell,CL:0000988,hematopoietic cell,leukocyte,CL:0000738,leukocyte,mononuclear leukocyte,CL:0000842,mononuclear leukocyte,lymphocyte,CL:0000542,lymphocyte,T cell,CL:0000084,T cell,mature T cell,CL:0002419,mature T cell,naive T cell,CL:0000898,naive T cell,"naive thymus-derived CD4-positive, alpha-beta T cell",CL:0000895,"naive thymus-derived CD4-positive, alpha-beta T cell",,,,,,,,,,vccf,sc_proteomics,
1111,cell,CL:0000000,cell,epithelial cell,CL:0000066,epithelial cell,endo-epithelial cell,CL:0002076,endo-epithelial cell,respiratory tract epithelial cell,CL:0002368,respiratory tract epithelial cell,epithelial cell of lower respiratory tract,CL:0002632,epithelial cell of lower respiratory tract,epithelial cell of lung,CL:0000082,epithelial cell of lung,pulmonary alveolar epithelial cell,CL:0000322,pulmonary alveolar epithelial cell,pulmonary alveolar type 2 cell,CL:0002063,pulmonary alveolar type 2 cell,,,,,,,,,,,,,vccf,sc_proteomics,
1112,cell,CL:0000000,cell,endothelial cell,CL:0000115,endothelial cell,endothelial cell of vascular tree,CL:0002139,endothelial cell of vascular tree,blood vessel endothelial cell,CL:0000071,blood vessel endothelial cell,endothelial cell of sinusoid,CL:0002262,endothelial cell of sinusoid,,,,,,,,,,,,,,,,,,,,,,vccf,sc_proteomics,
1113,cell,CL:0000000,cell,hematopoietic cell,CL:0000988,hematopoietic cell,leukocyte,CL:0000738,leukocyte,myeloid leukocyte,CL:0000766,myeloid leukocyte,macrophage,CL:0000235,macrophage,tissue-resident macrophage,CL:0000864,tissue-resident macrophage,placental resident macrophage,CL:4033087,placental resident macrophage,Hofbauer cell,CL:3000001,Hofbauer cell,,,,,,,,,,,,,vccf,sc_proteomics,
1114,cell,CL:0000000,cell,epithelial cell,CL:0000066,epithelial cell,secretory epithelial cell,CL:1100001,secretory epithelial cell,glandular secretory epithelial cell,CL:0000150,glandular secretory epithelial cell,salivary gland glandular cell,CL:1001596,salivary gland glandular cell,acinar cell of salivary gland,CL:0002623,acinar cell of salivary gland,,,,,,,,,,,,,,,,,,,vccf-expert-slim-hierarchy,sc_proteomics,
1115,cell,CL:0000000,cell,epithelial cell,CL:0000066,epithelial cell,secretory epithelial cell,CL:1100001,secretory epithelial cell,glandular secretory epithelial cell,CL:0000150,glandular secretory epithelial cell,salivary gland glandular cell,CL:1001596,salivary gland glandular cell,acinar cell of salivary gland,CL:0002623,acinar cell of salivary gland,,,,,,,,,,,,,,,,,,,vccf-expert-slim-hierarchy,sc_proteomics,
1116,cell,CL:0000000,cell,connective tissue cell,CL:0002320,connective tissue cell,adipocyte,CL:0000136,adipocyte,,,,,,,,,,,,,,,,,,,,,,,,,,,,vccf-expert-slim-hierarchy,sc_proteomics,
1117,cell,CL:0000000,cell,connective tissue cell,CL:0002320,connective tissue cell,adipocyte,CL:0000136,adipocyte,,,,,,,,,,,,,,,,,,,,,,,,,,,,vccf-expert-slim-hierarchy,sc_proteomics,
1118,cell,CL:0000000,cell,connective tissue cell,CL:0002320,connective tissue cell,adipocyte,CL:0000136,adipocyte,,,,,,,,,,,,,,,,,,,,,,,,,,,,vccf-expert-slim-hierarchy,sc_proteomics,
1119,cell,CL:0000000,cell,hematopoietic cell,CL:0000988,hematopoietic cell,leukocyte,CL:0000738,leukocyte,mononuclear leukocyte,CL:0000842,mononuclear leukocyte,lymphocyte,CL:0000542,lymphocyte,lymphocyte of B lineage,CL:0000945,lymphocyte of B lineage,B cell,CL:0000236,B cell,,,,,,,,,,,,,,,,vccf-expert-slim-hierarchy,sc_proteomics,
1120,cell,CL:0000000,cell,hematopoietic cell,CL:0000988,hematopoietic cell,leukocyte,CL:0000738,leukocyte,mononuclear leukocyte,CL:0000842,mononuclear leukocyte,lymphocyte,CL:0000542,lymphocyte,lymphocyte of B lineage,CL:0000945,lymphocyte of B lineage,B cell,CL:0000236,B cell,,,,,,,,,,,,,,,,vccf-expert-slim-hierarchy,sc_proteomics,
1121,cell,CL:0000000,cell,hematopoietic cell,CL:0000988,hematopoietic cell,leukocyte,CL:0000738,leukocyte,mononuclear leukocyte,CL:0000842,mononuclear leukocyte,lymphocyte,CL:0000542,lymphocyte,lymphocyte of B lineage,CL:0000945,lymphocyte of B lineage,B cell,CL:0000236,B cell,,,,,,,,,,,,,,,,vccf-expert-slim-hierarchy,sc_proteomics,
1122,cell,CL:0000000,cell,hematopoietic cell,CL:0000988,hematopoietic cell,leukocyte,CL:0000738,leukocyte,mononuclear leukocyte,CL:0000842,mononuclear leukocyte,lymphocyte,CL:0000542,lymphocyte,lymphocyte of B lineage,CL:0000945,lymphocyte of B lineage,B cell,CL:0000236,B cell,,,,,,,,,,,,,,,,vccf-expert-slim-hierarchy,sc_proteomics,
1123,cell,CL:0000000,cell,hematopoietic cell,CL:0000988,hematopoietic cell,leukocyte,CL:0000738,leukocyte,mononuclear leukocyte,CL:0000842,mononuclear leukocyte,lymphocyte,CL:0000542,lymphocyte,lymphocyte of B lineage,CL:0000945,lymphocyte of B lineage,B cell,CL:0000236,B cell,,,,,,,,,,,,,,,,vccf-expert-slim-hierarchy,sc_proteomics,
1124,cell,CL:0000000,cell,hematopoietic cell,CL:0000988,hematopoietic cell,leukocyte,CL:0000738,leukocyte,mononuclear leukocyte,CL:0000842,mononuclear leukocyte,lymphocyte,CL:0000542,lymphocyte,lymphocyte of B lineage,CL:0000945,lymphocyte of B lineage,B cell,CL:0000236,B cell,,,,,,,,,,,,,,,,vccf-expert-slim-hierarchy,sc_proteomics,
1125,cell,CL:0000000,cell,hematopoietic cell,CL:0000988,hematopoietic cell,leukocyte,CL:0000738,leukocyte,mononuclear leukocyte,CL:0000842,mononuclear leukocyte,lymphocyte,CL:0000542,lymphocyte,lymphocyte of B lineage,CL:0000945,lymphocyte of B lineage,B cell,CL:0000236,B cell,,,,,,,,,,,,,,,,vccf-expert-slim-hierarchy,sc_proteomics,
1126,cell,CL:0000000,cell,hematopoietic cell,CL:0000988,hematopoietic cell,leukocyte,CL:0000738,leukocyte,mononuclear leukocyte,CL:0000842,mononuclear leukocyte,lymphocyte,CL:0000542,lymphocyte,lymphocyte of B lineage,CL:0000945,lymphocyte of B lineage,B cell,CL:0000236,B cell,,,,,,,,,,,,,,,,vccf-expert-slim-hierarchy,sc_proteomics,
1127,cell,CL:0000000,cell,hematopoietic cell,CL:0000988,hematopoietic cell,leukocyte,CL:0000738,leukocyte,mononuclear leukocyte,CL:0000842,mononuclear leukocyte,lymphocyte,CL:0000542,lymphocyte,lymphocyte of B lineage,CL:0000945,lymphocyte of B lineage,B cell,CL:0000236,B cell,,,,,,,,,,,,,,,,vccf-expert-slim-hierarchy,sc_proteomics,
1128,cell,CL:0000000,cell,hematopoietic cell,CL:0000988,hematopoietic cell,leukocyte,CL:0000738,leukocyte,mononuclear leukocyte,CL:0000842,mononuclear leukocyte,lymphocyte,CL:0000542,lymphocyte,lymphocyte of B lineage,CL:0000945,lymphocyte of B lineage,B cell,CL:0000236,B cell,B cell:activated,CL:0000236,B cell:activated,,,,,,,,,,,,,vccf-expert-slim-hierarchy,sc_proteomics,
1129,cell,CL:0000000,cell,hematopoietic cell,CL:0000988,hematopoietic cell,leukocyte,CL:0000738,leukocyte,mononuclear leukocyte,CL:0000842,mononuclear leukocyte,lymphocyte,CL:0000542,lymphocyte,lymphocyte of B lineage,CL:0000945,lymphocyte of B lineage,B cell,CL:0000236,B cell,"B cell, CD19-positive",CL:0001201,"B cell, CD19-positive",mature B cell,CL:0000785,mature B cell,B-2 B cell,CL:0000822,B-2 B cell,follicular B cell,CL:0000843,follicular B cell,,,,vccf-expert-slim-hierarchy,sc_proteomics,
1130,cell,CL:0000000,cell,hematopoietic cell,CL:0000988,hematopoietic cell,leukocyte,CL:0000738,leukocyte,mononuclear leukocyte,CL:0000842,mononuclear leukocyte,lymphocyte,CL:0000542,lymphocyte,lymphocyte of B lineage,CL:0000945,lymphocyte of B lineage,B cell,CL:0000236,B cell,"B cell, CD19-positive",CL:0001201,"B cell, CD19-positive",mature B cell,CL:0000785,mature B cell,germinal center B cell,CL:0000844,germinal center B cell,,,,,,,vccf-expert-slim-hierarchy,sc_proteomics,
1131,cell,CL:0000000,cell,hematopoietic cell,CL:0000988,hematopoietic cell,leukocyte,CL:0000738,leukocyte,mononuclear leukocyte,CL:0000842,mononuclear leukocyte,lymphocyte,CL:0000542,lymphocyte,lymphocyte of B lineage,CL:0000945,lymphocyte of B lineage,B cell,CL:0000236,B cell,"B cell, CD19-positive",CL:0001201,"B cell, CD19-positive",mature B cell,CL:0000785,mature B cell,germinal center B cell,CL:0000844,germinal center B cell,,,,,,,vccf-expert-slim-hierarchy,sc_proteomics,
1132,cell,CL:0000000,cell,hematopoietic cell,CL:0000988,hematopoietic cell,leukocyte,CL:0000738,leukocyte,mononuclear leukocyte,CL:0000842,mononuclear leukocyte,lymphocyte,CL:0000542,lymphocyte,lymphocyte of B lineage,CL:0000945,lymphocyte of B lineage,B cell,CL:0000236,B cell,"B cell, CD19-positive",CL:0001201,"B cell, CD19-positive",mature B cell,CL:0000785,mature B cell,germinal center B cell,CL:0000844,germinal center B cell,,,,,,,vccf-expert-slim-hierarchy,sc_proteomics,
1133,cell,CL:0000000,cell,hematopoietic cell,CL:0000988,hematopoietic cell,leukocyte,CL:0000738,leukocyte,mononuclear leukocyte,CL:0000842,mononuclear leukocyte,lymphocyte,CL:0000542,lymphocyte,lymphocyte of B lineage,CL:0000945,lymphocyte of B lineage,B cell,CL:0000236,B cell,"B cell, CD19-positive",CL:0001201,"B cell, CD19-positive",immature B cell,CL:0000816,immature B cell,,,,,,,,,,vccf-expert-slim-hierarchy,sc_proteomics,
1134,cell,CL:0000000,cell,hematopoietic cell,CL:0000988,hematopoietic cell,leukocyte,CL:0000738,leukocyte,mononuclear leukocyte,CL:0000842,mononuclear leukocyte,lymphocyte,CL:0000542,lymphocyte,lymphocyte of B lineage,CL:0000945,lymphocyte of B lineage,B cell,CL:0000236,B cell,B cell:interferon-stimulated,CL:0000236,B cell:interferon-stimulated,,,,,,,,,,,,,vccf-expert-slim-hierarchy,sc_proteomics,
1135,cell,CL:0000000,cell,hematopoietic cell,CL:0000988,hematopoietic cell,leukocyte,CL:0000738,leukocyte,mononuclear leukocyte,CL:0000842,mononuclear leukocyte,lymphocyte,CL:0000542,lymphocyte,lymphocyte of B lineage,CL:0000945,lymphocyte of B lineage,B cell,CL:0000236,B cell,"B cell, CD19-positive",CL:0001201,"B cell, CD19-positive",mature B cell,CL:0000785,mature B cell,memory B cell,CL:0000787,memory B cell,,,,,,,vccf-expert-slim-hierarchy,sc_proteomics,
1136,cell,CL:0000000,cell,hematopoietic cell,CL:0000988,hematopoietic cell,leukocyte,CL:0000738,leukocyte,mononuclear leukocyte,CL:0000842,mononuclear leukocyte,lymphocyte,CL:0000542,lymphocyte,lymphocyte of B lineage,CL:0000945,lymphocyte of B lineage,B cell,CL:0000236,B cell,"B cell, CD19-positive",CL:0001201,"B cell, CD19-positive",mature B cell,CL:0000785,mature B cell,memory B cell,CL:0000787,memory B cell,,,,,,,vccf-expert-slim-hierarchy,sc_proteomics,
1137,cell,CL:0000000,cell,hematopoietic cell,CL:0000988,hematopoietic cell,leukocyte,CL:0000738,leukocyte,mononuclear leukocyte,CL:0000842,mononuclear leukocyte,lymphocyte,CL:0000542,lymphocyte,lymphocyte of B lineage,CL:0000945,lymphocyte of B lineage,B cell,CL:0000236,B cell,"B cell, CD19-positive",CL:0001201,"B cell, CD19-positive",mature B cell,CL:0000785,mature B cell,naive B cell,CL:0000788,naive B cell,,,,,,,vccf-expert-slim-hierarchy,sc_proteomics,
1138,cell,CL:0000000,cell,hematopoietic cell,CL:0000988,hematopoietic cell,leukocyte,CL:0000738,leukocyte,mononuclear leukocyte,CL:0000842,mononuclear leukocyte,lymphocyte,CL:0000542,lymphocyte,lymphocyte of B lineage,CL:0000945,lymphocyte of B lineage,B cell,CL:0000236,B cell,"B cell, CD19-positive",CL:0001201,"B cell, CD19-positive",mature B cell,CL:0000785,mature B cell,naive B cell,CL:0000788,naive B cell,,,,,,,vccf-expert-slim-hierarchy,sc_proteomics,
1139,cell,CL:0000000,cell,hematopoietic cell,CL:0000988,hematopoietic cell,leukocyte,CL:0000738,leukocyte,mononuclear leukocyte,CL:0000842,mononuclear leukocyte,lymphocyte,CL:0000542,lymphocyte,lymphocyte of B lineage,CL:0000945,lymphocyte of B lineage,B cell,CL:0000236,B cell,B cell:pre-germinal center,CL:0000236,B cell:pre-germinal center,,,,,,,,,,,,,vccf-expert-slim-hierarchy,sc_proteomics,
1140,cell,CL:0000000,cell,hematopoietic cell,CL:0000988,hematopoietic cell,leukocyte,CL:0000738,leukocyte,mononuclear leukocyte,CL:0000842,mononuclear leukocyte,lymphocyte,CL:0000542,lymphocyte,lymphocyte of B lineage,CL:0000945,lymphocyte of B lineage,B cell,CL:0000236,B cell,cycling B cell,CL:4033068,cycling B cell,,,,,,,,,,,,,vccf-expert-slim-hierarchy,sc_proteomics,
1141,cell,CL:0000000,cell,epithelial cell,CL:0000066,epithelial cell,secretory epithelial cell,CL:1100001,secretory epithelial cell,enteroendocrine cell,CL:0000164,enteroendocrine cell,pancreatic endocrine cell,CL:0008024,pancreatic endocrine cell,type B pancreatic cell,CL:0000169,type B pancreatic cell,,,,,,,,,,,,,,,,,,,vccf-expert-slim-hierarchy,sc_proteomics,
1142,cell,CL:0000000,cell,hematopoietic cell,CL:0000988,hematopoietic cell,leukocyte,CL:0000738,leukocyte,leukocyte:cd34-positive cd61-positive,CL:0000738,leukocyte:cd34-positive cd61-positive,,,,,,,,,,,,,,,,,,,,,,,,,vccf-expert-slim-hierarchy,sc_proteomics,
1143,cell,CL:0000000,cell,,,,,,,,,,,,,,,,,,,,,,,,,,,,,,,,,,vccf-expert-slim-hierarchy,sc_proteomics,
1144,cell,CL:0000000,cell,hematopoietic cell,CL:0000988,hematopoietic cell,leukocyte,CL:0000738,leukocyte,mononuclear leukocyte,CL:0000842,mononuclear leukocyte,mononuclear phagocyte,CL:0000113,mononuclear phagocyte,dendritic cell,CL:0000451,dendritic cell,,,,,,,,,,,,,,,,,,,vccf-expert-slim-hierarchy,sc_proteomics,
1145,cell,CL:0000000,cell,hematopoietic cell,CL:0000988,hematopoietic cell,leukocyte,CL:0000738,leukocyte,mononuclear leukocyte,CL:0000842,mononuclear leukocyte,mononuclear phagocyte,CL:0000113,mononuclear phagocyte,dendritic cell,CL:0000451,dendritic cell,,,,,,,,,,,,,,,,,,,vccf-expert-slim-hierarchy,sc_proteomics,
1146,cell,CL:0000000,cell,hematopoietic cell,CL:0000988,hematopoietic cell,leukocyte,CL:0000738,leukocyte,mononuclear leukocyte,CL:0000842,mononuclear leukocyte,mononuclear phagocyte,CL:0000113,mononuclear phagocyte,dendritic cell,CL:0000451,dendritic cell,,,,,,,,,,,,,,,,,,,vccf-expert-slim-hierarchy,sc_proteomics,
1147,cell,CL:0000000,cell,hematopoietic cell,CL:0000988,hematopoietic cell,leukocyte,CL:0000738,leukocyte,mononuclear leukocyte,CL:0000842,mononuclear leukocyte,mononuclear phagocyte,CL:0000113,mononuclear phagocyte,dendritic cell,CL:0000451,dendritic cell,,,,,,,,,,,,,,,,,,,vccf-expert-slim-hierarchy,sc_proteomics,
1148,cell,CL:0000000,cell,hematopoietic cell,CL:0000988,hematopoietic cell,leukocyte,CL:0000738,leukocyte,mononuclear leukocyte,CL:0000842,mononuclear leukocyte,mononuclear phagocyte,CL:0000113,mononuclear phagocyte,dendritic cell,CL:0000451,dendritic cell,,,,,,,,,,,,,,,,,,,vccf-expert-slim-hierarchy,sc_proteomics,
1149,cell,CL:0000000,cell,hematopoietic cell,CL:0000988,hematopoietic cell,leukocyte,CL:0000738,leukocyte,mononuclear leukocyte,CL:0000842,mononuclear leukocyte,mononuclear phagocyte,CL:0000113,mononuclear phagocyte,dendritic cell,CL:0000451,dendritic cell,conventional dendritic cell,CL:0000990,conventional dendritic cell,CD11b-positive dendritic cell,CL:0002465,CD11b-positive dendritic cell,,,,,,,,,,,,,vccf-expert-slim-hierarchy,sc_proteomics,
1150,cell,CL:0000000,cell,hematopoietic cell,CL:0000988,hematopoietic cell,leukocyte,CL:0000738,leukocyte,mononuclear leukocyte,CL:0000842,mononuclear leukocyte,mononuclear phagocyte,CL:0000113,mononuclear phagocyte,dendritic cell,CL:0000451,dendritic cell,conventional dendritic cell,CL:0000990,conventional dendritic cell,myeloid dendritic cell,CL:0000782,myeloid dendritic cell,CD141-positive myeloid dendritic cell,CL:0002394,CD141-positive myeloid dendritic cell,,,,,,,,,,vccf-expert-slim-hierarchy,sc_proteomics,
1151,cell,CL:0000000,cell,hematopoietic cell,CL:0000988,hematopoietic cell,leukocyte,CL:0000738,leukocyte,mononuclear leukocyte,CL:0000842,mononuclear leukocyte,mononuclear phagocyte,CL:0000113,mononuclear phagocyte,dendritic cell,CL:0000451,dendritic cell,conventional dendritic cell,CL:0000990,conventional dendritic cell,myeloid dendritic cell,CL:0000782,myeloid dendritic cell,CD1c-positive myeloid dendritic cell,CL:0002399,CD1c-positive myeloid dendritic cell,,,,,,,,,,vccf-expert-slim-hierarchy,sc_proteomics,
1152,cell,CL:0000000,cell,hematopoietic cell,CL:0000988,hematopoietic cell,leukocyte,CL:0000738,leukocyte,mononuclear leukocyte,CL:0000842,mononuclear leukocyte,mononuclear phagocyte,CL:0000113,mononuclear phagocyte,dendritic cell,CL:0000451,dendritic cell,follicular dendritic cell,CL:0000442,follicular dendritic cell,,,,,,,,,,,,,,,,vccf,sc_proteomics,
1153,cell,CL:0000000,cell,hematopoietic cell,CL:0000988,hematopoietic cell,leukocyte,CL:0000738,leukocyte,mononuclear leukocyte,CL:0000842,mononuclear leukocyte,mononuclear phagocyte,CL:0000113,mononuclear phagocyte,dendritic cell,CL:0000451,dendritic cell,migratory dendritic cell,CL:4047054,migratory dendritic cell,,,,,,,,,,,,,,,,vccf-expert-slim-hierarchy,sc_proteomics,
1154,cell,CL:0000000,cell,hematopoietic cell,CL:0000988,hematopoietic cell,leukocyte,CL:0000738,leukocyte,mononuclear leukocyte,CL:0000842,mononuclear leukocyte,mononuclear phagocyte,CL:0000113,mononuclear phagocyte,dendritic cell,CL:0000451,dendritic cell,plasmacytoid dendritic cell,CL:0000784,plasmacytoid dendritic cell,,,,,,,,,,,,,,,,vccf-expert-slim-hierarchy,sc_proteomics,
1155,cell,CL:0000000,cell,hematopoietic cell,CL:0000988,hematopoietic cell,leukocyte,CL:0000738,leukocyte,mononuclear leukocyte,CL:0000842,mononuclear leukocyte,mononuclear phagocyte,CL:0000113,mononuclear phagocyte,dendritic cell,CL:0000451,dendritic cell,plasmacytoid dendritic cell,CL:0000784,plasmacytoid dendritic cell,,,,,,,,,,,,,,,,vccf-expert-slim-hierarchy,sc_proteomics,
1156,cell,CL:0000000,cell,epithelial cell,CL:0000066,epithelial cell,meso-epithelial cell,CL:0002078,meso-epithelial cell,endosteal cell,CL:0002157,endosteal cell,,,,,,,,,,,,,,,,,,,,,,,,,vccf-expert-slim-hierarchy,sc_proteomics,
1157,cell,CL:0000000,cell,endothelial cell,CL:0000115,endothelial cell,,,,,,,,,,,,,,,,,,,,,,,,,,,,,,,vccf-expert-slim-hierarchy,sc_proteomics,
1158,cell,CL:0000000,cell,endothelial cell,CL:0000115,endothelial cell,,,,,,,,,,,,,,,,,,,,,,,,,,,,,,,vccf-expert-slim-hierarchy,sc_proteomics,
1159,cell,CL:0000000,cell,endothelial cell,CL:0000115,endothelial cell,,,,,,,,,,,,,,,,,,,,,,,,,,,,,,,vccf-expert-slim-hierarchy,sc_proteomics,
1160,cell,CL:0000000,cell,endothelial cell,CL:0000115,endothelial cell,,,,,,,,,,,,,,,,,,,,,,,,,,,,,,,vccf-expert-slim-hierarchy,sc_proteomics,
1161,cell,CL:0000000,cell,endothelial cell,CL:0000115,endothelial cell,,,,,,,,,,,,,,,,,,,,,,,,,,,,,,,vccf-expert-slim-hierarchy,sc_proteomics,
1162,cell,CL:0000000,cell,endothelial cell,CL:0000115,endothelial cell,,,,,,,,,,,,,,,,,,,,,,,,,,,,,,,vccf-expert-slim-hierarchy,sc_proteomics,
1163,cell,CL:0000000,cell,endothelial cell,CL:0000115,endothelial cell,,,,,,,,,,,,,,,,,,,,,,,,,,,,,,,vccf-expert-slim-hierarchy,sc_proteomics,
1164,cell,CL:0000000,cell,endothelial cell,CL:0000115,endothelial cell,,,,,,,,,,,,,,,,,,,,,,,,,,,,,,,vccf-expert-slim-hierarchy,sc_proteomics,
1165,cell,CL:0000000,cell,endothelial cell,CL:0000115,endothelial cell,,,,,,,,,,,,,,,,,,,,,,,,,,,,,,,vccf-expert-slim-hierarchy,sc_proteomics,
1166,cell,CL:0000000,cell,endothelial cell,CL:0000115,endothelial cell,,,,,,,,,,,,,,,,,,,,,,,,,,,,,,,vccf-expert-slim-hierarchy,sc_proteomics,
1167,cell,CL:0000000,cell,endothelial cell,CL:0000115,endothelial cell,,,,,,,,,,,,,,,,,,,,,,,,,,,,,,,vccf-expert-slim-hierarchy,sc_proteomics,
1168,cell,CL:0000000,cell,endothelial cell,CL:0000115,endothelial cell,,,,,,,,,,,,,,,,,,,,,,,,,,,,,,,vccf-expert-slim-hierarchy,sc_proteomics,
1169,cell,CL:0000000,cell,endothelial cell,CL:0000115,endothelial cell,,,,,,,,,,,,,,,,,,,,,,,,,,,,,,,vccf-expert-slim-hierarchy,sc_proteomics,
1170,cell,CL:0000000,cell,endothelial cell,CL:0000115,endothelial cell,,,,,,,,,,,,,,,,,,,,,,,,,,,,,,,vccf-expert-slim-hierarchy,sc_proteomics,
1171,cell,CL:0000000,cell,endothelial cell,CL:0000115,endothelial cell,endothelial cell of vascular tree,CL:0002139,endothelial cell of vascular tree,blood vessel endothelial cell,CL:0000071,blood vessel endothelial cell,endothelial cell of artery,CL:1000413,endothelial cell of artery,,,,,,,,,,,,,,,,,,,,,,vccf-expert-slim-hierarchy,sc_proteomics,
1172,cell,CL:0000000,cell,endothelial cell,CL:0000115,endothelial cell,endothelial cell of vascular tree,CL:0002139,endothelial cell of vascular tree,blood vessel endothelial cell,CL:0000071,blood vessel endothelial cell,microvascular endothelial cell,CL:2000008,microvascular endothelial cell,capillary endothelial cell,CL:0002144,capillary endothelial cell,,,,,,,,,,,,,,,,,,,vccf-expert-slim-hierarchy,sc_proteomics,
1173,cell,CL:0000000,cell,endothelial cell,CL:0000115,endothelial cell,endothelial cell of vascular tree,CL:0002139,endothelial cell of vascular tree,endothelial cell of lymphatic vessel,CL:0002138,endothelial cell of lymphatic vessel,,,,,,,,,,,,,,,,,,,,,,,,,vccf-expert-slim-hierarchy,sc_proteomics,
1174,cell,CL:0000000,cell,endothelial cell,CL:0000115,endothelial cell,endothelial cell of vascular tree,CL:0002139,endothelial cell of vascular tree,endothelial cell of lymphatic vessel,CL:0002138,endothelial cell of lymphatic vessel,,,,,,,,,,,,,,,,,,,,,,,,,vccf-expert-slim-hierarchy,sc_proteomics,
1175,cell,CL:0000000,cell,endothelial cell,CL:0000115,endothelial cell,endothelial cell of vascular tree,CL:0002139,endothelial cell of vascular tree,endothelial cell of lymphatic vessel,CL:0002138,endothelial cell of lymphatic vessel,,,,,,,,,,,,,,,,,,,,,,,,,vccf-expert-slim-hierarchy,sc_proteomics,
1176,cell,CL:0000000,cell,endothelial cell,CL:0000115,endothelial cell,endothelial cell of vascular tree,CL:0002139,endothelial cell of vascular tree,endothelial cell of lymphatic vessel,CL:0002138,endothelial cell of lymphatic vessel,,,,,,,,,,,,,,,,,,,,,,,,,vccf-expert-slim-hierarchy,sc_proteomics,
1177,cell,CL:0000000,cell,endothelial cell,CL:0000115,endothelial cell,endothelial cell of vascular tree,CL:0002139,endothelial cell of vascular tree,endothelial cell of lymphatic vessel,CL:0002138,endothelial cell of lymphatic vessel,,,,,,,,,,,,,,,,,,,,,,,,,vccf-expert-slim-hierarchy,sc_proteomics,
1178,cell,CL:0000000,cell,endothelial cell,CL:0000115,endothelial cell,endothelial cell of vascular tree,CL:0002139,endothelial cell of vascular tree,endothelial cell of lymphatic vessel,CL:0002138,endothelial cell of lymphatic vessel,,,,,,,,,,,,,,,,,,,,,,,,,vccf-expert-slim-hierarchy,sc_proteomics,
1179,cell,CL:0000000,cell,endothelial cell,CL:0000115,endothelial cell,endothelial cell of vascular tree,CL:0002139,endothelial cell of vascular tree,endothelial cell of lymphatic vessel,CL:0002138,endothelial cell of lymphatic vessel,,,,,,,,,,,,,,,,,,,,,,,,,vccf-expert-slim-hierarchy,sc_proteomics,
1180,cell,CL:0000000,cell,endothelial cell,CL:0000115,endothelial cell,endothelial cell of vascular tree,CL:0002139,endothelial cell of vascular tree,blood vessel endothelial cell,CL:0000071,blood vessel endothelial cell,endothelial cell of sinusoid,CL:0002262,endothelial cell of sinusoid,,,,,,,,,,,,,,,,,,,,,,vccf-expert-slim-hierarchy,sc_proteomics,
1181,cell,CL:0000000,cell,endothelial cell,CL:0000115,endothelial cell,endothelial cell of vascular tree,CL:0002139,endothelial cell of vascular tree,blood vessel endothelial cell,CL:0000071,blood vessel endothelial cell,endothelial cell of sinusoid,CL:0002262,endothelial cell of sinusoid,,,,,,,,,,,,,,,,,,,,,,vccf-expert-slim-hierarchy,sc_proteomics,
1182,cell,CL:0000000,cell,endothelial cell,CL:0000115,endothelial cell,endothelial cell of vascular tree,CL:0002139,endothelial cell of vascular tree,,,,,,,,,,,,,,,,,,,,,,,,,,,,vccf-expert-slim-hierarchy,sc_proteomics,
1183,cell,CL:0000000,cell,endothelial cell,CL:0000115,endothelial cell,endothelial cell of vascular tree,CL:0002139,endothelial cell of vascular tree,,,,,,,,,,,,,,,,,,,,,,,,,,,,vccf-expert-slim-hierarchy,sc_proteomics,
1184,cell,CL:0000000,cell,endothelial cell,CL:0000115,endothelial cell,endothelial cell of vascular tree,CL:0002139,endothelial cell of vascular tree,,,,,,,,,,,,,,,,,,,,,,,,,,,,vccf-expert-slim-hierarchy,sc_proteomics,
1185,cell,CL:0000000,cell,epithelial cell,CL:0000066,epithelial cell,columnar/cuboidal epithelial cell,CL:0000075,columnar/cuboidal epithelial cell,brush border epithelial cell,CL:0000239,brush border epithelial cell,enterocyte,CL:0000584,enterocyte,,,,,,,,,,,,,,,,,,,,,,vccf-expert-slim-hierarchy,sc_proteomics,
1186,cell,CL:0000000,cell,epithelial cell,CL:0000066,epithelial cell,columnar/cuboidal epithelial cell,CL:0000075,columnar/cuboidal epithelial cell,brush border epithelial cell,CL:0000239,brush border epithelial cell,enterocyte,CL:0000584,enterocyte,,,,,,,,,,,,,,,,,,,,,,vccf-expert-slim-hierarchy,sc_proteomics,
1187,cell,CL:0000000,cell,epithelial cell,CL:0000066,epithelial cell,columnar/cuboidal epithelial cell,CL:0000075,columnar/cuboidal epithelial cell,brush border epithelial cell,CL:0000239,brush border epithelial cell,enterocyte,CL:0000584,enterocyte,enterocyte of epithelium of small intestine,CL:1000334,enterocyte of epithelium of small intestine,enterocyte of epithelium of intestinal villus,CL:1000335,enterocyte of epithelium of intestinal villus,CD57-positive enterocyte,CL:4033092,CD57-positive enterocyte,,,,,,,,,,,,,vccf-expert-slim-hierarchy,sc_proteomics,
1188,cell,CL:0000000,cell,epithelial cell,CL:0000066,epithelial cell,columnar/cuboidal epithelial cell,CL:0000075,columnar/cuboidal epithelial cell,brush border epithelial cell,CL:0000239,brush border epithelial cell,enterocyte,CL:0000584,enterocyte,enterocyte:cd66-positive,CL:0000584,enterocyte:cd66-positive,,,,,,,,,,,,,,,,,,,vccf-expert-slim-hierarchy,sc_proteomics,
1189,cell,CL:0000000,cell,epithelial cell,CL:0000066,epithelial cell,columnar/cuboidal epithelial cell,CL:0000075,columnar/cuboidal epithelial cell,brush border epithelial cell,CL:0000239,brush border epithelial cell,enterocyte,CL:0000584,enterocyte,enterocyte:immature,CL:0000584,enterocyte:immature,,,,,,,,,,,,,,,,,,,vccf-expert-slim-hierarchy,sc_proteomics,
1190,cell,CL:0000000,cell,epithelial cell,CL:0000066,epithelial cell,columnar/cuboidal epithelial cell,CL:0000075,columnar/cuboidal epithelial cell,brush border epithelial cell,CL:0000239,brush border epithelial cell,enterocyte,CL:0000584,enterocyte,enterocyte:muc1-positive,CL:0000584,enterocyte:muc1-positive,,,,,,,,,,,,,,,,,,,vccf-expert-slim-hierarchy,sc_proteomics,
1191,cell,CL:0000000,cell,epithelial cell,CL:0000066,epithelial cell,columnar/cuboidal epithelial cell,CL:0000075,columnar/cuboidal epithelial cell,brush border epithelial cell,CL:0000239,brush border epithelial cell,enterocyte,CL:0000584,enterocyte,enterocyte:progenitor,CL:0000584,enterocyte:progenitor,,,,,,,,,,,,,,,,,,,vccf-expert-slim-hierarchy,sc_proteomics,
1192,cell,CL:0000000,cell,epithelial cell,CL:0000066,epithelial cell,secretory epithelial cell,CL:1100001,secretory epithelial cell,enteroendocrine cell,CL:0000164,enteroendocrine cell,,,,,,,,,,,,,,,,,,,,,,,,,vccf-expert-slim-hierarchy,sc_proteomics,
1193,cell,CL:0000000,cell,epithelial cell,CL:0000066,epithelial cell,columnar/cuboidal epithelial cell,CL:0000075,columnar/cuboidal epithelial cell,brush border epithelial cell,CL:0000239,brush border epithelial cell,enterocyte,CL:0000584,enterocyte,BEST4+ enterocyte,CL:4030026,BEST4+ enterocyte,,,,,,,,,,,,,,,,,,,vccf-expert-slim-hierarchy,sc_proteomics,
1194,cell,CL:0000000,cell,epithelial cell,CL:0000066,epithelial cell,,,,,,,,,,,,,,,,,,,,,,,,,,,,,,,vccf-expert-slim-hierarchy,sc_proteomics,
1195,cell,CL:0000000,cell,epithelial cell,CL:0000066,epithelial cell,,,,,,,,,,,,,,,,,,,,,,,,,,,,,,,vccf-expert-slim-hierarchy,sc_proteomics,
1196,cell,CL:0000000,cell,epithelial cell,CL:0000066,epithelial cell,,,,,,,,,,,,,,,,,,,,,,,,,,,,,,,vccf-expert-slim-hierarchy,sc_proteomics,
1197,cell,CL:0000000,cell,epithelial cell,CL:0000066,epithelial cell,,,,,,,,,,,,,,,,,,,,,,,,,,,,,,,vccf-expert-slim-hierarchy,sc_proteomics,
1198,cell,CL:0000000,cell,epithelial cell,CL:0000066,epithelial cell,,,,,,,,,,,,,,,,,,,,,,,,,,,,,,,vccf-expert-slim-hierarchy,sc_proteomics,
1199,cell,CL:0000000,cell,epithelial cell,CL:0000066,epithelial cell,,,,,,,,,,,,,,,,,,,,,,,,,,,,,,,vccf-expert-slim-hierarchy,sc_proteomics,
1200,cell,CL:0000000,cell,epithelial cell,CL:0000066,epithelial cell,,,,,,,,,,,,,,,,,,,,,,,,,,,,,,,vccf-expert-slim-hierarchy,sc_proteomics,
1201,cell,CL:0000000,cell,epithelial cell,CL:0000066,epithelial cell,duct epithelial cell,CL:0000068,duct epithelial cell,,,,,,,,,,,,,,,,,,,,,,,,,,,,vccf-expert-slim-hierarchy,sc_proteomics,
1202,cell,CL:0000000,cell,epithelial cell,CL:0000066,epithelial cell,duct epithelial cell,CL:0000068,duct epithelial cell,,,,,,,,,,,,,,,,,,,,,,,,,,,,vccf-expert-slim-hierarchy,sc_proteomics,
1203,cell,CL:0000000,cell,epithelial cell,CL:0000066,epithelial cell,duct epithelial cell,CL:0000068,duct epithelial cell,,,,,,,,,,,,,,,,,,,,,,,,,,,,vccf-expert-slim-hierarchy,sc_proteomics,
1204,cell,CL:0000000,cell,epithelial cell,CL:0000066,epithelial cell,epithelial cell:ki67-positive proliferating tumor,CL:0000066,epithelial cell:ki67-positive proliferating tumor,,,,,,,,,,,,,,,,,,,,,,,,,,,,vccf-expert-slim-hierarchy,sc_proteomics,
1205,cell,CL:0000000,cell,epithelial cell,CL:0000066,epithelial cell,epithelial cell:pdl1-positive tumor,CL:0000066,epithelial cell:pdl1-positive tumor,,,,,,,,,,,,,,,,,,,,,,,,,,,,vccf-expert-slim-hierarchy,sc_proteomics,
1206,cell,CL:0000000,cell,epithelial cell,CL:0000066,epithelial cell,secretory epithelial cell,CL:1100001,secretory epithelial cell,,,,,,,,,,,,,,,,,,,,,,,,,,,,vccf-expert-slim-hierarchy,sc_proteomics,
1207,cell,CL:0000000,cell,hematopoietic cell,CL:0000988,hematopoietic cell,myeloid cell,CL:0000763,myeloid cell,erythroid lineage cell,CL:0000764,erythroid lineage cell,,,,,,,,,,,,,,,,,,,,,,,,,vccf-expert-slim-hierarchy,sc_proteomics,
1208,cell,CL:0000000,cell,precursor cell,CL:0011115,precursor cell,progenitor cell,CL:0011026,progenitor cell,erythroblast,CL:0000765,erythroblast,basophilic erythroblast,CL:0000549,basophilic erythroblast,,,,,,,,,,,,,,,,,,,,,,vccf-expert-slim-hierarchy,sc_proteomics,
1209,cell,CL:0000000,cell,hematopoietic cell,CL:0000988,hematopoietic cell,myeloid cell,CL:0000763,myeloid cell,erythroid lineage cell,CL:0000764,erythroid lineage cell,,,,,,,,,,,,,,,,,,,,,,,,,vccf-expert-slim-hierarchy,sc_proteomics,
1210,cell,CL:0000000,cell,connective tissue cell,CL:0002320,connective tissue cell,stromal cell,CL:0000499,stromal cell,fibroblast,CL:0000057,fibroblast,,,,,,,,,,,,,,,,,,,,,,,,,vccf-expert-slim-hierarchy,sc_proteomics,
1211,cell,CL:0000000,cell,connective tissue cell,CL:0002320,connective tissue cell,stromal cell,CL:0000499,stromal cell,fibroblast,CL:0000057,fibroblast,,,,,,,,,,,,,,,,,,,,,,,,,vccf-expert-slim-hierarchy,sc_proteomics,
1212,cell,CL:0000000,cell,connective tissue cell,CL:0002320,connective tissue cell,stromal cell,CL:0000499,stromal cell,fibroblast,CL:0000057,fibroblast,fibroblast:cancer associated,CL:0000057,fibroblast:cancer associated,,,,,,,,,,,,,,,,,,,,,,vccf-expert-slim-hierarchy,sc_proteomics,
1213,cell,CL:0000000,cell,connective tissue cell,CL:0002320,connective tissue cell,stromal cell,CL:0000499,stromal cell,fibroblast,CL:0000057,fibroblast,subepithelial intestinal fibroblast,CL:4052007,subepithelial intestinal fibroblast,crypt-top fibroblast,CL:4052009,crypt-top fibroblast,crypt-top fibroblast:1,CL:4052009,crypt-top fibroblast:1,,,,,,,,,,,,,,,,vccf-expert-slim-hierarchy,sc_proteomics,
1214,cell,CL:0000000,cell,connective tissue cell,CL:0002320,connective tissue cell,stromal cell,CL:0000499,stromal cell,fibroblast,CL:0000057,fibroblast,subepithelial intestinal fibroblast,CL:4052007,subepithelial intestinal fibroblast,crypt-top fibroblast,CL:4052009,crypt-top fibroblast,crypt-top fibroblast:2,CL:4052009,crypt-top fibroblast:2,,,,,,,,,,,,,,,,vccf-expert-slim-hierarchy,sc_proteomics,
1215,cell,CL:0000000,cell,connective tissue cell,CL:0002320,connective tissue cell,stromal cell,CL:0000499,stromal cell,fibroblast,CL:0000057,fibroblast,subepithelial intestinal fibroblast,CL:4052007,subepithelial intestinal fibroblast,crypt-top fibroblast,CL:4052009,crypt-top fibroblast,crypt-top fibroblast:3,CL:4052009,crypt-top fibroblast:3,,,,,,,,,,,,,,,,vccf-expert-slim-hierarchy,sc_proteomics,
1216,cell,CL:0000000,cell,connective tissue cell,CL:0002320,connective tissue cell,stromal cell,CL:0000499,stromal cell,fibroblast,CL:0000057,fibroblast,subepithelial intestinal fibroblast,CL:4052007,subepithelial intestinal fibroblast,crypt-top fibroblast,CL:4052009,crypt-top fibroblast,crypt-top fibroblast:4,CL:4052009,crypt-top fibroblast:4,,,,,,,,,,,,,,,,vccf-expert-slim-hierarchy,sc_proteomics,
1217,cell,CL:0000000,cell,connective tissue cell,CL:0002320,connective tissue cell,stromal cell,CL:0000499,stromal cell,fibroblast,CL:0000057,fibroblast,fibroblast:wnt5b+ villus,CL:0000057,fibroblast:wnt5b+ villus,,,,,,,,,,,,,,,,,,,,,,vccf-expert-slim-hierarchy,sc_proteomics,
1218,cell,CL:0000000,cell,epithelial cell,CL:0000066,epithelial cell,secretory epithelial cell,CL:1100001,secretory epithelial cell,glandular secretory epithelial cell,CL:0000150,glandular secretory epithelial cell,glandular cell of esophagus,CL:0002657,glandular cell of esophagus,,,,,,,,,,,,,,,,,,,,,,vccf-expert-slim-hierarchy,sc_proteomics,
1219,cell,CL:0000000,cell,epithelial cell,CL:0000066,epithelial cell,secretory epithelial cell,CL:1100001,secretory epithelial cell,glandular secretory epithelial cell,CL:0000150,glandular secretory epithelial cell,glandular secretory epithelial cell:placenta,CL:0000150,glandular secretory epithelial cell:placenta,,,,,,,,,,,,,,,,,,,,,,vccf-expert-slim-hierarchy,sc_proteomics,
1220,cell,CL:0000000,cell,neural cell,CL:0002319,neural cell,neuron associated cell,CL:0000095,neuron associated cell,glial cell,CL:0000125,glial cell,,,,,,,,,,,,,,,,,,,,,,,,,vccf-expert-slim-hierarchy,sc_proteomics,
1221,cell,CL:0000000,cell,neural cell,CL:0002319,neural cell,neural cell:glial/neuron,CL:0002319,neural cell:glial/neuron,,,,,,,,,,,,,,,,,,,,,,,,,,,,vccf-expert-slim-hierarchy,sc_proteomics,
1222,cell,CL:0000000,cell,epithelial cell,CL:0000066,epithelial cell,secretory epithelial cell,CL:1100001,secretory epithelial cell,goblet cell,CL:0000160,goblet cell,,,,,,,,,,,,,,,,,,,,,,,,,vccf-expert-slim-hierarchy,sc_proteomics,
1223,cell,CL:0000000,cell,epithelial cell,CL:0000066,epithelial cell,secretory epithelial cell,CL:1100001,secretory epithelial cell,goblet cell,CL:0000160,goblet cell,,,,,,,,,,,,,,,,,,,,,,,,,vccf-expert-slim-hierarchy,sc_proteomics,
1224,cell,CL:0000000,cell,epithelial cell,CL:0000066,epithelial cell,secretory epithelial cell,CL:1100001,secretory epithelial cell,goblet cell,CL:0000160,goblet cell,,,,,,,,,,,,,,,,,,,,,,,,,vccf-expert-slim-hierarchy,sc_proteomics,
1225,cell,CL:0000000,cell,epithelial cell,CL:0000066,epithelial cell,secretory epithelial cell,CL:1100001,secretory epithelial cell,goblet cell,CL:0000160,goblet cell,goblet cell:immature,CL:0000160,goblet cell:immature,,,,,,,,,,,,,,,,,,,,,,vccf-expert-slim-hierarchy,sc_proteomics,
1226,cell,CL:0000000,cell,hematopoietic cell,CL:0000988,hematopoietic cell,hematopoietic precursor cell,CL:0008001,hematopoietic precursor cell,hematopoietic oligopotent progenitor cell,CL:0002032,hematopoietic oligopotent progenitor cell,"hematopoietic oligopotent progenitor cell, lineage-negative",CL:0001060,"hematopoietic oligopotent progenitor cell, lineage-negative",CD7-negative lymphoid progenitor OR granulocyte monocyte progenitor,CL:0001012,CD7-negative lymphoid progenitor OR granulocyte monocyte progenitor,granulocyte monocyte progenitor cell,CL:0000557,granulocyte monocyte progenitor cell,,,,,,,,,,,,,,,,vccf-expert-slim-hierarchy,sc_proteomics,
1227,cell,CL:0000000,cell,hematopoietic cell,CL:0000988,hematopoietic cell,hematopoietic precursor cell,CL:0008001,hematopoietic precursor cell,hematopoietic lineage restricted progenitor cell,CL:0002031,hematopoietic lineage restricted progenitor cell,myeloid lineage restricted progenitor cell:granulocyte monocyte progenitor cell/myeloblast,CL:0000839,myeloid lineage restricted progenitor cell:granulocyte monocyte progenitor cell/myeloblast,,,,,,,,,,,,,,,,,,,,,,vccf-expert-slim-hierarchy,sc_proteomics,
1228,cell,CL:0000000,cell,hematopoietic cell,CL:0000988,hematopoietic cell,hematopoietic precursor cell,CL:0008001,hematopoietic precursor cell,hematopoietic multipotent progenitor cell:spink2-positive,CL:0000837,hematopoietic multipotent progenitor cell:spink2-positive,,,,,,,,,,,,,,,,,,,,,,,,,vccf-expert-slim-hierarchy,sc_proteomics,
1229,cell,CL:0000000,cell,precursor cell,CL:0011115,precursor cell,progenitor cell,CL:0011026,progenitor cell,hematopoietic stem cell,CL:0000037,hematopoietic stem cell,,,,,,,,,,,,,,,,,,,,,,,,,vccf-expert-slim-hierarchy,sc_proteomics,
1230,cell,CL:0000000,cell,precursor cell,CL:0011115,precursor cell,progenitor cell,CL:0011026,progenitor cell,hematopoietic stem cell,CL:0000037,hematopoietic stem cell,,,,,,,,,,,,,,,,,,,,,,,,,vccf-expert-slim-hierarchy,sc_proteomics,
1231,cell,CL:0000000,cell,hematopoietic cell,CL:0000988,hematopoietic cell,leukocyte,CL:0000738,leukocyte,myeloid leukocyte,CL:0000766,myeloid leukocyte,macrophage,CL:0000235,macrophage,tissue-resident macrophage,CL:0000864,tissue-resident macrophage,placental resident macrophage,CL:4033087,placental resident macrophage,Hofbauer cell,CL:3000001,Hofbauer cell,,,,,,,,,,,,,vccf-expert-slim-hierarchy,sc_proteomics,
1232,cell,CL:0000000,cell,hematopoietic cell,CL:0000988,hematopoietic cell,leukocyte,CL:0000738,leukocyte,,,,,,,,,,,,,,,,,,,,,,,,,,,,vccf-expert-slim-hierarchy,sc_proteomics,
1233,cell,CL:0000000,cell,epithelial cell,CL:0000066,epithelial cell,columnar/cuboidal epithelial cell,CL:0000075,columnar/cuboidal epithelial cell,neurecto-epithelial cell,CL:0000710,neurecto-epithelial cell,interstitial cell of Cajal,CL:0002088,interstitial cell of Cajal,,,,,,,,,,,,,,,,,,,,,,vccf-expert-slim-hierarchy,sc_proteomics,
1234,cell,CL:0000000,cell,epithelial cell,CL:0000066,epithelial cell,squamous epithelial cell,CL:0000076,squamous epithelial cell,stratified squamous epithelial cell,CL:0000240,stratified squamous epithelial cell,keratinizing barrier epithelial cell,CL:0000237,keratinizing barrier epithelial cell,keratinocyte,CL:0000312,keratinocyte,,,,,,,,,,,,,,,,,,,vccf-expert-slim-hierarchy,sc_proteomics,
1235,cell,CL:0000000,cell,epithelial cell,CL:0000066,epithelial cell,squamous epithelial cell,CL:0000076,squamous epithelial cell,stratified squamous epithelial cell,CL:0000240,stratified squamous epithelial cell,keratinizing barrier epithelial cell,CL:0000237,keratinizing barrier epithelial cell,keratinocyte,CL:0000312,keratinocyte,,,,,,,,,,,,,,,,,,,vccf-expert-slim-hierarchy,sc_proteomics,
1236,cell,CL:0000000,cell,epithelial cell,CL:0000066,epithelial cell,squamous epithelial cell,CL:0000076,squamous epithelial cell,stratified squamous epithelial cell,CL:0000240,stratified squamous epithelial cell,keratinizing barrier epithelial cell,CL:0000237,keratinizing barrier epithelial cell,keratinocyte,CL:0000312,keratinocyte,,,,,,,,,,,,,,,,,,,vccf-expert-slim-hierarchy,sc_proteomics,
1237,cell,CL:0000000,cell,epithelial cell,CL:0000066,epithelial cell,squamous epithelial cell,CL:0000076,squamous epithelial cell,stratified squamous epithelial cell,CL:0000240,stratified squamous epithelial cell,keratinizing barrier epithelial cell,CL:0000237,keratinizing barrier epithelial cell,keratinocyte,CL:0000312,keratinocyte,,,,,,,,,,,,,,,,,,,vccf-expert-slim-hierarchy,sc_proteomics,
1238,cell,CL:0000000,cell,epithelial cell,CL:0000066,epithelial cell,squamous epithelial cell,CL:0000076,squamous epithelial cell,stratified squamous epithelial cell,CL:0000240,stratified squamous epithelial cell,keratinizing barrier epithelial cell,CL:0000237,keratinizing barrier epithelial cell,keratinocyte,CL:0000312,keratinocyte,keratinocyte:ddb2-positive,CL:0000312,keratinocyte:ddb2-positive,,,,,,,,,,,,,,,,vccf-expert-slim-hierarchy,sc_proteomics,
1239,cell,CL:0000000,cell,epithelial cell,CL:0000066,epithelial cell,squamous epithelial cell,CL:0000076,squamous epithelial cell,stratified squamous epithelial cell,CL:0000240,stratified squamous epithelial cell,keratinizing barrier epithelial cell,CL:0000237,keratinizing barrier epithelial cell,keratinocyte,CL:0000312,keratinocyte,keratinocyte:ki67-positive proliferating,CL:0000312,keratinocyte:ki67-positive proliferating,,,,,,,,,,,,,,,,vccf-expert-slim-hierarchy,sc_proteomics,
1240,cell,CL:0000000,cell,epithelial cell,CL:0000066,epithelial cell,squamous epithelial cell,CL:0000076,squamous epithelial cell,stratified squamous epithelial cell,CL:0000240,stratified squamous epithelial cell,keratinizing barrier epithelial cell,CL:0000237,keratinizing barrier epithelial cell,keratinocyte,CL:0000312,keratinocyte,keratinocyte:p53-positive,CL:0000312,keratinocyte:p53-positive,,,,,,,,,,,,,,,,vccf-expert-slim-hierarchy,sc_proteomics,
1241,cell,CL:0000000,cell,hematopoietic cell,CL:0000988,hematopoietic cell,leukocyte,CL:0000738,leukocyte,mononuclear leukocyte,CL:0000842,mononuclear leukocyte,mononuclear phagocyte,CL:0000113,mononuclear phagocyte,dendritic cell,CL:0000451,dendritic cell,conventional dendritic cell,CL:0000990,conventional dendritic cell,Langerhans cell,CL:0000453,Langerhans cell,,,,,,,,,,,,,vccf-expert-slim-hierarchy,sc_proteomics,
1242,cell,CL:0000000,cell,hematopoietic cell,CL:0000988,hematopoietic cell,leukocyte,CL:0000738,leukocyte,mononuclear leukocyte,CL:0000842,mononuclear leukocyte,mononuclear phagocyte,CL:0000113,mononuclear phagocyte,dendritic cell,CL:0000451,dendritic cell,conventional dendritic cell,CL:0000990,conventional dendritic cell,Langerhans cell,CL:0000453,Langerhans cell,,,,,,,,,,,,,vccf-expert-slim-hierarchy,sc_proteomics,
1243,cell,CL:0000000,cell,hematopoietic cell,CL:0000988,hematopoietic cell,leukocyte,CL:0000738,leukocyte,,,,,,,,,,,,,,,,,,,,,,,,,,,,vccf-expert-slim-hierarchy,sc_proteomics,
1244,cell,CL:0000000,cell,hematopoietic cell,CL:0000988,hematopoietic cell,leukocyte,CL:0000738,leukocyte,,,,,,,,,,,,,,,,,,,,,,,,,,,,vccf-expert-slim-hierarchy,sc_proteomics,
1245,cell,CL:0000000,cell,hematopoietic cell,CL:0000988,hematopoietic cell,leukocyte,CL:0000738,leukocyte,mononuclear leukocyte,CL:0000842,mononuclear leukocyte,lymphocyte,CL:0000542,lymphocyte,lymphocyte:CD7+,CL:0000542,lymphocyte:CD7+,,,,,,,,,,,,,,,,,,,,,
1246,cell,CL:0000000,cell,hematopoietic cell,CL:0000988,hematopoietic cell,leukocyte,CL:0000738,leukocyte,mononuclear leukocyte,CL:0000842,mononuclear leukocyte,lymphocyte,CL:0000542,lymphocyte,T cell,CL:0000084,T cell,immature T cell,CL:0002420,immature T cell,thymocyte,CL:0000893,thymocyte,double negative thymocyte,CL:0002489,double negative thymocyte,,,,,,,,,,vccf-expert-slim-hierarchy,sc_proteomics,
1247,cell,CL:0000000,cell,hematopoietic cell,CL:0000988,hematopoietic cell,leukocyte,CL:0000738,leukocyte,mononuclear leukocyte,CL:0000842,mononuclear leukocyte,lymphocyte,CL:0000542,lymphocyte,T cell,CL:0000084,T cell,immature T cell,CL:0002420,immature T cell,thymocyte,CL:0000893,thymocyte,"double-positive, alpha-beta thymocyte",CL:0000809,"double-positive, alpha-beta thymocyte",,,,,,,,,,vccf-expert-slim-hierarchy,sc_proteomics,
1248,cell,CL:0000000,cell,hematopoietic cell,CL:0000988,hematopoietic cell,leukocyte,CL:0000738,leukocyte,mononuclear leukocyte,CL:0000842,mononuclear leukocyte,lymphocyte,CL:0000542,lymphocyte,lymphocyte:III,CL:0000542,lymphocyte:III,,,,,,,,,,,,,,,,,,,vccf-expert-slim-hierarchy,sc_proteomics,
1249,cell,CL:0000000,cell,hematopoietic cell,CL:0000988,hematopoietic cell,leukocyte,CL:0000738,leukocyte,mononuclear leukocyte,CL:0000842,mononuclear leukocyte,lymphocyte,CL:0000542,lymphocyte,lymphocyte:pdl1-positive,CL:0000542,lymphocyte:pdl1-positive,,,,,,,,,,,,,,,,,,,vccf-expert-slim-hierarchy,sc_proteomics,
1250,cell,CL:0000000,cell,hematopoietic cell,CL:0000988,hematopoietic cell,leukocyte,CL:0000738,leukocyte,mononuclear leukocyte,CL:0000842,mononuclear leukocyte,lymphocyte,CL:0000542,lymphocyte,innate lymphoid cell,CL:0001065,innate lymphoid cell,,,,,,,,,,,,,,,,,,,vccf-expert-slim-hierarchy,sc_proteomics,
1251,cell,CL:0000000,cell,hematopoietic cell,CL:0000988,hematopoietic cell,leukocyte,CL:0000738,leukocyte,mononuclear leukocyte,CL:0000842,mononuclear leukocyte,lymphocyte,CL:0000542,lymphocyte,innate lymphoid cell,CL:0001065,innate lymphoid cell,,,,,,,,,,,,,,,,,,,vccf-expert-slim-hierarchy,sc_proteomics,
1252,cell,CL:0000000,cell,hematopoietic cell,CL:0000988,hematopoietic cell,leukocyte,CL:0000738,leukocyte,mononuclear leukocyte,CL:0000842,mononuclear leukocyte,lymphocyte,CL:0000542,lymphocyte,innate lymphoid cell,CL:0001065,innate lymphoid cell,,,,,,,,,,,,,,,,,,,vccf-expert-slim-hierarchy,sc_proteomics,
1253,cell,CL:0000000,cell,hematopoietic cell,CL:0000988,hematopoietic cell,leukocyte,CL:0000738,leukocyte,mononuclear leukocyte,CL:0000842,mononuclear leukocyte,lymphocyte,CL:0000542,lymphocyte,innate lymphoid cell,CL:0001065,innate lymphoid cell,,,,,,,,,,,,,,,,,,,vccf-expert-slim-hierarchy,sc_proteomics,
1254,cell,CL:0000000,cell,hematopoietic cell,CL:0000988,hematopoietic cell,hematopoietic precursor cell,CL:0008001,hematopoietic precursor cell,hematopoietic oligopotent progenitor cell,CL:0002032,hematopoietic oligopotent progenitor cell,common lymphoid progenitor,CL:0000051,common lymphoid progenitor,,,,,,,,,,,,,,,,,,,,,,vccf-expert-slim-hierarchy,sc_proteomics,
1255,cell,CL:0000000,cell,hematopoietic cell,CL:0000988,hematopoietic cell,leukocyte,CL:0000738,leukocyte,myeloid leukocyte,CL:0000766,myeloid leukocyte,macrophage,CL:0000235,macrophage,,,,,,,,,,,,,,,,,,,,,,vccf-expert-slim-hierarchy,sc_proteomics,
1256,cell,CL:0000000,cell,hematopoietic cell,CL:0000988,hematopoietic cell,leukocyte,CL:0000738,leukocyte,myeloid leukocyte,CL:0000766,myeloid leukocyte,macrophage,CL:0000235,macrophage,,,,,,,,,,,,,,,,,,,,,,vccf-expert-slim-hierarchy,sc_proteomics,
1257,cell,CL:0000000,cell,hematopoietic cell,CL:0000988,hematopoietic cell,leukocyte,CL:0000738,leukocyte,myeloid leukocyte,CL:0000766,myeloid leukocyte,macrophage,CL:0000235,macrophage,,,,,,,,,,,,,,,,,,,,,,vccf-expert-slim-hierarchy,sc_proteomics,
1258,cell,CL:0000000,cell,hematopoietic cell,CL:0000988,hematopoietic cell,leukocyte,CL:0000738,leukocyte,myeloid leukocyte,CL:0000766,myeloid leukocyte,macrophage,CL:0000235,macrophage,,,,,,,,,,,,,,,,,,,,,,vccf-expert-slim-hierarchy,sc_proteomics,
1259,cell,CL:0000000,cell,hematopoietic cell,CL:0000988,hematopoietic cell,leukocyte,CL:0000738,leukocyte,myeloid leukocyte,CL:0000766,myeloid leukocyte,macrophage,CL:0000235,macrophage,,,,,,,,,,,,,,,,,,,,,,vccf-expert-slim-hierarchy,sc_proteomics,
1260,cell,CL:0000000,cell,hematopoietic cell,CL:0000988,hematopoietic cell,leukocyte,CL:0000738,leukocyte,myeloid leukocyte,CL:0000766,myeloid leukocyte,macrophage,CL:0000235,macrophage,,,,,,,,,,,,,,,,,,,,,,vccf-expert-slim-hierarchy,sc_proteomics,
1261,cell,CL:0000000,cell,hematopoietic cell,CL:0000988,hematopoietic cell,leukocyte,CL:0000738,leukocyte,myeloid leukocyte,CL:0000766,myeloid leukocyte,macrophage,CL:0000235,macrophage,,,,,,,,,,,,,,,,,,,,,,vccf-expert-slim-hierarchy,sc_proteomics,
1262,cell,CL:0000000,cell,hematopoietic cell,CL:0000988,hematopoietic cell,leukocyte,CL:0000738,leukocyte,myeloid leukocyte,CL:0000766,myeloid leukocyte,macrophage,CL:0000235,macrophage,,,,,,,,,,,,,,,,,,,,,,vccf-expert-slim-hierarchy,sc_proteomics,
1263,cell,CL:0000000,cell,hematopoietic cell,CL:0000988,hematopoietic cell,leukocyte,CL:0000738,leukocyte,myeloid leukocyte,CL:0000766,myeloid leukocyte,macrophage,CL:0000235,macrophage,,,,,,,,,,,,,,,,,,,,,,vccf-expert-slim-hierarchy,sc_proteomics,
1264,cell,CL:0000000,cell,hematopoietic cell,CL:0000988,hematopoietic cell,leukocyte,CL:0000738,leukocyte,myeloid leukocyte,CL:0000766,myeloid leukocyte,macrophage,CL:0000235,macrophage,,,,,,,,,,,,,,,,,,,,,,vccf-expert-slim-hierarchy,sc_proteomics,
1265,cell,CL:0000000,cell,hematopoietic cell,CL:0000988,hematopoietic cell,leukocyte,CL:0000738,leukocyte,myeloid leukocyte,CL:0000766,myeloid leukocyte,macrophage,CL:0000235,macrophage,,,,,,,,,,,,,,,,,,,,,,vccf-expert-slim-hierarchy,sc_proteomics,
1266,cell,CL:0000000,cell,hematopoietic cell,CL:0000988,hematopoietic cell,leukocyte,CL:0000738,leukocyte,myeloid leukocyte,CL:0000766,myeloid leukocyte,macrophage,CL:0000235,macrophage,,,,,,,,,,,,,,,,,,,,,,vccf-expert-slim-hierarchy,sc_proteomics,
1267,cell,CL:0000000,cell,hematopoietic cell,CL:0000988,hematopoietic cell,leukocyte,CL:0000738,leukocyte,myeloid leukocyte,CL:0000766,myeloid leukocyte,macrophage,CL:0000235,macrophage,,,,,,,,,,,,,,,,,,,,,,vccf-expert-slim-hierarchy,sc_proteomics,
1268,cell,CL:0000000,cell,hematopoietic cell,CL:0000988,hematopoietic cell,leukocyte,CL:0000738,leukocyte,myeloid leukocyte,CL:0000766,myeloid leukocyte,macrophage,CL:0000235,macrophage,lung macrophage,CL:1001603,lung macrophage,alveolar macrophage,CL:0000583,alveolar macrophage,,,,,,,,,,,,,,,,vccf-expert-slim-hierarchy,sc_proteomics,
1269,cell,CL:0000000,cell,hematopoietic cell,CL:0000988,hematopoietic cell,leukocyte,CL:0000738,leukocyte,myeloid leukocyte,CL:0000766,myeloid leukocyte,macrophage,CL:0000235,macrophage,macrophage:1a,CL:0000235,macrophage:1a,,,,,,,,,,,,,,,,,,,vccf-expert-slim-hierarchy,sc_proteomics,
1270,cell,CL:0000000,cell,hematopoietic cell,CL:0000988,hematopoietic cell,leukocyte,CL:0000738,leukocyte,myeloid leukocyte,CL:0000766,myeloid leukocyte,macrophage,CL:0000235,macrophage,macrophage:1b,CL:0000235,macrophage:1b,,,,,,,,,,,,,,,,,,,vccf-expert-slim-hierarchy,sc_proteomics,
1271,cell,CL:0000000,cell,hematopoietic cell,CL:0000988,hematopoietic cell,leukocyte,CL:0000738,leukocyte,myeloid leukocyte,CL:0000766,myeloid leukocyte,macrophage,CL:0000235,macrophage,macrophage:2a,CL:0000235,macrophage:2a,,,,,,,,,,,,,,,,,,,vccf-expert-slim-hierarchy,sc_proteomics,
1272,cell,CL:0000000,cell,hematopoietic cell,CL:0000988,hematopoietic cell,leukocyte,CL:0000738,leukocyte,myeloid leukocyte,CL:0000766,myeloid leukocyte,macrophage,CL:0000235,macrophage,macrophage:2b,CL:0000235,macrophage:2b,,,,,,,,,,,,,,,,,,,vccf-expert-slim-hierarchy,sc_proteomics,
1273,cell,CL:0000000,cell,hematopoietic cell,CL:0000988,hematopoietic cell,leukocyte,CL:0000738,leukocyte,myeloid leukocyte,CL:0000766,myeloid leukocyte,macrophage,CL:0000235,macrophage,macrophage:2c,CL:0000235,macrophage:2c,,,,,,,,,,,,,,,,,,,vccf-expert-slim-hierarchy,sc_proteomics,
1274,cell,CL:0000000,cell,hematopoietic cell,CL:0000988,hematopoietic cell,leukocyte,CL:0000738,leukocyte,myeloid leukocyte,CL:0000766,myeloid leukocyte,macrophage,CL:0000235,macrophage,macrophage:I,CL:0000235,macrophage:I,,,,,,,,,,,,,,,,,,,vccf-expert-slim-hierarchy,sc_proteomics,
1275,cell,CL:0000000,cell,hematopoietic cell,CL:0000988,hematopoietic cell,leukocyte,CL:0000738,leukocyte,myeloid leukocyte,CL:0000766,myeloid leukocyte,macrophage,CL:0000235,macrophage,macrophage:II,CL:0000235,macrophage:II,,,,,,,,,,,,,,,,,,,vccf-expert-slim-hierarchy,sc_proteomics,
1276,cell,CL:0000000,cell,hematopoietic cell,CL:0000988,hematopoietic cell,leukocyte,CL:0000738,leukocyte,myeloid leukocyte,CL:0000766,myeloid leukocyte,macrophage,CL:0000235,macrophage,macrophage:III,CL:0000235,macrophage:III,,,,,,,,,,,,,,,,,,,vccf-expert-slim-hierarchy,sc_proteomics,
1277,cell,CL:0000000,cell,hematopoietic cell,CL:0000988,hematopoietic cell,leukocyte,CL:0000738,leukocyte,myeloid leukocyte,CL:0000766,myeloid leukocyte,macrophage,CL:0000235,macrophage,elicited macrophage,CL:0000861,elicited macrophage,M1 macrophage,CL:0000863,M1 macrophage,,,,,,,,,,,,,,,,vccf-expert-slim-hierarchy,sc_proteomics,
1278,cell,CL:0000000,cell,hematopoietic cell,CL:0000988,hematopoietic cell,leukocyte,CL:0000738,leukocyte,myeloid leukocyte,CL:0000766,myeloid leukocyte,macrophage,CL:0000235,macrophage,lung macrophage,CL:1001603,lung macrophage,lung interstitial macrophage,CL:4033043,lung interstitial macrophage,,,,,,,,,,,,,,,,vccf-expert-slim-hierarchy,sc_proteomics,
1279,cell,CL:0000000,cell,hematopoietic cell,CL:0000988,hematopoietic cell,leukocyte,CL:0000738,leukocyte,myeloid leukocyte,CL:0000766,myeloid leukocyte,macrophage,CL:0000235,macrophage,macrophage:IV,CL:0000235,macrophage:IV,,,,,,,,,,,,,,,,,,,vccf-expert-slim-hierarchy,sc_proteomics,
1280,cell,CL:0000000,cell,hematopoietic cell,CL:0000988,hematopoietic cell,leukocyte,CL:0000738,leukocyte,myeloid leukocyte,CL:0000766,myeloid leukocyte,macrophage,CL:0000235,macrophage,macrophage:pdl1-positive,CL:0000235,macrophage:pdl1-positive,,,,,,,,,,,,,,,,,,,vccf-expert-slim-hierarchy,sc_proteomics,
1281,cell,CL:0000000,cell,hematopoietic cell,CL:0000988,hematopoietic cell,leukocyte,CL:0000738,leukocyte,myeloid leukocyte,CL:0000766,myeloid leukocyte,mast cell,CL:0000097,mast cell,,,,,,,,,,,,,,,,,,,,,,vccf-expert-slim-hierarchy,sc_proteomics,
1282,cell,CL:0000000,cell,hematopoietic cell,CL:0000988,hematopoietic cell,leukocyte,CL:0000738,leukocyte,myeloid leukocyte,CL:0000766,myeloid leukocyte,mast cell,CL:0000097,mast cell,,,,,,,,,,,,,,,,,,,,,,vccf-expert-slim-hierarchy,sc_proteomics,
1283,cell,CL:0000000,cell,hematopoietic cell,CL:0000988,hematopoietic cell,leukocyte,CL:0000738,leukocyte,myeloid leukocyte,CL:0000766,myeloid leukocyte,mast cell,CL:0000097,mast cell,,,,,,,,,,,,,,,,,,,,,,vccf-expert-slim-hierarchy,sc_proteomics,
1284,cell,CL:0000000,cell,hematopoietic cell,CL:0000988,hematopoietic cell,leukocyte,CL:0000738,leukocyte,myeloid leukocyte,CL:0000766,myeloid leukocyte,mast cell,CL:0000097,mast cell,,,,,,,,,,,,,,,,,,,,,,vccf-expert-slim-hierarchy,sc_proteomics,
1285,cell,CL:0000000,cell,hematopoietic cell,CL:0000988,hematopoietic cell,leukocyte,CL:0000738,leukocyte,myeloid leukocyte,CL:0000766,myeloid leukocyte,mast cell,CL:0000097,mast cell,,,,,,,,,,,,,,,,,,,,,,vccf-expert-slim-hierarchy,sc_proteomics,
1286,cell,CL:0000000,cell,hematopoietic cell,CL:0000988,hematopoietic cell,myeloid cell,CL:0000763,myeloid cell,megakaryocyte,CL:0000556,megakaryocyte,,,,,,,,,,,,,,,,,,,,,,,,,vccf-expert-slim-hierarchy,sc_proteomics,
1287,cell,CL:0000000,cell,hematopoietic cell,CL:0000988,hematopoietic cell,myeloid cell,CL:0000763,myeloid cell,megakaryocyte,CL:0000556,megakaryocyte,megakaryocyte:gata1-positive,CL:0000556,megakaryocyte:gata1-positive,,,,,,,,,,,,,,,,,,,,,,vccf-expert-slim-hierarchy,sc_proteomics,
1288,cell,CL:0000000,cell,hematopoietic cell,CL:0000988,hematopoietic cell,myeloid cell,CL:0000763,myeloid cell,megakaryocyte,CL:0000556,megakaryocyte,megakaryocyte:gata1-negative,CL:0000556,megakaryocyte:gata1-negative,,,,,,,,,,,,,,,,,,,,,,vccf-expert-slim-hierarchy,sc_proteomics,
1289,cell,CL:0000000,cell,precursor cell,CL:0011115,precursor cell,stem cell,CL:0000034,stem cell,multi fate stem cell,CL:0000048,multi fate stem cell,mesenchymal stem cell,CL:0000134,mesenchymal stem cell,mesenchymal stem cell of adipose tissue,CL:0002570,mesenchymal stem cell of adipose tissue,,,,,,,,,,,,,,,,,,,vccf-expert-slim-hierarchy,sc_proteomics,
1290,cell,CL:0000000,cell,precursor cell,CL:0011115,precursor cell,stem cell,CL:0000034,stem cell,multi fate stem cell,CL:0000048,multi fate stem cell,mesenchymal stem cell,CL:0000134,mesenchymal stem cell,mesenchymal stem cell:thy1-positive,CL:0000134,mesenchymal stem cell:thy1-positive,,,,,,,,,,,,,,,,,,,vccf-expert-slim-hierarchy,sc_proteomics,
1291,cell,CL:0000000,cell,hematopoietic cell,CL:0000988,hematopoietic cell,leukocyte,CL:0000738,leukocyte,mononuclear leukocyte,CL:0000842,mononuclear leukocyte,lymphocyte,CL:0000542,lymphocyte,T cell,CL:0000084,T cell,,,,,,,,,,,,,,,,,,,vccf-expert-slim-hierarchy,sc_proteomics,
1292,cell,CL:0000000,cell,epithelial cell,CL:0000066,epithelial cell,,,,,,,,,,,,,,,,,,,,,,,,,,,,,,,vccf-expert-slim-hierarchy,sc_proteomics,
1293,cell,CL:0000000,cell,hematopoietic cell,CL:0000988,hematopoietic cell,leukocyte,CL:0000738,leukocyte,myeloid leukocyte,CL:0000766,myeloid leukocyte,monocyte,CL:0000576,monocyte,,,,,,,,,,,,,,,,,,,,,,vccf-expert-slim-hierarchy,sc_proteomics,
1294,cell,CL:0000000,cell,hematopoietic cell,CL:0000988,hematopoietic cell,leukocyte,CL:0000738,leukocyte,myeloid leukocyte,CL:0000766,myeloid leukocyte,monocyte,CL:0000576,monocyte,,,,,,,,,,,,,,,,,,,,,,vccf-expert-slim-hierarchy,sc_proteomics,
1295,cell,CL:0000000,cell,hematopoietic cell,CL:0000988,hematopoietic cell,leukocyte,CL:0000738,leukocyte,myeloid leukocyte,CL:0000766,myeloid leukocyte,monocyte,CL:0000576,monocyte,,,,,,,,,,,,,,,,,,,,,,vccf-expert-slim-hierarchy,sc_proteomics,
1296,cell,CL:0000000,cell,hematopoietic cell,CL:0000988,hematopoietic cell,leukocyte,CL:0000738,leukocyte,myeloid leukocyte,CL:0000766,myeloid leukocyte,monocyte,CL:0000576,monocyte,non-classical monocyte,CL:0000875,non-classical monocyte,,,,,,,,,,,,,,,,,,,vccf-expert-slim-hierarchy,sc_proteomics,
1297,cell,CL:0000000,cell,muscle cell,CL:0000187,muscle cell,,,,,,,,,,,,,,,,,,,,,,,,,,,,,,,vccf-expert-slim-hierarchy,sc_proteomics,
1298,cell,CL:0000000,cell,muscle cell,CL:0000187,muscle cell,striated muscle cell,CL:0000737,striated muscle cell,myotube,CL:0002372,myotube,skeletal muscle fiber,CL:0008002,skeletal muscle fiber,,,,,,,,,,,,,,,,,,,,,,vccf-expert-slim-hierarchy,sc_proteomics,
1299,cell,CL:0000000,cell,muscle cell,CL:0000187,muscle cell,non-striated muscle cell,CL:0008000,non-striated muscle cell,smooth muscle cell,CL:0000192,smooth muscle cell,,,,,,,,,,,,,,,,,,,,,,,,,vccf-expert-slim-hierarchy,sc_proteomics,
1300,cell,CL:0000000,cell,muscle cell,CL:0000187,muscle cell,non-striated muscle cell,CL:0008000,non-striated muscle cell,smooth muscle cell,CL:0000192,smooth muscle cell,,,,,,,,,,,,,,,,,,,,,,,,,vccf-expert-slim-hierarchy,sc_proteomics,
1301,cell,CL:0000000,cell,muscle cell,CL:0000187,muscle cell,non-striated muscle cell,CL:0008000,non-striated muscle cell,smooth muscle cell,CL:0000192,smooth muscle cell,,,,,,,,,,,,,,,,,,,,,,,,,vccf-expert-slim-hierarchy,sc_proteomics,
1302,cell,CL:0000000,cell,muscle cell,CL:0000187,muscle cell,non-striated muscle cell,CL:0008000,non-striated muscle cell,smooth muscle cell,CL:0000192,smooth muscle cell,,,,,,,,,,,,,,,,,,,,,,,,,vccf-expert-slim-hierarchy,sc_proteomics,
1303,cell,CL:0000000,cell,muscle cell,CL:0000187,muscle cell,non-striated muscle cell,CL:0008000,non-striated muscle cell,smooth muscle cell,CL:0000192,smooth muscle cell,smooth muscle cell of the esophagus,CL:0002599,smooth muscle cell of the esophagus,,,,,,,,,,,,,,,,,,,,,,vccf-expert-slim-hierarchy,sc_proteomics,
1304,cell,CL:0000000,cell,muscle cell,CL:0000187,muscle cell,non-striated muscle cell,CL:0008000,non-striated muscle cell,smooth muscle cell,CL:0000192,smooth muscle cell,,,,,,,,,,,,,,,,,,,,,,,,,vccf-expert-slim-hierarchy,sc_proteomics,
1305,cell,CL:0000000,cell,muscle cell,CL:0000187,muscle cell,non-striated muscle cell,CL:0008000,non-striated muscle cell,smooth muscle cell,CL:0000192,smooth muscle cell,,,,,,,,,,,,,,,,,,,,,,,,,vccf-expert-slim-hierarchy,sc_proteomics,
1306,cell,CL:0000000,cell,muscle cell,CL:0000187,muscle cell,non-striated muscle cell,CL:0008000,non-striated muscle cell,smooth muscle cell,CL:0000192,smooth muscle cell,,,,,,,,,,,,,,,,,,,,,,,,,vccf-expert-slim-hierarchy,sc_proteomics,
1307,cell,CL:0000000,cell,muscle cell,CL:0000187,muscle cell,non-striated muscle cell,CL:0008000,non-striated muscle cell,smooth muscle cell,CL:0000192,smooth muscle cell,,,,,,,,,,,,,,,,,,,,,,,,,vccf-expert-slim-hierarchy,sc_proteomics,
1308,cell,CL:0000000,cell,hematopoietic cell,CL:0000988,hematopoietic cell,myeloid cell,CL:0000763,myeloid cell,,,,,,,,,,,,,,,,,,,,,,,,,,,,vccf-expert-slim-hierarchy,sc_proteomics,
1309,cell,CL:0000000,cell,hematopoietic cell,CL:0000988,hematopoietic cell,myeloid cell,CL:0000763,myeloid cell,,,,,,,,,,,,,,,,,,,,,,,,,,,,vccf-expert-slim-hierarchy,sc_proteomics,
1310,cell,CL:0000000,cell,hematopoietic cell,CL:0000988,hematopoietic cell,myeloid cell,CL:0000763,myeloid cell,myeloid cell:intermediate,CL:0000763,myeloid cell:intermediate,,,,,,,,,,,,,,,,,,,,,,,,,vccf-expert-slim-hierarchy,sc_proteomics,
1311,cell,CL:0000000,cell,hematopoietic cell,CL:0000988,hematopoietic cell,myeloid cell,CL:0000763,myeloid cell,myeloid cell:mature,CL:0000763,myeloid cell:mature,,,,,,,,,,,,,,,,,,,,,,,,,vccf-expert-slim-hierarchy,sc_proteomics,
1312,cell,CL:0000000,cell,hematopoietic cell,CL:0000988,hematopoietic cell,hematopoietic precursor cell,CL:0008001,hematopoietic precursor cell,hematopoietic oligopotent progenitor cell,CL:0002032,hematopoietic oligopotent progenitor cell,common myeloid progenitor,CL:0000049,common myeloid progenitor,,,,,,,,,,,,,,,,,,,,,,vccf-expert-slim-hierarchy,sc_proteomics,
1313,cell,CL:0000000,cell,epithelial cell,CL:0000066,epithelial cell,columnar/cuboidal epithelial cell,CL:0000075,columnar/cuboidal epithelial cell,myoepithelial cell,CL:0000185,myoepithelial cell,,,,,,,,,,,,,,,,,,,,,,,,,vccf-expert-slim-hierarchy,sc_proteomics,
1314,cell,CL:0000000,cell,connective tissue cell,CL:0002320,connective tissue cell,myofibroblast cell,CL:0000186,myofibroblast cell,,,,,,,,,,,,,,,,,,,,,,,,,,,,vccf-expert-slim-hierarchy,sc_proteomics,
1315,cell,CL:0000000,cell,connective tissue cell,CL:0002320,connective tissue cell,myofibroblast cell,CL:0000186,myofibroblast cell,,,,,,,,,,,,,,,,,,,,,,,,,,,,vccf-expert-slim-hierarchy,sc_proteomics,
1316,cell,CL:0000000,cell,connective tissue cell,CL:0002320,connective tissue cell,myofibroblast cell,CL:0000186,myofibroblast cell,,,,,,,,,,,,,,,,,,,,,,,,,,,,vccf-expert-slim-hierarchy,sc_proteomics,
1317,cell,CL:0000000,cell,connective tissue cell,CL:0002320,connective tissue cell,myofibroblast cell,CL:0000186,myofibroblast cell,,,,,,,,,,,,,,,,,,,,,,,,,,,,vccf-expert-slim-hierarchy,sc_proteomics,
1318,cell,CL:0000000,cell,connective tissue cell,CL:0002320,connective tissue cell,myofibroblast cell,CL:0000186,myofibroblast cell,,,,,,,,,,,,,,,,,,,,,,,,,,,,vccf-expert-slim-hierarchy,sc_proteomics,
1319,cell,CL:0000000,cell,connective tissue cell,CL:0002320,connective tissue cell,myofibroblast cell,CL:0000186,myofibroblast cell,,,,,,,,,,,,,,,,,,,,,,,,,,,,vccf-expert-slim-hierarchy,sc_proteomics,
1320,cell,CL:0000000,cell,hematopoietic cell,CL:0000988,hematopoietic cell,leukocyte,CL:0000738,leukocyte,mononuclear leukocyte,CL:0000842,mononuclear leukocyte,lymphocyte,CL:0000542,lymphocyte,innate lymphoid cell,CL:0001065,innate lymphoid cell,group 1 innate lymphoid cell,CL:0001067,group 1 innate lymphoid cell,natural killer cell,CL:0000623,natural killer cell,,,,,,,,,,,,,vccf-expert-slim-hierarchy,sc_proteomics,
1321,cell,CL:0000000,cell,hematopoietic cell,CL:0000988,hematopoietic cell,leukocyte,CL:0000738,leukocyte,mononuclear leukocyte,CL:0000842,mononuclear leukocyte,lymphocyte,CL:0000542,lymphocyte,innate lymphoid cell,CL:0001065,innate lymphoid cell,group 1 innate lymphoid cell,CL:0001067,group 1 innate lymphoid cell,natural killer cell,CL:0000623,natural killer cell,,,,,,,,,,,,,vccf-expert-slim-hierarchy,sc_proteomics,
1322,cell,CL:0000000,cell,hematopoietic cell,CL:0000988,hematopoietic cell,leukocyte,CL:0000738,leukocyte,mononuclear leukocyte,CL:0000842,mononuclear leukocyte,lymphocyte,CL:0000542,lymphocyte,innate lymphoid cell,CL:0001065,innate lymphoid cell,group 1 innate lymphoid cell,CL:0001067,group 1 innate lymphoid cell,natural killer cell,CL:0000623,natural killer cell,,,,,,,,,,,,,vccf-expert-slim-hierarchy,sc_proteomics,
1323,cell,CL:0000000,cell,hematopoietic cell,CL:0000988,hematopoietic cell,leukocyte,CL:0000738,leukocyte,mononuclear leukocyte,CL:0000842,mononuclear leukocyte,lymphocyte,CL:0000542,lymphocyte,innate lymphoid cell,CL:0001065,innate lymphoid cell,group 1 innate lymphoid cell,CL:0001067,group 1 innate lymphoid cell,natural killer cell,CL:0000623,natural killer cell,,,,,,,,,,,,,vccf-expert-slim-hierarchy,sc_proteomics,
1324,cell,CL:0000000,cell,hematopoietic cell,CL:0000988,hematopoietic cell,leukocyte,CL:0000738,leukocyte,mononuclear leukocyte,CL:0000842,mononuclear leukocyte,lymphocyte,CL:0000542,lymphocyte,innate lymphoid cell,CL:0001065,innate lymphoid cell,group 1 innate lymphoid cell,CL:0001067,group 1 innate lymphoid cell,natural killer cell,CL:0000623,natural killer cell,,,,,,,,,,,,,vccf-expert-slim-hierarchy,sc_proteomics,
1325,cell,CL:0000000,cell,hematopoietic cell,CL:0000988,hematopoietic cell,leukocyte,CL:0000738,leukocyte,mononuclear leukocyte,CL:0000842,mononuclear leukocyte,lymphocyte,CL:0000542,lymphocyte,innate lymphoid cell,CL:0001065,innate lymphoid cell,group 1 innate lymphoid cell,CL:0001067,group 1 innate lymphoid cell,natural killer cell,CL:0000623,natural killer cell,,,,,,,,,,,,,vccf-expert-slim-hierarchy,sc_proteomics,
1326,cell,CL:0000000,cell,hematopoietic cell,CL:0000988,hematopoietic cell,leukocyte,CL:0000738,leukocyte,mononuclear leukocyte,CL:0000842,mononuclear leukocyte,lymphocyte,CL:0000542,lymphocyte,innate lymphoid cell,CL:0001065,innate lymphoid cell,group 1 innate lymphoid cell,CL:0001067,group 1 innate lymphoid cell,natural killer cell,CL:0000623,natural killer cell,,,,,,,,,,,,,vccf-expert-slim-hierarchy,sc_proteomics,
1327,cell,CL:0000000,cell,neural cell,CL:0002319,neural cell,neuron,CL:0000540,neuron,efferent neuron,CL:0000527,efferent neuron,neuroendocrine cell,CL:0000165,neuroendocrine cell,,,,,,,,,,,,,,,,,,,,,,vccf-expert-slim-hierarchy,sc_proteomics,
1328,cell,CL:0000000,cell,neural cell,CL:0002319,neural cell,neuron,CL:0000540,neuron,,,,,,,,,,,,,,,,,,,,,,,,,,,,vccf-expert-slim-hierarchy,sc_proteomics,
1329,cell,CL:0000000,cell,neural cell,CL:0002319,neural cell,neuron,CL:0000540,neuron,,,,,,,,,,,,,,,,,,,,,,,,,,,,vccf-expert-slim-hierarchy,sc_proteomics,
1330,cell,CL:0000000,cell,neural cell,CL:0002319,neural cell,neuron,CL:0000540,neuron,,,,,,,,,,,,,,,,,,,,,,,,,,,,vccf-expert-slim-hierarchy,sc_proteomics,
1331,cell,CL:0000000,cell,neural cell,CL:0002319,neural cell,neuron,CL:0000540,neuron,,,,,,,,,,,,,,,,,,,,,,,,,,,,vccf-expert-slim-hierarchy,sc_proteomics,
1332,cell,CL:0000000,cell,hematopoietic cell,CL:0000988,hematopoietic cell,leukocyte,CL:0000738,leukocyte,myeloid leukocyte,CL:0000766,myeloid leukocyte,granulocyte,CL:0000094,granulocyte,neutrophil,CL:0000775,neutrophil,,,,,,,,,,,,,,,,,,,vccf-expert-slim-hierarchy,sc_proteomics,
1333,cell,CL:0000000,cell,hematopoietic cell,CL:0000988,hematopoietic cell,leukocyte,CL:0000738,leukocyte,myeloid leukocyte,CL:0000766,myeloid leukocyte,granulocyte,CL:0000094,granulocyte,neutrophil,CL:0000775,neutrophil,,,,,,,,,,,,,,,,,,,vccf-expert-slim-hierarchy,sc_proteomics,
1334,cell,CL:0000000,cell,hematopoietic cell,CL:0000988,hematopoietic cell,leukocyte,CL:0000738,leukocyte,myeloid leukocyte,CL:0000766,myeloid leukocyte,granulocyte,CL:0000094,granulocyte,neutrophil,CL:0000775,neutrophil,,,,,,,,,,,,,,,,,,,vccf-expert-slim-hierarchy,sc_proteomics,
1335,cell,CL:0000000,cell,hematopoietic cell,CL:0000988,hematopoietic cell,leukocyte,CL:0000738,leukocyte,myeloid leukocyte,CL:0000766,myeloid leukocyte,granulocyte,CL:0000094,granulocyte,neutrophil,CL:0000775,neutrophil,,,,,,,,,,,,,,,,,,,vccf-expert-slim-hierarchy,sc_proteomics,
1336,cell,CL:0000000,cell,hematopoietic cell,CL:0000988,hematopoietic cell,leukocyte,CL:0000738,leukocyte,myeloid leukocyte,CL:0000766,myeloid leukocyte,myeloid leukocyte:neutrophil/monocyte,CL:0000766,myeloid leukocyte:neutrophil/monocyte,,,,,,,,,,,,,,,,,,,,,,vccf-expert-slim-hierarchy,sc_proteomics,
1337,cell,CL:0000000,cell,epithelial cell,CL:0000066,epithelial cell,endo-epithelial cell,CL:0002076,endo-epithelial cell,epithelial cell of alimentary canal,CL:0002251,epithelial cell of alimentary canal,intestinal epithelial cell,CL:0002563,intestinal epithelial cell,paneth cell,CL:0000510,paneth cell,,,,,,,,,,,,,,,,,,,vccf-expert-slim-hierarchy,sc_proteomics,
1338,cell,CL:0000000,cell,epithelial cell,CL:0000066,epithelial cell,endo-epithelial cell,CL:0002076,endo-epithelial cell,epithelial cell of alimentary canal,CL:0002251,epithelial cell of alimentary canal,intestinal epithelial cell,CL:0002563,intestinal epithelial cell,paneth cell,CL:0000510,paneth cell,,,,,,,,,,,,,,,,,,,vccf-expert-slim-hierarchy,sc_proteomics,
1339,cell,CL:0000000,cell,connective tissue cell,CL:0002320,connective tissue cell,pericyte,CL:0000669,pericyte,,,,,,,,,,,,,,,,,,,,,,,,,,,,vccf-expert-slim-hierarchy,sc_proteomics,
1340,cell,CL:0000000,cell,hematopoietic cell,CL:0000988,hematopoietic cell,leukocyte,CL:0000738,leukocyte,mononuclear leukocyte,CL:0000842,mononuclear leukocyte,lymphocyte,CL:0000542,lymphocyte,lymphocyte of B lineage,CL:0000945,lymphocyte of B lineage,antibody secreting cell,CL:0000946,antibody secreting cell,plasma cell,CL:0000786,plasma cell,,,,,,,,,,,,,vccf-expert-slim-hierarchy,sc_proteomics,
1341,cell,CL:0000000,cell,hematopoietic cell,CL:0000988,hematopoietic cell,leukocyte,CL:0000738,leukocyte,mononuclear leukocyte,CL:0000842,mononuclear leukocyte,lymphocyte,CL:0000542,lymphocyte,lymphocyte of B lineage,CL:0000945,lymphocyte of B lineage,antibody secreting cell,CL:0000946,antibody secreting cell,plasma cell,CL:0000786,plasma cell,,,,,,,,,,,,,vccf-expert-slim-hierarchy,sc_proteomics,
1342,cell,CL:0000000,cell,hematopoietic cell,CL:0000988,hematopoietic cell,leukocyte,CL:0000738,leukocyte,mononuclear leukocyte,CL:0000842,mononuclear leukocyte,lymphocyte,CL:0000542,lymphocyte,lymphocyte of B lineage,CL:0000945,lymphocyte of B lineage,antibody secreting cell,CL:0000946,antibody secreting cell,plasma cell,CL:0000786,plasma cell,,,,,,,,,,,,,vccf-expert-slim-hierarchy,sc_proteomics,
1343,cell,CL:0000000,cell,hematopoietic cell,CL:0000988,hematopoietic cell,leukocyte,CL:0000738,leukocyte,mononuclear leukocyte,CL:0000842,mononuclear leukocyte,lymphocyte,CL:0000542,lymphocyte,lymphocyte of B lineage,CL:0000945,lymphocyte of B lineage,antibody secreting cell,CL:0000946,antibody secreting cell,plasma cell,CL:0000786,plasma cell,,,,,,,,,,,,,vccf-expert-slim-hierarchy,sc_proteomics,
1344,cell,CL:0000000,cell,hematopoietic cell,CL:0000988,hematopoietic cell,leukocyte,CL:0000738,leukocyte,mononuclear leukocyte,CL:0000842,mononuclear leukocyte,lymphocyte,CL:0000542,lymphocyte,lymphocyte of B lineage,CL:0000945,lymphocyte of B lineage,antibody secreting cell,CL:0000946,antibody secreting cell,plasma cell,CL:0000786,plasma cell,,,,,,,,,,,,,vccf-expert-slim-hierarchy,sc_proteomics,
1345,cell,CL:0000000,cell,hematopoietic cell,CL:0000988,hematopoietic cell,leukocyte,CL:0000738,leukocyte,mononuclear leukocyte,CL:0000842,mononuclear leukocyte,lymphocyte,CL:0000542,lymphocyte,lymphocyte of B lineage,CL:0000945,lymphocyte of B lineage,antibody secreting cell,CL:0000946,antibody secreting cell,plasma cell,CL:0000786,plasma cell,,,,,,,,,,,,,vccf-expert-slim-hierarchy,sc_proteomics,
1346,cell,CL:0000000,cell,hematopoietic cell,CL:0000988,hematopoietic cell,leukocyte,CL:0000738,leukocyte,mononuclear leukocyte,CL:0000842,mononuclear leukocyte,lymphocyte,CL:0000542,lymphocyte,lymphocyte of B lineage,CL:0000945,lymphocyte of B lineage,antibody secreting cell,CL:0000946,antibody secreting cell,plasma cell,CL:0000786,plasma cell,,,,,,,,,,,,,vccf-expert-slim-hierarchy,sc_proteomics,
1347,cell,CL:0000000,cell,epithelial cell,CL:0000066,epithelial cell,endo-epithelial cell,CL:0002076,endo-epithelial cell,respiratory tract epithelial cell,CL:0002368,respiratory tract epithelial cell,epithelial cell of lower respiratory tract,CL:0002632,epithelial cell of lower respiratory tract,epithelial cell of lung,CL:0000082,epithelial cell of lung,pulmonary alveolar epithelial cell,CL:0000322,pulmonary alveolar epithelial cell,pulmonary alveolar type 1 cell,CL:0002062,pulmonary alveolar type 1 cell,,,,,,,,,,,,,vccf-expert-slim-hierarchy,sc_proteomics,
1348,cell,CL:0000000,cell,epithelial cell,CL:0000066,epithelial cell,endo-epithelial cell,CL:0002076,endo-epithelial cell,respiratory tract epithelial cell,CL:0002368,respiratory tract epithelial cell,epithelial cell of lower respiratory tract,CL:0002632,epithelial cell of lower respiratory tract,epithelial cell of lung,CL:0000082,epithelial cell of lung,pulmonary alveolar epithelial cell,CL:0000322,pulmonary alveolar epithelial cell,pulmonary alveolar type 1 cell,CL:0002062,pulmonary alveolar type 1 cell,,,,,,,,,,,,,vccf-expert-slim-hierarchy,sc_proteomics,
1349,cell,CL:0000000,cell,epithelial cell,CL:0000066,epithelial cell,endo-epithelial cell,CL:0002076,endo-epithelial cell,respiratory tract epithelial cell,CL:0002368,respiratory tract epithelial cell,epithelial cell of lower respiratory tract,CL:0002632,epithelial cell of lower respiratory tract,epithelial cell of lung,CL:0000082,epithelial cell of lung,pulmonary alveolar epithelial cell,CL:0000322,pulmonary alveolar epithelial cell,pulmonary alveolar type 2 cell,CL:0002063,pulmonary alveolar type 2 cell,,,,,,,,,,,,,vccf-expert-slim-hierarchy,sc_proteomics,
1350,cell,CL:0000000,cell,epithelial cell,CL:0000066,epithelial cell,endo-epithelial cell,CL:0002076,endo-epithelial cell,respiratory tract epithelial cell,CL:0002368,respiratory tract epithelial cell,epithelial cell of lower respiratory tract,CL:0002632,epithelial cell of lower respiratory tract,epithelial cell of lung,CL:0000082,epithelial cell of lung,pulmonary alveolar epithelial cell,CL:0000322,pulmonary alveolar epithelial cell,pulmonary alveolar type 2 cell,CL:0002063,pulmonary alveolar type 2 cell,,,,,,,,,,,,,vccf-expert-slim-hierarchy,sc_proteomics,
1351,cell,CL:0000000,cell,epithelial cell,CL:0000066,epithelial cell,endo-epithelial cell,CL:0002076,endo-epithelial cell,respiratory tract epithelial cell,CL:0002368,respiratory tract epithelial cell,epithelial cell of lower respiratory tract,CL:0002632,epithelial cell of lower respiratory tract,epithelial cell of lung,CL:0000082,epithelial cell of lung,pulmonary alveolar epithelial cell,CL:0000322,pulmonary alveolar epithelial cell,pulmonary alveolar type 2 cell,CL:0002063,pulmonary alveolar type 2 cell,,,,,,,,,,,,,vccf-expert-slim-hierarchy,sc_proteomics,
1352,cell,CL:0000000,cell,epithelial cell,CL:0000066,epithelial cell,endo-epithelial cell,CL:0002076,endo-epithelial cell,respiratory tract epithelial cell,CL:0002368,respiratory tract epithelial cell,epithelial cell of lower respiratory tract,CL:0002632,epithelial cell of lower respiratory tract,epithelial cell of lung,CL:0000082,epithelial cell of lung,pulmonary alveolar epithelial cell,CL:0000322,pulmonary alveolar epithelial cell,pulmonary alveolar type 2 cell,CL:0002063,pulmonary alveolar type 2 cell,,,,,,,,,,,,,vccf-expert-slim-hierarchy,sc_proteomics,
1353,cell,CL:0000000,cell,neural cell,CL:0002319,neural cell,neuron associated cell,CL:0000095,neuron associated cell,glial cell,CL:0000125,glial cell,Schwann cell,CL:0002573,Schwann cell,,,,,,,,,,,,,,,,,,,,,,vccf-expert-slim-hierarchy,sc_proteomics,
1354,cell,CL:0000000,cell,epithelial cell,CL:0000066,epithelial cell,squamous epithelial cell,CL:0000076,squamous epithelial cell,,,,,,,,,,,,,,,,,,,,,,,,,,,,vccf-expert-slim-hierarchy,sc_proteomics,
1355,cell,CL:0000000,cell,epithelial cell,CL:0000066,epithelial cell,squamous epithelial cell,CL:0000076,squamous epithelial cell,,,,,,,,,,,,,,,,,,,,,,,,,,,,vccf-expert-slim-hierarchy,sc_proteomics,
1356,cell,CL:0000000,cell,precursor cell,CL:0011115,precursor cell,stem cell,CL:0000034,stem cell,,,,,,,,,,,,,,,,,,,,,,,,,,,,vccf-expert-slim-hierarchy,sc_proteomics,
1357,cell,CL:0000000,cell,connective tissue cell,CL:0002320,connective tissue cell,stromal cell,CL:0000499,stromal cell,,,,,,,,,,,,,,,,,,,,,,,,,,,,vccf-expert-slim-hierarchy,sc_proteomics,
1358,cell,CL:0000000,cell,connective tissue cell,CL:0002320,connective tissue cell,stromal cell,CL:0000499,stromal cell,,,,,,,,,,,,,,,,,,,,,,,,,,,,vccf-expert-slim-hierarchy,sc_proteomics,
1359,cell,CL:0000000,cell,connective tissue cell,CL:0002320,connective tissue cell,stromal cell,CL:0000499,stromal cell,,,,,,,,,,,,,,,,,,,,,,,,,,,,vccf-expert-slim-hierarchy,sc_proteomics,
1360,cell,CL:0000000,cell,connective tissue cell,CL:0002320,connective tissue cell,stromal cell,CL:0000499,stromal cell,stromal cell:podoplanin-positive,CL:0000499,stromal cell:podoplanin-positive,,,,,,,,,,,,,,,,,,,,,,,,,vccf-expert-slim-hierarchy,sc_proteomics,
1361,cell,CL:0000000,cell,connective tissue cell,CL:0002320,connective tissue cell,stromal cell,CL:0000499,stromal cell,stromal cell:podoplanin-positive,CL:0000499,stromal cell:podoplanin-positive,,,,,,,,,,,,,,,,,,,,,,,,,vccf-expert-slim-hierarchy,sc_proteomics,
1362,cell,CL:0000000,cell,hematopoietic cell,CL:0000988,hematopoietic cell,leukocyte,CL:0000738,leukocyte,mononuclear leukocyte,CL:0000842,mononuclear leukocyte,lymphocyte,CL:0000542,lymphocyte,T cell,CL:0000084,T cell,,,,,,,,,,,,,,,,,,,vccf-expert-slim-hierarchy,sc_proteomics,
1363,cell,CL:0000000,cell,hematopoietic cell,CL:0000988,hematopoietic cell,leukocyte,CL:0000738,leukocyte,mononuclear leukocyte,CL:0000842,mononuclear leukocyte,lymphocyte,CL:0000542,lymphocyte,T cell,CL:0000084,T cell,,,,,,,,,,,,,,,,,,,vccf-expert-slim-hierarchy,sc_proteomics,
1364,cell,CL:0000000,cell,hematopoietic cell,CL:0000988,hematopoietic cell,leukocyte,CL:0000738,leukocyte,mononuclear leukocyte,CL:0000842,mononuclear leukocyte,lymphocyte,CL:0000542,lymphocyte,T cell,CL:0000084,T cell,,,,,,,,,,,,,,,,,,,vccf-expert-slim-hierarchy,sc_proteomics,
1365,cell,CL:0000000,cell,hematopoietic cell,CL:0000988,hematopoietic cell,leukocyte,CL:0000738,leukocyte,mononuclear leukocyte,CL:0000842,mononuclear leukocyte,lymphocyte,CL:0000542,lymphocyte,T cell,CL:0000084,T cell,,,,,,,,,,,,,,,,,,,vccf-expert-slim-hierarchy,sc_proteomics,
1366,cell,CL:0000000,cell,hematopoietic cell,CL:0000988,hematopoietic cell,leukocyte,CL:0000738,leukocyte,mononuclear leukocyte,CL:0000842,mononuclear leukocyte,lymphocyte,CL:0000542,lymphocyte,T cell,CL:0000084,T cell,,,,,,,,,,,,,,,,,,,vccf-expert-slim-hierarchy,sc_proteomics,
1367,cell,CL:0000000,cell,hematopoietic cell,CL:0000988,hematopoietic cell,leukocyte,CL:0000738,leukocyte,mononuclear leukocyte,CL:0000842,mononuclear leukocyte,lymphocyte,CL:0000542,lymphocyte,T cell,CL:0000084,T cell,mature T cell,CL:0002419,mature T cell,mature alpha-beta T cell,CL:0000791,mature alpha-beta T cell,"CD4-positive, alpha-beta T cell",CL:0000624,"CD4-positive, alpha-beta T cell",,,,,,,,,,vccf-expert-slim-hierarchy,sc_proteomics,
1368,cell,CL:0000000,cell,hematopoietic cell,CL:0000988,hematopoietic cell,leukocyte,CL:0000738,leukocyte,mononuclear leukocyte,CL:0000842,mononuclear leukocyte,lymphocyte,CL:0000542,lymphocyte,T cell,CL:0000084,T cell,mature T cell,CL:0002419,mature T cell,mature alpha-beta T cell,CL:0000791,mature alpha-beta T cell,"CD4-positive, alpha-beta T cell",CL:0000624,"CD4-positive, alpha-beta T cell",,,,,,,,,,vccf-expert-slim-hierarchy,sc_proteomics,
1369,cell,CL:0000000,cell,hematopoietic cell,CL:0000988,hematopoietic cell,leukocyte,CL:0000738,leukocyte,mononuclear leukocyte,CL:0000842,mononuclear leukocyte,lymphocyte,CL:0000542,lymphocyte,T cell,CL:0000084,T cell,mature T cell,CL:0002419,mature T cell,mature alpha-beta T cell,CL:0000791,mature alpha-beta T cell,"CD4-positive, alpha-beta T cell",CL:0000624,"CD4-positive, alpha-beta T cell",,,,,,,,,,vccf-expert-slim-hierarchy,sc_proteomics,
1370,cell,CL:0000000,cell,hematopoietic cell,CL:0000988,hematopoietic cell,leukocyte,CL:0000738,leukocyte,mononuclear leukocyte,CL:0000842,mononuclear leukocyte,lymphocyte,CL:0000542,lymphocyte,T cell,CL:0000084,T cell,mature T cell,CL:0002419,mature T cell,mature alpha-beta T cell,CL:0000791,mature alpha-beta T cell,"CD4-positive, alpha-beta T cell",CL:0000624,"CD4-positive, alpha-beta T cell",,,,,,,,,,vccf-expert-slim-hierarchy,sc_proteomics,
1371,cell,CL:0000000,cell,hematopoietic cell,CL:0000988,hematopoietic cell,leukocyte,CL:0000738,leukocyte,mononuclear leukocyte,CL:0000842,mononuclear leukocyte,lymphocyte,CL:0000542,lymphocyte,T cell,CL:0000084,T cell,mature T cell,CL:0002419,mature T cell,mature alpha-beta T cell,CL:0000791,mature alpha-beta T cell,"CD4-positive, alpha-beta T cell",CL:0000624,"CD4-positive, alpha-beta T cell",,,,,,,,,,vccf-expert-slim-hierarchy,sc_proteomics,
1372,cell,CL:0000000,cell,hematopoietic cell,CL:0000988,hematopoietic cell,leukocyte,CL:0000738,leukocyte,mononuclear leukocyte,CL:0000842,mononuclear leukocyte,lymphocyte,CL:0000542,lymphocyte,T cell,CL:0000084,T cell,mature T cell,CL:0002419,mature T cell,mature alpha-beta T cell,CL:0000791,mature alpha-beta T cell,"CD4-positive, alpha-beta T cell",CL:0000624,"CD4-positive, alpha-beta T cell",,,,,,,,,,vccf-expert-slim-hierarchy,sc_proteomics,
1373,cell,CL:0000000,cell,hematopoietic cell,CL:0000988,hematopoietic cell,leukocyte,CL:0000738,leukocyte,mononuclear leukocyte,CL:0000842,mononuclear leukocyte,lymphocyte,CL:0000542,lymphocyte,T cell,CL:0000084,T cell,mature T cell,CL:0002419,mature T cell,mature alpha-beta T cell,CL:0000791,mature alpha-beta T cell,"CD4-positive, alpha-beta T cell",CL:0000624,"CD4-positive, alpha-beta T cell",,,,,,,,,,vccf-expert-slim-hierarchy,sc_proteomics,
1374,cell,CL:0000000,cell,hematopoietic cell,CL:0000988,hematopoietic cell,leukocyte,CL:0000738,leukocyte,mononuclear leukocyte,CL:0000842,mononuclear leukocyte,lymphocyte,CL:0000542,lymphocyte,T cell,CL:0000084,T cell,mature T cell,CL:0002419,mature T cell,mature alpha-beta T cell,CL:0000791,mature alpha-beta T cell,"CD4-positive, alpha-beta T cell",CL:0000624,"CD4-positive, alpha-beta T cell",,,,,,,,,,vccf-expert-slim-hierarchy,sc_proteomics,
1375,cell,CL:0000000,cell,hematopoietic cell,CL:0000988,hematopoietic cell,leukocyte,CL:0000738,leukocyte,mononuclear leukocyte,CL:0000842,mononuclear leukocyte,lymphocyte,CL:0000542,lymphocyte,T cell,CL:0000084,T cell,mature T cell,CL:0002419,mature T cell,mature alpha-beta T cell,CL:0000791,mature alpha-beta T cell,"CD4-positive, alpha-beta T cell",CL:0000624,"CD4-positive, alpha-beta T cell",,,,,,,,,,vccf-expert-slim-hierarchy,sc_proteomics,
1376,cell,CL:0000000,cell,hematopoietic cell,CL:0000988,hematopoietic cell,leukocyte,CL:0000738,leukocyte,mononuclear leukocyte,CL:0000842,mononuclear leukocyte,lymphocyte,CL:0000542,lymphocyte,T cell,CL:0000084,T cell,mature T cell,CL:0002419,mature T cell,mature alpha-beta T cell,CL:0000791,mature alpha-beta T cell,"CD4-positive, alpha-beta T cell",CL:0000624,"CD4-positive, alpha-beta T cell",,,,,,,,,,vccf-expert-slim-hierarchy,sc_proteomics,
1377,cell,CL:0000000,cell,hematopoietic cell,CL:0000988,hematopoietic cell,leukocyte,CL:0000738,leukocyte,mononuclear leukocyte,CL:0000842,mononuclear leukocyte,lymphocyte,CL:0000542,lymphocyte,T cell,CL:0000084,T cell,mature T cell,CL:0002419,mature T cell,mature alpha-beta T cell,CL:0000791,mature alpha-beta T cell,"CD4-positive, alpha-beta T cell",CL:0000624,"CD4-positive, alpha-beta T cell",,,,,,,,,,vccf-expert-slim-hierarchy,sc_proteomics,
1378,cell,CL:0000000,cell,hematopoietic cell,CL:0000988,hematopoietic cell,leukocyte,CL:0000738,leukocyte,mononuclear leukocyte,CL:0000842,mononuclear leukocyte,lymphocyte,CL:0000542,lymphocyte,T cell,CL:0000084,T cell,mature T cell,CL:0002419,mature T cell,mature alpha-beta T cell,CL:0000791,mature alpha-beta T cell,"CD4-positive, alpha-beta T cell",CL:0000624,"CD4-positive, alpha-beta T cell","CD4-positive, alpha-beta memory T cell",CL:0000897,"CD4-positive, alpha-beta memory T cell","lung resident memory CD4-positive, alpha-beta T cell",CL:4033038,"lung resident memory CD4-positive, alpha-beta T cell",,,,vccf-expert-slim-hierarchy,sc_proteomics,
1379,cell,CL:0000000,cell,hematopoietic cell,CL:0000988,hematopoietic cell,leukocyte,CL:0000738,leukocyte,mononuclear leukocyte,CL:0000842,mononuclear leukocyte,lymphocyte,CL:0000542,lymphocyte,T cell,CL:0000084,T cell,mature T cell,CL:0002419,mature T cell,mature alpha-beta T cell,CL:0000791,mature alpha-beta T cell,"CD4-positive, alpha-beta T cell",CL:0000624,"CD4-positive, alpha-beta T cell",,,,,,,,,,vccf-expert-slim-hierarchy,sc_proteomics,
1380,cell,CL:0000000,cell,hematopoietic cell,CL:0000988,hematopoietic cell,leukocyte,CL:0000738,leukocyte,mononuclear leukocyte,CL:0000842,mononuclear leukocyte,lymphocyte,CL:0000542,lymphocyte,T cell,CL:0000084,T cell,mature T cell,CL:0002419,mature T cell,mature alpha-beta T cell,CL:0000791,mature alpha-beta T cell,"CD4-positive, alpha-beta T cell",CL:0000624,"CD4-positive, alpha-beta T cell",,,,,,,,,,vccf-expert-slim-hierarchy,sc_proteomics,
1381,cell,CL:0000000,cell,hematopoietic cell,CL:0000988,hematopoietic cell,leukocyte,CL:0000738,leukocyte,mononuclear leukocyte,CL:0000842,mononuclear leukocyte,lymphocyte,CL:0000542,lymphocyte,T cell,CL:0000084,T cell,mature T cell,CL:0002419,mature T cell,effector T cell,CL:0000911,effector T cell,"effector CD4-positive, alpha-beta T cell",CL:0001044,"effector CD4-positive, alpha-beta T cell",,,,,,,,,,vccf-expert-slim-hierarchy,sc_proteomics,
1382,cell,CL:0000000,cell,hematopoietic cell,CL:0000988,hematopoietic cell,leukocyte,CL:0000738,leukocyte,mononuclear leukocyte,CL:0000842,mononuclear leukocyte,lymphocyte,CL:0000542,lymphocyte,T cell,CL:0000084,T cell,mature T cell,CL:0002419,mature T cell,mature alpha-beta T cell,CL:0000791,mature alpha-beta T cell,"CD4-positive, alpha-beta T cell",CL:0000624,"CD4-positive, alpha-beta T cell","CD4-positive, alpha-beta memory T cell",CL:0000897,"CD4-positive, alpha-beta memory T cell",,,,,,,vccf-expert-slim-hierarchy,sc_proteomics,
1383,cell,CL:0000000,cell,hematopoietic cell,CL:0000988,hematopoietic cell,leukocyte,CL:0000738,leukocyte,mononuclear leukocyte,CL:0000842,mononuclear leukocyte,lymphocyte,CL:0000542,lymphocyte,T cell,CL:0000084,T cell,mature T cell,CL:0002419,mature T cell,naive T cell,CL:0000898,naive T cell,"naive thymus-derived CD4-positive, alpha-beta T cell",CL:0000895,"naive thymus-derived CD4-positive, alpha-beta T cell",,,,,,,,,,vccf-expert-slim-hierarchy,sc_proteomics,
1384,cell,CL:0000000,cell,hematopoietic cell,CL:0000988,hematopoietic cell,leukocyte,CL:0000738,leukocyte,mononuclear leukocyte,CL:0000842,mononuclear leukocyte,lymphocyte,CL:0000542,lymphocyte,T cell,CL:0000084,T cell,mature T cell,CL:0002419,mature T cell,mature alpha-beta T cell,CL:0000791,mature alpha-beta T cell,"CD4-positive, alpha-beta T cell",CL:0000624,"CD4-positive, alpha-beta T cell","CD4-positive, alpha-beta T cell:pdl1-positive",CL:0000624,"CD4-positive, alpha-beta T cell:pdl1-positive",,,,,,,vccf-expert-slim-hierarchy,sc_proteomics,
1385,cell,CL:0000000,cell,hematopoietic cell,CL:0000988,hematopoietic cell,leukocyte,CL:0000738,leukocyte,mononuclear leukocyte,CL:0000842,mononuclear leukocyte,lymphocyte,CL:0000542,lymphocyte,T cell,CL:0000084,T cell,mature T cell,CL:0002419,mature T cell,mature alpha-beta T cell,CL:0000791,mature alpha-beta T cell,"CD8-positive, alpha-beta T cell",CL:0000625,"CD8-positive, alpha-beta T cell","CD8-positive, alpha-beta memory T cell",CL:0000909,"CD8-positive, alpha-beta memory T cell","lung resident memory CD8-positive, alpha-beta T cell",CL:4033039,"lung resident memory CD8-positive, alpha-beta T cell",,,,vccf-expert-slim-hierarchy,sc_proteomics,
1386,cell,CL:0000000,cell,hematopoietic cell,CL:0000988,hematopoietic cell,leukocyte,CL:0000738,leukocyte,mononuclear leukocyte,CL:0000842,mononuclear leukocyte,lymphocyte,CL:0000542,lymphocyte,T cell,CL:0000084,T cell,mature T cell,CL:0002419,mature T cell,mature alpha-beta T cell,CL:0000791,mature alpha-beta T cell,"CD8-positive, alpha-beta T cell",CL:0000625,"CD8-positive, alpha-beta T cell","CD8-positive, alpha-beta memory T cell",CL:0000909,"CD8-positive, alpha-beta memory T cell","lung resident memory CD8-positive, alpha-beta T cell",CL:4033039,"lung resident memory CD8-positive, alpha-beta T cell",,,,vccf-expert-slim-hierarchy,sc_proteomics,
1387,cell,CL:0000000,cell,hematopoietic cell,CL:0000988,hematopoietic cell,leukocyte,CL:0000738,leukocyte,mononuclear leukocyte,CL:0000842,mononuclear leukocyte,lymphocyte,CL:0000542,lymphocyte,T cell,CL:0000084,T cell,mature T cell,CL:0002419,mature T cell,mature alpha-beta T cell,CL:0000791,mature alpha-beta T cell,"CD8-positive, alpha-beta T cell",CL:0000625,"CD8-positive, alpha-beta T cell",,,,,,,,,,vccf-expert-slim-hierarchy,sc_proteomics,
1388,cell,CL:0000000,cell,hematopoietic cell,CL:0000988,hematopoietic cell,leukocyte,CL:0000738,leukocyte,mononuclear leukocyte,CL:0000842,mononuclear leukocyte,lymphocyte,CL:0000542,lymphocyte,T cell,CL:0000084,T cell,mature T cell,CL:0002419,mature T cell,mature alpha-beta T cell,CL:0000791,mature alpha-beta T cell,"CD8-positive, alpha-beta T cell",CL:0000625,"CD8-positive, alpha-beta T cell",,,,,,,,,,vccf-expert-slim-hierarchy,sc_proteomics,
1389,cell,CL:0000000,cell,hematopoietic cell,CL:0000988,hematopoietic cell,leukocyte,CL:0000738,leukocyte,mononuclear leukocyte,CL:0000842,mononuclear leukocyte,lymphocyte,CL:0000542,lymphocyte,T cell,CL:0000084,T cell,mature T cell,CL:0002419,mature T cell,mature alpha-beta T cell,CL:0000791,mature alpha-beta T cell,"CD8-positive, alpha-beta T cell",CL:0000625,"CD8-positive, alpha-beta T cell",,,,,,,,,,vccf-expert-slim-hierarchy,sc_proteomics,
1390,cell,CL:0000000,cell,hematopoietic cell,CL:0000988,hematopoietic cell,leukocyte,CL:0000738,leukocyte,mononuclear leukocyte,CL:0000842,mononuclear leukocyte,lymphocyte,CL:0000542,lymphocyte,T cell,CL:0000084,T cell,mature T cell,CL:0002419,mature T cell,mature alpha-beta T cell,CL:0000791,mature alpha-beta T cell,"CD8-positive, alpha-beta T cell",CL:0000625,"CD8-positive, alpha-beta T cell",,,,,,,,,,vccf-expert-slim-hierarchy,sc_proteomics,
1391,cell,CL:0000000,cell,hematopoietic cell,CL:0000988,hematopoietic cell,leukocyte,CL:0000738,leukocyte,mononuclear leukocyte,CL:0000842,mononuclear leukocyte,lymphocyte,CL:0000542,lymphocyte,T cell,CL:0000084,T cell,mature T cell,CL:0002419,mature T cell,mature alpha-beta T cell,CL:0000791,mature alpha-beta T cell,"CD8-positive, alpha-beta T cell",CL:0000625,"CD8-positive, alpha-beta T cell","CD8-positive, alpha-beta memory T cell",CL:0000909,"CD8-positive, alpha-beta memory T cell","lung resident memory CD8-positive, alpha-beta T cell",CL:4033039,"lung resident memory CD8-positive, alpha-beta T cell",,,,vccf-expert-slim-hierarchy,sc_proteomics,
1392,cell,CL:0000000,cell,hematopoietic cell,CL:0000988,hematopoietic cell,leukocyte,CL:0000738,leukocyte,mononuclear leukocyte,CL:0000842,mononuclear leukocyte,lymphocyte,CL:0000542,lymphocyte,T cell,CL:0000084,T cell,mature T cell,CL:0002419,mature T cell,mature alpha-beta T cell,CL:0000791,mature alpha-beta T cell,"CD8-positive, alpha-beta T cell",CL:0000625,"CD8-positive, alpha-beta T cell","CD8-positive, alpha-beta memory T cell",CL:0000909,"CD8-positive, alpha-beta memory T cell","lung resident memory CD8-positive, alpha-beta T cell",CL:4033039,"lung resident memory CD8-positive, alpha-beta T cell",,,,vccf-expert-slim-hierarchy,sc_proteomics,
1393,cell,CL:0000000,cell,hematopoietic cell,CL:0000988,hematopoietic cell,leukocyte,CL:0000738,leukocyte,mononuclear leukocyte,CL:0000842,mononuclear leukocyte,lymphocyte,CL:0000542,lymphocyte,T cell,CL:0000084,T cell,mature T cell,CL:0002419,mature T cell,mature alpha-beta T cell,CL:0000791,mature alpha-beta T cell,"CD8-positive, alpha-beta T cell",CL:0000625,"CD8-positive, alpha-beta T cell","CD8-positive, alpha-beta memory T cell",CL:0000909,"CD8-positive, alpha-beta memory T cell","lung resident memory CD8-positive, alpha-beta T cell",CL:4033039,"lung resident memory CD8-positive, alpha-beta T cell",,,,vccf-expert-slim-hierarchy,sc_proteomics,
1394,cell,CL:0000000,cell,hematopoietic cell,CL:0000988,hematopoietic cell,leukocyte,CL:0000738,leukocyte,mononuclear leukocyte,CL:0000842,mononuclear leukocyte,lymphocyte,CL:0000542,lymphocyte,T cell,CL:0000084,T cell,mature T cell,CL:0002419,mature T cell,mature alpha-beta T cell,CL:0000791,mature alpha-beta T cell,"CD8-positive, alpha-beta T cell",CL:0000625,"CD8-positive, alpha-beta T cell",,,,,,,,,,vccf-expert-slim-hierarchy,sc_proteomics,
1395,cell,CL:0000000,cell,hematopoietic cell,CL:0000988,hematopoietic cell,leukocyte,CL:0000738,leukocyte,mononuclear leukocyte,CL:0000842,mononuclear leukocyte,lymphocyte,CL:0000542,lymphocyte,T cell,CL:0000084,T cell,mature T cell,CL:0002419,mature T cell,mature alpha-beta T cell,CL:0000791,mature alpha-beta T cell,"CD8-positive, alpha-beta T cell",CL:0000625,"CD8-positive, alpha-beta T cell",,,,,,,,,,vccf-expert-slim-hierarchy,sc_proteomics,
1396,cell,CL:0000000,cell,hematopoietic cell,CL:0000988,hematopoietic cell,leukocyte,CL:0000738,leukocyte,mononuclear leukocyte,CL:0000842,mononuclear leukocyte,lymphocyte,CL:0000542,lymphocyte,T cell,CL:0000084,T cell,mature T cell,CL:0002419,mature T cell,mature alpha-beta T cell,CL:0000791,mature alpha-beta T cell,"CD8-positive, alpha-beta T cell",CL:0000625,"CD8-positive, alpha-beta T cell",,,,,,,,,,vccf-expert-slim-hierarchy,sc_proteomics,
1397,cell,CL:0000000,cell,hematopoietic cell,CL:0000988,hematopoietic cell,leukocyte,CL:0000738,leukocyte,mononuclear leukocyte,CL:0000842,mononuclear leukocyte,lymphocyte,CL:0000542,lymphocyte,T cell,CL:0000084,T cell,mature T cell,CL:0002419,mature T cell,mature alpha-beta T cell,CL:0000791,mature alpha-beta T cell,"CD8-positive, alpha-beta T cell",CL:0000625,"CD8-positive, alpha-beta T cell",,,,,,,,,,vccf-expert-slim-hierarchy,sc_proteomics,
1398,cell,CL:0000000,cell,hematopoietic cell,CL:0000988,hematopoietic cell,leukocyte,CL:0000738,leukocyte,mononuclear leukocyte,CL:0000842,mononuclear leukocyte,lymphocyte,CL:0000542,lymphocyte,T cell,CL:0000084,T cell,mature T cell,CL:0002419,mature T cell,mature alpha-beta T cell,CL:0000791,mature alpha-beta T cell,"CD8-positive, alpha-beta T cell",CL:0000625,"CD8-positive, alpha-beta T cell","CD8-positive, alpha-beta memory T cell",CL:0000909,"CD8-positive, alpha-beta memory T cell","CD8-positive, alpha-beta memory T cell, CD45RO-positive",CL:0001203,"CD8-positive, alpha-beta memory T cell, CD45RO-positive","effector memory CD8-positive, alpha-beta T cell",CL:0000913,"effector memory CD8-positive, alpha-beta T cell",vccf-expert-slim-hierarchy,sc_proteomics,
1399,cell,CL:0000000,cell,hematopoietic cell,CL:0000988,hematopoietic cell,leukocyte,CL:0000738,leukocyte,mononuclear leukocyte,CL:0000842,mononuclear leukocyte,lymphocyte,CL:0000542,lymphocyte,T cell,CL:0000084,T cell,mature T cell,CL:0002419,mature T cell,mature alpha-beta T cell,CL:0000791,mature alpha-beta T cell,"CD8-positive, alpha-beta T cell",CL:0000625,"CD8-positive, alpha-beta T cell","CD8-positive, alpha-beta memory T cell",CL:0000909,"CD8-positive, alpha-beta memory T cell",,,,,,,vccf-expert-slim-hierarchy,sc_proteomics,
1400,cell,CL:0000000,cell,hematopoietic cell,CL:0000988,hematopoietic cell,leukocyte,CL:0000738,leukocyte,mononuclear leukocyte,CL:0000842,mononuclear leukocyte,lymphocyte,CL:0000542,lymphocyte,T cell,CL:0000084,T cell,mature T cell,CL:0002419,mature T cell,mature alpha-beta T cell,CL:0000791,mature alpha-beta T cell,"CD8-positive, alpha-beta T cell",CL:0000625,"CD8-positive, alpha-beta T cell","CD8-positive, alpha-beta regulatory T cell",CL:0000795,"CD8-positive, alpha-beta regulatory T cell",,,,,,,vccf-expert-slim-hierarchy,sc_proteomics,
1401,cell,CL:0000000,cell,hematopoietic cell,CL:0000988,hematopoietic cell,leukocyte,CL:0000738,leukocyte,mononuclear leukocyte,CL:0000842,mononuclear leukocyte,lymphocyte,CL:0000542,lymphocyte,T cell,CL:0000084,T cell,mature T cell,CL:0002419,mature T cell,mature alpha-beta T cell,CL:0000791,mature alpha-beta T cell,"CD8-positive, alpha-beta T cell",CL:0000625,"CD8-positive, alpha-beta T cell","CD8-positive, alpha-beta T cell:CD161-positive",CL:0000625,"CD8-positive, alpha-beta T cell:CD161-positive",,,,,,,vccf-expert-slim-hierarchy,sc_proteomics,
1402,cell,CL:0000000,cell,hematopoietic cell,CL:0000988,hematopoietic cell,leukocyte,CL:0000738,leukocyte,mononuclear leukocyte,CL:0000842,mononuclear leukocyte,lymphocyte,CL:0000542,lymphocyte,T cell,CL:0000084,T cell,mature T cell,CL:0002419,mature T cell,mature alpha-beta T cell,CL:0000791,mature alpha-beta T cell,"CD8-positive, alpha-beta T cell",CL:0000625,"CD8-positive, alpha-beta T cell","CD8-positive, alpha-beta T cell:pdl1-positive",CL:0000625,"CD8-positive, alpha-beta T cell:pdl1-positive",,,,,,,vccf-expert-slim-hierarchy,sc_proteomics,
1403,cell,CL:0000000,cell,hematopoietic cell,CL:0000988,hematopoietic cell,leukocyte,CL:0000738,leukocyte,mononuclear leukocyte,CL:0000842,mononuclear leukocyte,lymphocyte,CL:0000542,lymphocyte,T cell,CL:0000084,T cell,mature T cell,CL:0002419,mature T cell,mature alpha-beta T cell,CL:0000791,mature alpha-beta T cell,"CD4-positive, alpha-beta T cell",CL:0000624,"CD4-positive, alpha-beta T cell",CD4-positive helper T cell,CL:0000492,CD4-positive helper T cell,T follicular helper cell,CL:0002038,T follicular helper cell,,,,vccf-expert-slim-hierarchy,sc_proteomics,
1404,cell,CL:0000000,cell,hematopoietic cell,CL:0000988,hematopoietic cell,leukocyte,CL:0000738,leukocyte,mononuclear leukocyte,CL:0000842,mononuclear leukocyte,lymphocyte,CL:0000542,lymphocyte,T cell,CL:0000084,T cell,mature T cell,CL:0002419,mature T cell,mature alpha-beta T cell,CL:0000791,mature alpha-beta T cell,"CD4-positive, alpha-beta T cell",CL:0000624,"CD4-positive, alpha-beta T cell",CD4-positive helper T cell,CL:0000492,CD4-positive helper T cell,T follicular helper cell,CL:0002038,T follicular helper cell,,,,vccf-expert-slim-hierarchy,sc_proteomics,
1405,cell,CL:0000000,cell,hematopoietic cell,CL:0000988,hematopoietic cell,leukocyte,CL:0000738,leukocyte,mononuclear leukocyte,CL:0000842,mononuclear leukocyte,lymphocyte,CL:0000542,lymphocyte,T cell,CL:0000084,T cell,mature T cell,CL:0002419,mature T cell,mature alpha-beta T cell,CL:0000791,mature alpha-beta T cell,mature NK T cell,CL:0000814,mature NK T cell,,,,,,,,,,vccf-expert-slim-hierarchy,sc_proteomics,
1406,cell,CL:0000000,cell,hematopoietic cell,CL:0000988,hematopoietic cell,leukocyte,CL:0000738,leukocyte,mononuclear leukocyte,CL:0000842,mononuclear leukocyte,lymphocyte,CL:0000542,lymphocyte,T cell,CL:0000084,T cell,mature T cell,CL:0002419,mature T cell,mature alpha-beta T cell,CL:0000791,mature alpha-beta T cell,mature NK T cell,CL:0000814,mature NK T cell,,,,,,,,,,vccf-expert-slim-hierarchy,sc_proteomics,
1407,cell,CL:0000000,cell,hematopoietic cell,CL:0000988,hematopoietic cell,leukocyte,CL:0000738,leukocyte,mononuclear leukocyte,CL:0000842,mononuclear leukocyte,lymphocyte,CL:0000542,lymphocyte,T cell,CL:0000084,T cell,mature T cell,CL:0002419,mature T cell,memory T cell,CL:0000813,memory T cell,,,,,,,,,,,,,vccf-expert-slim-hierarchy,sc_proteomics,
1408,cell,CL:0000000,cell,hematopoietic cell,CL:0000988,hematopoietic cell,leukocyte,CL:0000738,leukocyte,mononuclear leukocyte,CL:0000842,mononuclear leukocyte,lymphocyte,CL:0000542,lymphocyte,T cell,CL:0000084,T cell,mature T cell,CL:0002419,mature T cell,naive T cell,CL:0000898,naive T cell,,,,,,,,,,,,,vccf-expert-slim-hierarchy,sc_proteomics,
1409,cell,CL:0000000,cell,hematopoietic cell,CL:0000988,hematopoietic cell,leukocyte,CL:0000738,leukocyte,mononuclear leukocyte,CL:0000842,mononuclear leukocyte,lymphocyte,CL:0000542,lymphocyte,T cell,CL:0000084,T cell,mature T cell,CL:0002419,mature T cell,regulatory T cell,CL:0000815,regulatory T cell,,,,,,,,,,,,,vccf-expert-slim-hierarchy,sc_proteomics,
1410,cell,CL:0000000,cell,hematopoietic cell,CL:0000988,hematopoietic cell,leukocyte,CL:0000738,leukocyte,mononuclear leukocyte,CL:0000842,mononuclear leukocyte,lymphocyte,CL:0000542,lymphocyte,T cell,CL:0000084,T cell,mature T cell,CL:0002419,mature T cell,regulatory T cell,CL:0000815,regulatory T cell,,,,,,,,,,,,,vccf-expert-slim-hierarchy,sc_proteomics,
1411,cell,CL:0000000,cell,hematopoietic cell,CL:0000988,hematopoietic cell,leukocyte,CL:0000738,leukocyte,mononuclear leukocyte,CL:0000842,mononuclear leukocyte,lymphocyte,CL:0000542,lymphocyte,T cell,CL:0000084,T cell,mature T cell,CL:0002419,mature T cell,regulatory T cell,CL:0000815,regulatory T cell,,,,,,,,,,,,,vccf-expert-slim-hierarchy,sc_proteomics,
1412,cell,CL:0000000,cell,hematopoietic cell,CL:0000988,hematopoietic cell,leukocyte,CL:0000738,leukocyte,mononuclear leukocyte,CL:0000842,mononuclear leukocyte,lymphocyte,CL:0000542,lymphocyte,T cell,CL:0000084,T cell,mature T cell,CL:0002419,mature T cell,regulatory T cell,CL:0000815,regulatory T cell,,,,,,,,,,,,,vccf-expert-slim-hierarchy,sc_proteomics,
1413,cell,CL:0000000,cell,hematopoietic cell,CL:0000988,hematopoietic cell,leukocyte,CL:0000738,leukocyte,mononuclear leukocyte,CL:0000842,mononuclear leukocyte,lymphocyte,CL:0000542,lymphocyte,T cell,CL:0000084,T cell,mature T cell,CL:0002419,mature T cell,regulatory T cell,CL:0000815,regulatory T cell,,,,,,,,,,,,,vccf-expert-slim-hierarchy,sc_proteomics,
1414,cell,CL:0000000,cell,hematopoietic cell,CL:0000988,hematopoietic cell,leukocyte,CL:0000738,leukocyte,mononuclear leukocyte,CL:0000842,mononuclear leukocyte,lymphocyte,CL:0000542,lymphocyte,T cell,CL:0000084,T cell,mature T cell,CL:0002419,mature T cell,regulatory T cell,CL:0000815,regulatory T cell,,,,,,,,,,,,,vccf-expert-slim-hierarchy,sc_proteomics,
1415,cell,CL:0000000,cell,hematopoietic cell,CL:0000988,hematopoietic cell,leukocyte,CL:0000738,leukocyte,mononuclear leukocyte,CL:0000842,mononuclear leukocyte,lymphocyte,CL:0000542,lymphocyte,T cell,CL:0000084,T cell,mature T cell,CL:0002419,mature T cell,regulatory T cell,CL:0000815,regulatory T cell,,,,,,,,,,,,,vccf-expert-slim-hierarchy,sc_proteomics,
1416,cell,CL:0000000,cell,hematopoietic cell,CL:0000988,hematopoietic cell,leukocyte,CL:0000738,leukocyte,mononuclear leukocyte,CL:0000842,mononuclear leukocyte,lymphocyte,CL:0000542,lymphocyte,T cell,CL:0000084,T cell,mature T cell,CL:0002419,mature T cell,regulatory T cell,CL:0000815,regulatory T cell,,,,,,,,,,,,,vccf-expert-slim-hierarchy,sc_proteomics,
1417,cell,CL:0000000,cell,hematopoietic cell,CL:0000988,hematopoietic cell,leukocyte,CL:0000738,leukocyte,mononuclear leukocyte,CL:0000842,mononuclear leukocyte,lymphocyte,CL:0000542,lymphocyte,T cell,CL:0000084,T cell,T cell:tim3-positive,CL:0000084,T cell:tim3-positive,,,,,,,,,,,,,,,,vccf-expert-slim-hierarchy,sc_proteomics,
1418,cell,CL:0000000,cell,hematopoietic cell,CL:0000988,hematopoietic cell,leukocyte,CL:0000738,leukocyte,mononuclear leukocyte,CL:0000842,mononuclear leukocyte,lymphocyte,CL:0000542,lymphocyte,T cell,CL:0000084,T cell,immature T cell,CL:0002420,immature T cell,thymocyte,CL:0000893,thymocyte,"double-positive, alpha-beta thymocyte",CL:0000809,"double-positive, alpha-beta thymocyte","CD4-intermediate, CD8-positive double-positive thymocyte",CL:0002430,"CD4-intermediate, CD8-positive double-positive thymocyte",,,,,,,vccf-expert-slim-hierarchy,sc_proteomics,
1419,cell,CL:0000000,cell,epithelial cell,CL:0000066,epithelial cell,tuft cell,CL:0002204,tuft cell,intestinal tuft cell,CL:0019032,intestinal tuft cell,,,,,,,,,,,,,,,,,,,,,,,,,vccf-expert-slim-hierarchy,sc_proteomics,
1420,cell,CL:0000000,cell,epithelial cell,CL:0000066,epithelial cell,,,,,,,,,,,,,,,,,,,,,,,,,,,,,,,Martin,,
1421,cell,CL:0000000,cell,endothelial cell,CL:0000115,endothelial cell,,,,,,,,,,,,,,,,,,,,,,,,,,,,,,,Martin,,
1422,cell,CL:0000000,cell,hematopoietic cell,CL:0000988,hematopoietic cell,leukocyte,CL:0000738,leukocyte,,,,,,,,,,,,,,,,,,,,,,,,,,,,Martin,,
1423,cell,CL:0000000,cell,connective tissue cell,CL:0002320,connective tissue cell,stromal cell,CL:0000499,stromal cell,stromal cell,,,,,,,,,,,,,,,,,,,,,,,,,,,Martin,,
1424,cell,CL:0000000,cell,neural cell,CL:0002319,neural cell,,,,,,,,,,,,,,,,,,,,,,,,,,,,,,,Martin,,
1425,cell,CL:0000000,cell,endothelial cell,CL:0000115,endothelial cell,cardiac endothelial cell,CL:0010008,cardiac endothelial cell,endocardial cell,CL:0002350,endocardial cell,,,,,,,,,,,,,,,,,,,,,,,,,Martin,,
1426,cell,CL:0000000,cell,connective tissue cell,CL:0002320,connective tissue cell,stromal cell,CL:0000499,stromal cell,fibroblast,CL:0000057,fibroblast,,,,,,,,,,,,,,,,,,,,,,,,,Martin,,
1427,cell,CL:0000000,cell,connective tissue cell,CL:0002320,connective tissue cell,stromal cell,CL:0000499,stromal cell,fibroblast,CL:0000057,fibroblast,fibroblast of cardiac tissue,CL:0002548,fibroblast of cardiac tissue,,,,,,,,,,,,,,,,,,,,,,Martin,,
1428,cell,CL:0000000,cell,connective tissue cell,CL:0002320,connective tissue cell,myofibroblast cell,CL:0000186,myofibroblast cell,,,,,,,,,,,,,,,,,,,,,,,,,,,,Martin,,
1429,cell,CL:0000000,cell,connective tissue cell,CL:0002320,connective tissue cell,pericyte,CL:0000669,pericyte,,,,,,,,,,,,,,,,,,,,,,,,,,,,Martin,,
1430,cell,CL:0000000,cell,connective tissue cell,CL:0002320,connective tissue cell,adipocyte,CL:0000136,adipocyte,,,,,,,,,,,,,,,,,,,,,,,,,,,,Martin,,
1431,cell,CL:0000000,cell,epithelial cell,CL:0000066,epithelial cell,follicular cell of ovary,CL:0002174,follicular cell of ovary,granulosa cell,CL:0000501,granulosa cell,,,,,,,,,,,,,,,,,,,,,,,,,Martin,,
1432,cell,CL:0000000,cell,muscle cell,CL:0000187,muscle cell,striated muscle cell,CL:0000737,striated muscle cell,cardiac muscle cell,CL:0000746,cardiac muscle cell,ventricular cardiac muscle cell,CL:2000046,ventricular cardiac muscle cell,,,,,,,,,,,,,,,,,,,,,,Martin,,
1433,cell,CL:0000000,cell,epithelial cell,CL:0000066,epithelial cell,meso-epithelial cell,CL:0002078,meso-epithelial cell,mesothelial cell,CL:0000077,mesothelial cell,mesothelial cell of epicardium,CL:0011019,mesothelial cell of epicardium,,,,,,,,,,,,,,,,,,,,,,Martin,,
1434,cell,CL:0000000,cell,hematopoietic cell,CL:0000988,hematopoietic cell,myeloid cell,CL:0000763,myeloid cell,,,,,,,,,,,,,,,,,,,,,,,,,,,,Martin,,
1435,cell,CL:0000000,cell,hematopoietic cell,CL:0000988,hematopoietic cell,leukocyte,CL:0000738,leukocyte,mononuclear leukocyte,CL:0000842,mononuclear leukocyte,lymphocyte,CL:0000542,lymphocyte,lymphocyte of B lineage,CL:0000945,lymphocyte of B lineage,B cell,CL:0000236,B cell,,,,,,,,,,,,,,,,Martin,,
1436,cell,CL:0000000,cell,hematopoietic cell,CL:0000988,hematopoietic cell,leukocyte,CL:0000738,leukocyte,mononuclear leukocyte,CL:0000842,mononuclear leukocyte,lymphocyte,CL:0000542,lymphocyte,T cell,CL:0000084,T cell,,,,,,,,,,,,,,,,,,,Martin,,
1437,cell,CL:0000000,cell,hematopoietic cell,CL:0000988,hematopoietic cell,leukocyte,CL:0000738,leukocyte,mononuclear leukocyte,CL:0000842,mononuclear leukocyte,lymphocyte,CL:0000542,lymphocyte,innate lymphoid cell,CL:0001065,innate lymphoid cell,group 1 innate lymphoid cell,CL:0001067,group 1 innate lymphoid cell,natural killer cell,CL:0000623,natural killer cell,,,,,,,,,,,,,Martin,,
1438,cell,CL:0000000,cell,hematopoietic cell,CL:0000988,hematopoietic cell,leukocyte,CL:0000738,leukocyte,myeloid leukocyte,CL:0000766,myeloid leukocyte,macrophage,CL:0000235,macrophage,tissue-resident macrophage,CL:0000864,tissue-resident macrophage,,,,,,,,,,,,,,,,,,,Martin,,
1439,cell,CL:0000000,cell,hematopoietic cell,CL:0000988,hematopoietic cell,leukocyte,CL:0000738,leukocyte,myeloid leukocyte,CL:0000766,myeloid leukocyte,mast cell,CL:0000097,mast cell,,,,,,,,,,,,,,,,,,,,,,Martin,,
1440,cell,CL:0000000,cell,hematopoietic cell,CL:0000988,hematopoietic cell,leukocyte,CL:0000738,leukocyte,myeloid leukocyte,CL:0000766,myeloid leukocyte,macrophage,CL:0000235,macrophage,elicited macrophage,CL:0000861,elicited macrophage,M2 macrophage,CL:0000890,M2 macrophage,,,,,,,,,,,,,,,,Martin,,
1441,cell,CL:0000000,cell,hematopoietic cell,CL:0000988,hematopoietic cell,leukocyte,CL:0000738,leukocyte,myeloid leukocyte,CL:0000766,myeloid leukocyte,monocyte,CL:0000576,monocyte,classical monocyte,CL:0000860,classical monocyte,,,,,,,,,,,,,,,,,,,Martin,,
1442,cell,CL:0000000,cell,hematopoietic cell,CL:0000988,hematopoietic cell,leukocyte,CL:0000738,leukocyte,myeloid leukocyte,CL:0000766,myeloid leukocyte,monocyte,CL:0000576,monocyte,,,,,,,,,,,,,,,,,,,,,,Martin,,
1443,cell,CL:0000000,cell,hematopoietic cell,CL:0000988,hematopoietic cell,leukocyte,CL:0000738,leukocyte,myeloid leukocyte,CL:0000766,myeloid leukocyte,macrophage,CL:0000235,macrophage,,,,,,,,,,,,,,,,,,,,,,Martin,,
1444,cell,CL:0000000,cell,hematopoietic cell,CL:0000988,hematopoietic cell,leukocyte,CL:0000738,leukocyte,mononuclear leukocyte,CL:0000842,mononuclear leukocyte,mononuclear phagocyte,CL:0000113,mononuclear phagocyte,dendritic cell,CL:0000451,dendritic cell,,,,,,,,,,,,,,,,,,,Martin,,
1445,cell,CL:0000000,cell,hematopoietic cell,CL:0000988,hematopoietic cell,leukocyte,CL:0000738,leukocyte,mononuclear leukocyte,CL:0000842,mononuclear leukocyte,mononuclear phagocyte,CL:0000113,mononuclear phagocyte,dendritic cell,CL:0000451,dendritic cell,plasmacytoid dendritic cell,CL:0000784,plasmacytoid dendritic cell,,,,,,,,,,,,,,,,Martin,,
1446,cell,CL:0000000,cell,precursor cell,CL:0011115,precursor cell,progenitor cell,CL:0011026,progenitor cell,erythroblast,CL:0000765,erythroblast,,,,,,,,,,,,,,,,,,,,,,,,,Martin,,
1447,cell,CL:0000000,cell,hematopoietic cell,CL:0000988,hematopoietic cell,leukocyte,CL:0000738,leukocyte,myeloid leukocyte,CL:0000766,myeloid leukocyte,macrophage,CL:0000235,macrophage,lung macrophage,CL:1001603,lung macrophage,alveolar macrophage,CL:0000583,alveolar macrophage,,,,,,,,,,,,,,,,Martin,,
1448,cell,CL:0000000,cell,epithelial cell,CL:0000066,epithelial cell,columnar/cuboidal epithelial cell,CL:0000075,columnar/cuboidal epithelial cell,brush border epithelial cell,CL:0000239,brush border epithelial cell,enterocyte,CL:0000584,enterocyte,,,,,,,,,,,,,,,,,,,,,,Martin,,
1449,cell,CL:0000000,cell,epithelial cell,CL:0000066,epithelial cell,columnar/cuboidal epithelial cell,CL:0000075,columnar/cuboidal epithelial cell,multiciliated epithelial cell,CL:0005012,multiciliated epithelial cell,,,,,,,,,,,,,,,,,,,,,,,,,Martin,,
1450,cell,CL:0000000,cell,epithelial cell,CL:0000066,epithelial cell,squamous epithelial cell,CL:0000076,squamous epithelial cell,stratified squamous epithelial cell,CL:0000240,stratified squamous epithelial cell,keratinizing barrier epithelial cell,CL:0000237,keratinizing barrier epithelial cell,keratinocyte,CL:0000312,keratinocyte,,,,,,,,,,,,,,,,,,,Martin,,
1451,cell,CL:0000000,cell,epithelial cell,CL:0000066,epithelial cell,secretory epithelial cell,CL:1100001,secretory epithelial cell,goblet cell,CL:0000160,goblet cell,,,,,,,,,,,,,,,,,,,,,,,,,Martin,,
1452,cell,CL:0000000,cell,epithelial cell,CL:0000066,epithelial cell,kidney epithelial cell,CL:0002518,kidney epithelial cell,renal cortical epithelial cell,CL:0002584,renal cortical epithelial cell,kidney corpuscule cell,CL:1000612,kidney corpuscule cell,glomerular cell,CL:1000746,glomerular cell,kidney glomerular epithelial cell,CL:1000510,kidney glomerular epithelial cell,epithelial cell of glomerular capsule,CL:1000450,epithelial cell of glomerular capsule,podocyte,CL:0000653,podocyte,,,,,,,,,,Martin,,
1453,cell,CL:0000000,cell,epithelial cell,CL:0000066,epithelial cell,secretory epithelial cell,CL:1100001,secretory epithelial cell,enteroendocrine cell,CL:0000164,enteroendocrine cell,,,,,,,,,,,,,,,,,,,,,,,,,Martin,,
1454,cell,CL:0000000,cell,epithelial cell,CL:0000066,epithelial cell,duct epithelial cell,CL:0000068,duct epithelial cell,,,,,,,,,,,,,,,,,,,,,,,,,,,,Martin,,
1455,cell,CL:0000000,cell,epithelial cell,CL:0000066,epithelial cell,secretory epithelial cell,CL:1100001,secretory epithelial cell,glandular secretory epithelial cell,CL:0000150,glandular secretory epithelial cell,acinar cell,CL:0000622,acinar cell,,,,,,,,,,,,,,,,,,,,,,Martin,,
1456,cell,CL:0000000,cell,epithelial cell,CL:0000066,epithelial cell,endo-epithelial cell,CL:0002076,endo-epithelial cell,respiratory tract epithelial cell,CL:0002368,respiratory tract epithelial cell,epithelial cell of lower respiratory tract,CL:0002632,epithelial cell of lower respiratory tract,epithelial cell of lung,CL:0000082,epithelial cell of lung,pulmonary alveolar epithelial cell,CL:0000322,pulmonary alveolar epithelial cell,,,,,,,,,,,,,,,,Martin,,
1457,cell,CL:0000000,cell,epithelial cell,CL:0000066,epithelial cell,endo-epithelial cell,CL:0002076,endo-epithelial cell,respiratory tract epithelial cell,CL:0002368,respiratory tract epithelial cell,epithelial cell of lower respiratory tract,CL:0002632,epithelial cell of lower respiratory tract,epithelial cell of lung,CL:0000082,epithelial cell of lung,pulmonary alveolar epithelial cell,CL:0000322,pulmonary alveolar epithelial cell,,,,,,,,,,,,,,,,Martin,,
1458,cell,CL:0000000,cell,epithelial cell,CL:0000066,epithelial cell,hepatocyte,CL:0000182,hepatocyte,,,,,,,,,,,,,,,,,,,,,,,,,,,,Martin,,
1459,cell,CL:0000000,cell,epithelial cell,CL:0000066,epithelial cell,kidney epithelial cell,CL:0002518,kidney epithelial cell,epithelial cell of nephron,CL:1000449,epithelial cell of nephron,nephron tubule epithelial cell,CL:1000494,nephron tubule epithelial cell,epithelial cell of proximal tubule,CL:0002306,epithelial cell of proximal tubule,,,,,,,,,,,,,,,,,,,Martin,,
1460,cell,CL:0000000,cell,epithelial cell,CL:0000066,epithelial cell,kidney epithelial cell,CL:0002518,kidney epithelial cell,epithelial cell of nephron,CL:1000449,epithelial cell of nephron,nephron tubule epithelial cell,CL:1000494,nephron tubule epithelial cell,epithelial cell of distal tubule,CL:0002305,epithelial cell of distal tubule,kidney loop of Henle ascending limb epithelial cell,CL:1001016,kidney loop of Henle ascending limb epithelial cell,,,,,,,,,,,,,,,,Martin,,
1461,cell,CL:0000000,cell,epithelial cell,CL:0000066,epithelial cell,kidney epithelial cell,CL:0002518,kidney epithelial cell,epithelial cell of nephron,CL:1000449,epithelial cell of nephron,kidney collecting duct epithelial cell,CL:1000454,kidney collecting duct epithelial cell,,,,,,,,,,,,,,,,,,,,,,Martin,,
1462,cell,CL:0000000,cell,epithelial cell,CL:0000066,epithelial cell,kidney epithelial cell,CL:0002518,kidney epithelial cell,epithelial cell of nephron,CL:1000449,epithelial cell of nephron,nephron tubule epithelial cell,CL:1000494,nephron tubule epithelial cell,kidney loop of Henle epithelial cell,CL:1000909,kidney loop of Henle epithelial cell,,,,,,,,,,,,,,,,,,,Martin,,
1463,cell,CL:0000000,cell,epithelial cell,CL:0000066,epithelial cell,kidney epithelial cell,CL:0002518,kidney epithelial cell,epithelial cell of nephron,CL:1000449,epithelial cell of nephron,nephron tubule epithelial cell,CL:1000494,nephron tubule epithelial cell,kidney loop of Henle epithelial cell,CL:1000909,kidney loop of Henle epithelial cell,,,,,,,,,,,,,,,,,,,Martin,,
1464,cell,CL:0000000,cell,neural cell,CL:0002319,neural cell,neuron associated cell,CL:0000095,neuron associated cell,glial cell,CL:0000125,glial cell,,,,,,,,,,,,,,,,,,,,,,,,,Martin,,
1465,cell,CL:0000000,cell,neural cell,CL:0002319,neural cell,neuron,CL:0000540,neuron,,,,,,,,,,,,,,,,,,,,,,,,,,,,Martin,,
1466,cell,CL:0000000,cell,melanocyte,CL:0000148,melanocyte,,,,,,,,,,,,,,,,,,,,,,,,,,,,,,,Martin,,
1467,cell,CL:0000000,cell,neural cell,CL:0002319,neural cell,neuron associated cell,CL:0000095,neuron associated cell,glial cell,CL:0000125,glial cell,,,,,,,,,,,,,,,,,,,,,,,,,Martin,,
1468,cell,CL:0000000,cell,hematopoietic cell,CL:0000988,hematopoietic cell,leukocyte,CL:0000738,leukocyte,mononuclear leukocyte,CL:0000842,mononuclear leukocyte,lymphocyte,CL:0000542,lymphocyte,T cell,CL:0000084,T cell,mature T cell,CL:0002419,mature T cell,effector T cell,CL:0000911,effector T cell,cytotoxic T cell,CL:0000910,cytotoxic T cell,,,,,,,,,,Martin,,
1469,cell,CL:0000000,cell,hematopoietic cell,CL:0000988,hematopoietic cell,leukocyte,CL:0000738,leukocyte,mononuclear leukocyte,CL:0000842,mononuclear leukocyte,lymphocyte,CL:0000542,lymphocyte,T cell,CL:0000084,T cell,mature T cell,CL:0002419,mature T cell,mature alpha-beta T cell,CL:0000791,mature alpha-beta T cell,"CD8-positive, alpha-beta T cell",CL:0000625,"CD8-positive, alpha-beta T cell","CD8-positive, alpha-beta T cell:pdl1-positive",CL:0000625,"CD8-positive, alpha-beta T cell:pdl1-positive",,,,,,,Martin,,
1470,cell,CL:0000000,cell,hematopoietic cell,CL:0000988,hematopoietic cell,leukocyte,CL:0000738,leukocyte,mononuclear leukocyte,CL:0000842,mononuclear leukocyte,lymphocyte,CL:0000542,lymphocyte,innate lymphoid cell,CL:0001065,innate lymphoid cell,group 1 innate lymphoid cell,CL:0001067,group 1 innate lymphoid cell,natural killer cell,CL:0000623,natural killer cell,mature natural killer cell,CL:0000824,mature natural killer cell,"CD16-positive, CD56-dim natural killer cell, human",CL:0000939,"CD16-positive, CD56-dim natural killer cell, human",,,,,,,Martin,,
1471,cell,CL:0000000,cell,hematopoietic cell,CL:0000988,hematopoietic cell,leukocyte,CL:0000738,leukocyte,mononuclear leukocyte,CL:0000842,mononuclear leukocyte,lymphocyte,CL:0000542,lymphocyte,innate lymphoid cell,CL:0001065,innate lymphoid cell,group 1 innate lymphoid cell,CL:0001067,group 1 innate lymphoid cell,natural killer cell,CL:0000623,natural killer cell,,,,,,,,,,,,,Martin,,
1472,cell,CL:0000000,cell,hematopoietic cell,CL:0000988,hematopoietic cell,leukocyte,CL:0000738,leukocyte,mononuclear leukocyte,CL:0000842,mononuclear leukocyte,lymphocyte,CL:0000542,lymphocyte,T cell,CL:0000084,T cell,mature T cell,CL:0002419,mature T cell,naive T cell,CL:0000898,naive T cell,"naive thymus-derived CD4-positive, alpha-beta T cell",CL:0000895,"naive thymus-derived CD4-positive, alpha-beta T cell",,,,,,,,,,Martin,,
1473,cell,CL:0000000,cell,hematopoietic cell,CL:0000988,hematopoietic cell,leukocyte,CL:0000738,leukocyte,mononuclear leukocyte,CL:0000842,mononuclear leukocyte,lymphocyte,CL:0000542,lymphocyte,innate lymphoid cell,CL:0001065,innate lymphoid cell,,,,,,,,,,,,,,,,,,,Martin,,
1474,cell,CL:0000000,cell,hematopoietic cell,CL:0000988,hematopoietic cell,leukocyte,CL:0000738,leukocyte,mononuclear leukocyte,CL:0000842,mononuclear leukocyte,lymphocyte,CL:0000542,lymphocyte,T cell,CL:0000084,T cell,mature T cell,CL:0002419,mature T cell,regulatory T cell,CL:0000815,regulatory T cell,,,,,,,,,,,,,Martin,,
1475,cell,CL:0000000,cell,hematopoietic cell,CL:0000988,hematopoietic cell,leukocyte,CL:0000738,leukocyte,mononuclear leukocyte,CL:0000842,mononuclear leukocyte,lymphocyte,CL:0000542,lymphocyte,T cell,CL:0000084,T cell,mature T cell,CL:0002419,mature T cell,mature alpha-beta T cell,CL:0000791,mature alpha-beta T cell,"CD4-positive, alpha-beta T cell",CL:0000624,"CD4-positive, alpha-beta T cell","CD4-positive, alpha-beta memory T cell",CL:0000897,"CD4-positive, alpha-beta memory T cell","CD4-positive, alpha-beta memory T cell, CD45RO-positive",CL:0001204,"CD4-positive, alpha-beta memory T cell, CD45RO-positive","central memory CD4-positive, alpha-beta T cell",CL:0000904,"central memory CD4-positive, alpha-beta T cell",Martin,,
1476,cell,CL:0000000,cell,hematopoietic cell,CL:0000988,hematopoietic cell,leukocyte,CL:0000738,leukocyte,mononuclear leukocyte,CL:0000842,mononuclear leukocyte,lymphocyte,CL:0000542,lymphocyte,T cell,CL:0000084,T cell,,,,,,,,,,,,,,,,,,,Martin,,
1477,cell,CL:0000000,cell,hematopoietic cell,CL:0000988,hematopoietic cell,leukocyte,CL:0000738,leukocyte,mononuclear leukocyte,CL:0000842,mononuclear leukocyte,lymphocyte,CL:0000542,lymphocyte,T cell,CL:0000084,T cell,mature T cell,CL:0002419,mature T cell,mature alpha-beta T cell,CL:0000791,mature alpha-beta T cell,mucosal-associated invariant T cell,CL:0000940,mucosal-associated invariant T cell,,,,,,,,,,Martin,,
1478,cell,CL:0000000,cell,hematopoietic cell,CL:0000988,hematopoietic cell,leukocyte,CL:0000738,leukocyte,mononuclear leukocyte,CL:0000842,mononuclear leukocyte,lymphocyte,CL:0000542,lymphocyte,lymphocyte of B lineage,CL:0000945,lymphocyte of B lineage,B cell,CL:0000236,B cell,"B cell, CD19-positive",CL:0001201,"B cell, CD19-positive",mature B cell,CL:0000785,mature B cell,germinal center B cell,CL:0000844,germinal center B cell,,,,,,,Martin,,
1479,cell,CL:0000000,cell,hematopoietic cell,CL:0000988,hematopoietic cell,leukocyte,CL:0000738,leukocyte,mononuclear leukocyte,CL:0000842,mononuclear leukocyte,lymphocyte,CL:0000542,lymphocyte,lymphocyte of B lineage,CL:0000945,lymphocyte of B lineage,B cell,CL:0000236,B cell,"B cell, CD19-positive",CL:0001201,"B cell, CD19-positive",mature B cell,CL:0000785,mature B cell,memory B cell,CL:0000787,memory B cell,,,,,,,Martin,,
1480,cell,CL:0000000,cell,hematopoietic cell,CL:0000988,hematopoietic cell,leukocyte,CL:0000738,leukocyte,mononuclear leukocyte,CL:0000842,mononuclear leukocyte,lymphocyte,CL:0000542,lymphocyte,lymphocyte of B lineage,CL:0000945,lymphocyte of B lineage,antibody secreting cell,CL:0000946,antibody secreting cell,plasma cell,CL:0000786,plasma cell,,,,,,,,,,,,,Martin,,
1481,cell,CL:0000000,cell,hematopoietic cell,CL:0000988,hematopoietic cell,leukocyte,CL:0000738,leukocyte,mononuclear leukocyte,CL:0000842,mononuclear leukocyte,lymphocyte,CL:0000542,lymphocyte,lymphocyte of B lineage,CL:0000945,lymphocyte of B lineage,B cell,CL:0000236,B cell,"B cell, CD19-positive",CL:0001201,"B cell, CD19-positive",mature B cell,CL:0000785,mature B cell,naive B cell,CL:0000788,naive B cell,,,,,,,Martin,,
1482,cell,CL:0000000,cell,hematopoietic cell,CL:0000988,hematopoietic cell,leukocyte,CL:0000738,leukocyte,mononuclear leukocyte,CL:0000842,mononuclear leukocyte,lymphocyte,CL:0000542,lymphocyte,lymphocyte of B lineage,CL:0000945,lymphocyte of B lineage,B cell,CL:0000236,B cell,"B cell, CD19-positive",CL:0001201,"B cell, CD19-positive",mature B cell,CL:0000785,mature B cell,plasmablast,CL:0000980,plasmablast,,,,,,,Martin,,
1483,cell,CL:0000000,cell,hematopoietic cell,CL:0000988,hematopoietic cell,leukocyte,CL:0000738,leukocyte,mononuclear leukocyte,CL:0000842,mononuclear leukocyte,lymphocyte,CL:0000542,lymphocyte,lymphocyte of B lineage,CL:0000945,lymphocyte of B lineage,B cell,CL:0000236,B cell,"B cell, CD19-positive",CL:0001201,"B cell, CD19-positive",mature B cell,CL:0000785,mature B cell,memory B cell,CL:0000787,memory B cell,,,,,,,Martin,,
1484,cell,CL:0000000,cell,hematopoietic cell,CL:0000988,hematopoietic cell,leukocyte,CL:0000738,leukocyte,mononuclear leukocyte,CL:0000842,mononuclear leukocyte,lymphocyte,CL:0000542,lymphocyte,lymphocyte of B lineage,CL:0000945,lymphocyte of B lineage,B cell,CL:0000236,B cell,"B cell, CD19-positive",CL:0001201,"B cell, CD19-positive",mature B cell,CL:0000785,mature B cell,memory B cell,CL:0000787,memory B cell,,,,,,,Martin,,
1485,cell,CL:0000000,cell,hematopoietic cell,CL:0000988,hematopoietic cell,leukocyte,CL:0000738,leukocyte,mononuclear leukocyte,CL:0000842,mononuclear leukocyte,lymphocyte,CL:0000542,lymphocyte,lymphocyte of B lineage,CL:0000945,lymphocyte of B lineage,antibody secreting cell,CL:0000946,antibody secreting cell,plasma cell,CL:0000786,plasma cell,,,,,,,,,,,,,Martin,,
1486,cell,CL:0000000,cell,hematopoietic cell,CL:0000988,hematopoietic cell,leukocyte,CL:0000738,leukocyte,mononuclear leukocyte,CL:0000842,mononuclear leukocyte,lymphocyte,CL:0000542,lymphocyte,lymphocyte of B lineage,CL:0000945,lymphocyte of B lineage,B cell,CL:0000236,B cell,"B cell, CD19-positive",CL:0001201,"B cell, CD19-positive",precursor B cell,CL:0000817,precursor B cell,pre-B-II cell,CL:0000955,pre-B-II cell,,,,,,,Martin,,
1487,cell,CL:0000000,cell,hematopoietic cell,CL:0000988,hematopoietic cell,hematopoietic precursor cell,CL:0008001,hematopoietic precursor cell,hematopoietic lineage restricted progenitor cell,CL:0002031,hematopoietic lineage restricted progenitor cell,lymphoid lineage restricted progenitor cell,CL:0000838,lymphoid lineage restricted progenitor cell,pro-B cell,CL:0000826,pro-B cell,,,,,,,,,,,,,,,,,,,Martin,,
1488,cell,CL:0000000,cell,hematopoietic cell,CL:0000988,hematopoietic cell,leukocyte,CL:0000738,leukocyte,mononuclear leukocyte,CL:0000842,mononuclear leukocyte,lymphocyte,CL:0000542,lymphocyte,T cell,CL:0000084,T cell,mature T cell,CL:0002419,mature T cell,mature alpha-beta T cell,CL:0000791,mature alpha-beta T cell,"CD8-positive, alpha-beta T cell",CL:0000625,"CD8-positive, alpha-beta T cell","CD8-positive, alpha-beta memory T cell",CL:0000909,"CD8-positive, alpha-beta memory T cell",granzyme K-associated CD8 T cell,CL:4052021,granzyme K-associated CD8 T cell,,,,pan-human-azimuth,sc_transcriptomics,
1489,cell,CL:0000000,cell,epithelial cell,CL:0000066,epithelial cell,mammary gland epithelial cell,CL:0002327,mammary gland epithelial cell,luminal epithelial cell of mammary gland,CL:0002326,luminal epithelial cell of mammary gland,,,,,,,,,,,,,,,,,,,,,,,,,popv,sc_transcriptomics,newly added 2026-07-29
1490,cell,CL:0000000,cell,connective tissue cell,CL:0002320,connective tissue cell,stromal cell,CL:0000499,stromal cell,fibroblast,CL:0000057,fibroblast,fibroblast of lung,CL:0002553,fibroblast of lung,,,,,,,,,,,,,,,,,,,,,,popv,sc_transcriptomics,newly added 2026-07-29
1491,cell,CL:0000000,cell,precursor cell,CL:0011115,precursor cell,stem cell,CL:0000034,stem cell,somatic stem cell,CL:0000723,somatic stem cell,epithelial fate stem cell,CL:0000036,epithelial fate stem cell,basal cell,CL:0000646,basal cell,respiratory basal cell,CL:0002633,respiratory basal cell,,,,,,,,,,,,,,,,popv,sc_transcriptomics,newly added 2026-07-29
1492,cell,CL:0000000,cell,endothelial cell,CL:0000115,endothelial cell,endothelial cell of vascular tree,CL:0002139,endothelial cell of vascular tree,endothelial cell of lymphatic vessel,CL:0002138,endothelial cell of lymphatic vessel,endothelial cell of respiratory system lymphatic vessel,CL:0009086,endothelial cell of respiratory system lymphatic vessel,,,,,,,,,,,,,,,,,,,,,,popv,sc_transcriptomics,newly added 2026-07-29
1493,cell,CL:0000000,cell,connective tissue cell,CL:0002320,connective tissue cell,pericyte,CL:0000669,pericyte,lung pericyte,CL:0009089,lung pericyte,,,,,,,,,,,,,,,,,,,,,,,,,popv,sc_transcriptomics,newly added 2026-07-29
1494,cell,CL:0000000,cell,hematopoietic cell,CL:0000988,hematopoietic cell,leukocyte,CL:0000738,leukocyte,myeloid leukocyte,CL:0000766,myeloid leukocyte,macrophage,CL:0000235,macrophage,lung macrophage,CL:1001603,lung macrophage,,,,,,,,,,,,,,,,,,,popv,sc_transcriptomics,newly added 2026-07-29
1495,cell,CL:0000000,cell,endothelial cell,CL:0000115,endothelial cell,endothelial cell of vascular tree,CL:0002139,endothelial cell of vascular tree,blood vessel endothelial cell,CL:0000071,blood vessel endothelial cell,microvascular endothelial cell,CL:2000008,microvascular endothelial cell,capillary endothelial cell,CL:0002144,capillary endothelial cell,pulmonary capillary endothelial cell,CL:4028001,pulmonary capillary endothelial cell,,,,,,,,,,,,,,,,popv,sc_transcriptomics,newly added 2026-07-29
1496,cell,CL:0000000,cell,epithelial cell,CL:0000066,epithelial cell,,,,,,,,,,,,,,,,,,,,,,,,,,,,,,,Chenchen,,
1497,cell,CL:0000000,cell,epithelial cell,CL:0000066,epithelial cell,,,,,,,,,,,,,,,,,,,,,,,,,,,,,,,Chenchen,,
1498,cell,CL:0000000,cell,epithelial cell,CL:0000066,epithelial cell,,,,,,,,,,,,,,,,,,,,,,,,,,,,,,,Chenchen,,
1499,cell,CL:0000000,cell,epithelial cell,CL:0000066,epithelial cell,,,,,,,,,,,,,,,,,,,,,,,,,,,,,,,Chenchen,,
1500,cell,CL:0000000,cell,epithelial cell,CL:0000066,epithelial cell,meso-epithelial cell,CL:0002078,meso-epithelial cell,mesothelial cell,CL:0000077,mesothelial cell,,,,,,,,,,,,,,,,,,,,,,,,,Chenchen,,
1501,cell,CL:0000000,cell,hematopoietic cell,CL:0000988,hematopoietic cell,leukocyte,CL:0000738,leukocyte,mononuclear leukocyte,CL:0000842,mononuclear leukocyte,lymphocyte,CL:0000542,lymphocyte,T cell,CL:0000084,T cell,,,,,,,,,,,,,,,,,,,Chenchen,,
1502,cell,CL:0000000,cell,hematopoietic cell,CL:0000988,hematopoietic cell,leukocyte,CL:0000738,leukocyte,mononuclear leukocyte,CL:0000842,mononuclear leukocyte,lymphocyte,CL:0000542,lymphocyte,T cell,CL:0000084,T cell,,,,,,,,,,,,,,,,,,,Chenchen,,
1503,cell,CL:0000000,cell,hematopoietic cell,CL:0000988,hematopoietic cell,leukocyte,CL:0000738,leukocyte,mononuclear leukocyte,CL:0000842,mononuclear leukocyte,lymphocyte,CL:0000542,lymphocyte,T cell,CL:0000084,T cell,,,,,,,,,,,,,,,,,,,Chenchen,,
1504,cell,CL:0000000,cell,hematopoietic cell,CL:0000988,hematopoietic cell,leukocyte,CL:0000738,leukocyte,myeloid leukocyte,CL:0000766,myeloid leukocyte,mast cell,CL:0000097,mast cell,,,,,,,,,,,,,,,,,,,,,,Chenchen,,
1505,cell,CL:0000000,cell,hematopoietic cell,CL:0000988,hematopoietic cell,leukocyte,CL:0000738,leukocyte,myeloid leukocyte,CL:0000766,myeloid leukocyte,mast cell,CL:0000097,mast cell,,,,,,,,,,,,,,,,,,,,,,Chenchen,,
1506,cell,CL:0000000,cell,hematopoietic cell,CL:0000988,hematopoietic cell,leukocyte,CL:0000738,leukocyte,myeloid leukocyte,CL:0000766,myeloid leukocyte,mast cell,CL:0000097,mast cell,,,,,,,,,,,,,,,,,,,,,,Chenchen,,
1507,cell,CL:0000000,cell,hematopoietic cell,CL:0000988,hematopoietic cell,leukocyte,CL:0000738,leukocyte,myeloid leukocyte,CL:0000766,myeloid leukocyte,mast cell,CL:0000097,mast cell,,,,,,,,,,,,,,,,,,,,,,Chenchen,,
1508,cell,CL:0000000,cell,hematopoietic cell,CL:0000988,hematopoietic cell,leukocyte,CL:0000738,leukocyte,myeloid leukocyte,CL:0000766,myeloid leukocyte,mast cell,CL:0000097,mast cell,,,,,,,,,,,,,,,,,,,,,,Chenchen,,
1509,cell,CL:0000000,cell,hematopoietic cell,CL:0000988,hematopoietic cell,leukocyte,CL:0000738,leukocyte,myeloid leukocyte,CL:0000766,myeloid leukocyte,mast cell,CL:0000097,mast cell,,,,,,,,,,,,,,,,,,,,,,Chenchen,,
1510,cell,CL:0000000,cell,endothelial cell,CL:0000115,endothelial cell,,,,,,,,,,,,,,,,,,,,,,,,,,,,,,,Chenchen,,
1511,cell,CL:0000000,cell,neural cell,CL:0002319,neural cell,neuron associated cell,CL:0000095,neuron associated cell,glial cell,CL:0000125,glial cell,,,,,,,,,,,,,,,,,,,,,,,,,Chenchen,,
1512,cell,CL:0000000,cell,neural cell,CL:0002319,neural cell,neuron associated cell,CL:0000095,neuron associated cell,glial cell,CL:0000125,glial cell,,,,,,,,,,,,,,,,,,,,,,,,,Chenchen,,
1513,cell,CL:0000000,cell,neural cell,CL:0002319,neural cell,neuron associated cell,CL:0000095,neuron associated cell,glial cell,CL:0000125,glial cell,,,,,,,,,,,,,,,,,,,,,,,,,Chenchen,,
1514,cell,CL:0000000,cell,connective tissue cell,CL:0002320,connective tissue cell,adipocyte,CL:0000136,adipocyte,,,,,,,,,,,,,,,,,,,,,,,,,,,,Chenchen,,
1515,cell,CL:0000000,cell,connective tissue cell,CL:0002320,connective tissue cell,adipocyte,CL:0000136,adipocyte,,,,,,,,,,,,,,,,,,,,,,,,,,,,Chenchen,,
1516,cell,CL:0000000,cell,connective tissue cell,CL:0002320,connective tissue cell,adipocyte,CL:0000136,adipocyte,,,,,,,,,,,,,,,,,,,,,,,,,,,,Chenchen,,
1517,cell,CL:0000000,cell,epithelial cell,CL:0000066,epithelial cell,secretory epithelial cell,CL:1100001,secretory epithelial cell,goblet cell,CL:0000160,goblet cell,,,,,,,,,,,,,,,,,,,,,,,,,Chenchen,,
1518,cell,CL:0000000,cell,epithelial cell,CL:0000066,epithelial cell,secretory epithelial cell,CL:1100001,secretory epithelial cell,goblet cell,CL:0000160,goblet cell,,,,,,,,,,,,,,,,,,,,,,,,,Chenchen,,
1519,cell,CL:0000000,cell,epithelial cell,CL:0000066,epithelial cell,secretory epithelial cell,CL:1100001,secretory epithelial cell,goblet cell,CL:0000160,goblet cell,,,,,,,,,,,,,,,,,,,,,,,,,Chenchen,,
1520,cell,CL:0000000,cell,epithelial cell,CL:0000066,epithelial cell,secretory epithelial cell,CL:1100001,secretory epithelial cell,goblet cell,CL:0000160,goblet cell,,,,,,,,,,,,,,,,,,,,,,,,,Chenchen,,
1521,cell,CL:0000000,cell,epithelial cell,CL:0000066,epithelial cell,secretory epithelial cell,CL:1100001,secretory epithelial cell,enteroendocrine cell,CL:0000164,enteroendocrine cell,,,,,,,,,,,,,,,,,,,,,,,,,Chenchen,,
1522,cell,CL:0000000,cell,epithelial cell,CL:0000066,epithelial cell,secretory epithelial cell,CL:1100001,secretory epithelial cell,enteroendocrine cell,CL:0000164,enteroendocrine cell,,,,,,,,,,,,,,,,,,,,,,,,,Chenchen,,
1523,cell,CL:0000000,cell,epithelial cell,CL:0000066,epithelial cell,secretory epithelial cell,CL:1100001,secretory epithelial cell,enteroendocrine cell,CL:0000164,enteroendocrine cell,,,,,,,,,,,,,,,,,,,,,,,,,Chenchen,,
1524,cell,CL:0000000,cell,epithelial cell,CL:0000066,epithelial cell,secretory epithelial cell,CL:1100001,secretory epithelial cell,enteroendocrine cell,CL:0000164,enteroendocrine cell,,,,,,,,,,,,,,,,,,,,,,,,,Chenchen,,
1525,cell,CL:0000000,cell,connective tissue cell,CL:0002320,connective tissue cell,myofibroblast cell,CL:0000186,myofibroblast cell,,,,,,,,,,,,,,,,,,,,,,,,,,,,Chenchen,,
1526,cell,CL:0000000,cell,muscle cell,CL:0000187,muscle cell,non-striated muscle cell,CL:0008000,non-striated muscle cell,smooth muscle cell,CL:0000192,smooth muscle cell,,,,,,,,,,,,,,,,,,,,,,,,,Chenchen,,
1527,cell,CL:0000000,cell,muscle cell,CL:0000187,muscle cell,non-striated muscle cell,CL:0008000,non-striated muscle cell,smooth muscle cell,CL:0000192,smooth muscle cell,,,,,,,,,,,,,,,,,,,,,,,,,Chenchen,,
1528,cell,CL:0000000,cell,muscle cell,CL:0000187,muscle cell,non-striated muscle cell,CL:0008000,non-striated muscle cell,smooth muscle cell,CL:0000192,smooth muscle cell,,,,,,,,,,,,,,,,,,,,,,,,,Chenchen,,
1529,cell,CL:0000000,cell,muscle cell,CL:0000187,muscle cell,non-striated muscle cell,CL:0008000,non-striated muscle cell,smooth muscle cell,CL:0000192,smooth muscle cell,,,,,,,,,,,,,,,,,,,,,,,,,Chenchen,,
1530,cell,CL:0000000,cell,muscle cell,CL:0000187,muscle cell,non-striated muscle cell,CL:0008000,non-striated muscle cell,smooth muscle cell,CL:0000192,smooth muscle cell,,,,,,,,,,,,,,,,,,,,,,,,,Chenchen,,
1531,cell,CL:0000000,cell,hematopoietic cell,CL:0000988,hematopoietic cell,myeloid cell,CL:0000763,myeloid cell,erythroid lineage cell,CL:0000764,erythroid lineage cell,erythrocyte,CL:0000232,erythrocyte,,,,,,,,,,,,,,,,,,,,,,Chenchen,,
1532,cell,CL:0000000,cell,hematopoietic cell,CL:0000988,hematopoietic cell,leukocyte,CL:0000738,leukocyte,myeloid leukocyte,CL:0000766,myeloid leukocyte,macrophage,CL:0000235,macrophage,,,,,,,,,,,,,,,,,,,,,,Chenchen,,
1533,cell,CL:0000000,cell,hematopoietic cell,CL:0000988,hematopoietic cell,leukocyte,CL:0000738,leukocyte,myeloid leukocyte,CL:0000766,myeloid leukocyte,macrophage,CL:0000235,macrophage,,,,,,,,,,,,,,,,,,,,,,Chenchen,,
1534,cell,CL:0000000,cell,hematopoietic cell,CL:0000988,hematopoietic cell,leukocyte,CL:0000738,leukocyte,myeloid leukocyte,CL:0000766,myeloid leukocyte,macrophage,CL:0000235,macrophage,,,,,,,,,,,,,,,,,,,,,,Chenchen,,
1535,cell,CL:0000000,cell,hematopoietic cell,CL:0000988,hematopoietic cell,leukocyte,CL:0000738,leukocyte,myeloid leukocyte,CL:0000766,myeloid leukocyte,macrophage,CL:0000235,macrophage,,,,,,,,,,,,,,,,,,,,,,Chenchen,,
1536,cell,CL:0000000,cell,hematopoietic cell,CL:0000988,hematopoietic cell,leukocyte,CL:0000738,leukocyte,myeloid leukocyte,CL:0000766,myeloid leukocyte,macrophage,CL:0000235,macrophage,,,,,,,,,,,,,,,,,,,,,,Chenchen,,
1537,cell,CL:0000000,cell,hematopoietic cell,CL:0000988,hematopoietic cell,leukocyte,CL:0000738,leukocyte,mononuclear leukocyte,CL:0000842,mononuclear leukocyte,lymphocyte,CL:0000542,lymphocyte,lymphocyte of B lineage,CL:0000945,lymphocyte of B lineage,B cell,CL:0000236,B cell,,,,,,,,,,,,,,,,Chenchen,,
1538,cell,CL:0000000,cell,hematopoietic cell,CL:0000988,hematopoietic cell,leukocyte,CL:0000738,leukocyte,mononuclear leukocyte,CL:0000842,mononuclear leukocyte,lymphocyte,CL:0000542,lymphocyte,lymphocyte of B lineage,CL:0000945,lymphocyte of B lineage,B cell,CL:0000236,B cell,,,,,,,,,,,,,,,,Chenchen,,
1539,cell,CL:0000000,cell,hematopoietic cell,CL:0000988,hematopoietic cell,leukocyte,CL:0000738,leukocyte,mononuclear leukocyte,CL:0000842,mononuclear leukocyte,lymphocyte,CL:0000542,lymphocyte,lymphocyte of B lineage,CL:0000945,lymphocyte of B lineage,B cell,CL:0000236,B cell,,,,,,,,,,,,,,,,Chenchen,,
1540,cell,CL:0000000,cell,hematopoietic cell,CL:0000988,hematopoietic cell,leukocyte,CL:0000738,leukocyte,mononuclear leukocyte,CL:0000842,mononuclear leukocyte,lymphocyte,CL:0000542,lymphocyte,lymphocyte of B lineage,CL:0000945,lymphocyte of B lineage,B cell,CL:0000236,B cell,,,,,,,,,,,,,,,,Chenchen,,
1541,cell,CL:0000000,cell,epithelial cell,CL:0000066,epithelial cell,squamous epithelial cell,CL:0000076,squamous epithelial cell,stratified squamous epithelial cell,CL:0000240,stratified squamous epithelial cell,keratinizing barrier epithelial cell,CL:0000237,keratinizing barrier epithelial cell,keratinocyte,CL:0000312,keratinocyte,,,,,,,,,,,,,,,,,,,Chenchen,,
1542,cell,CL:0000000,cell,epithelial cell,CL:0000066,epithelial cell,endo-epithelial cell,CL:0002076,endo-epithelial cell,respiratory tract epithelial cell,CL:0002368,respiratory tract epithelial cell,epithelial cell of lower respiratory tract,CL:0002632,epithelial cell of lower respiratory tract,epithelial cell of lung,CL:0000082,epithelial cell of lung,pulmonary alveolar epithelial cell,CL:0000322,pulmonary alveolar epithelial cell,,,,,,,,,,,,,,,,Chenchen,,
1543,cell,CL:0000000,cell,muscle cell,CL:0000187,muscle cell,non-striated muscle cell,CL:0008000,non-striated muscle cell,smooth muscle cell,CL:0000192,smooth muscle cell,vascular associated smooth muscle cell,CL:0000359,vascular associated smooth muscle cell,,,,,,,,,,,,,,,,,,,,,,Chenchen,,
1544,cell,CL:0000000,cell,muscle cell,CL:0000187,muscle cell,non-striated muscle cell,CL:0008000,non-striated muscle cell,smooth muscle cell,CL:0000192,smooth muscle cell,vascular associated smooth muscle cell,CL:0000359,vascular associated smooth muscle cell,,,,,,,,,,,,,,,,,,,,,,Chenchen,,
1545,cell,CL:0000000,cell,muscle cell,CL:0000187,muscle cell,non-striated muscle cell,CL:0008000,non-striated muscle cell,smooth muscle cell,CL:0000192,smooth muscle cell,vascular associated smooth muscle cell,CL:0000359,vascular associated smooth muscle cell,,,,,,,,,,,,,,,,,,,,,,Chenchen,,
1546,cell,CL:0000000,cell,muscle cell,CL:0000187,muscle cell,non-striated muscle cell,CL:0008000,non-striated muscle cell,smooth muscle cell,CL:0000192,smooth muscle cell,vascular associated smooth muscle cell,CL:0000359,vascular associated smooth muscle cell,,,,,,,,,,,,,,,,,,,,,,Chenchen,,
1547,cell,CL:0000000,cell,hematopoietic cell,CL:0000988,hematopoietic cell,leukocyte,CL:0000738,leukocyte,mononuclear leukocyte,CL:0000842,mononuclear leukocyte,mononuclear phagocyte,CL:0000113,mononuclear phagocyte,dendritic cell,CL:0000451,dendritic cell,,,,,,,,,,,,,,,,,,,Chenchen,,
1548,cell,CL:0000000,cell,hematopoietic cell,CL:0000988,hematopoietic cell,leukocyte,CL:0000738,leukocyte,mononuclear leukocyte,CL:0000842,mononuclear leukocyte,mononuclear phagocyte,CL:0000113,mononuclear phagocyte,dendritic cell,CL:0000451,dendritic cell,,,,,,,,,,,,,,,,,,,Chenchen,,
1549,cell,CL:0000000,cell,hematopoietic cell,CL:0000988,hematopoietic cell,leukocyte,CL:0000738,leukocyte,mononuclear leukocyte,CL:0000842,mononuclear leukocyte,mononuclear phagocyte,CL:0000113,mononuclear phagocyte,dendritic cell,CL:0000451,dendritic cell,,,,,,,,,,,,,,,,,,,Chenchen,,
1550,cell,CL:0000000,cell,neural cell,CL:0002319,neural cell,neuron,CL:0000540,neuron,efferent neuron,CL:0000527,efferent neuron,neuroendocrine cell,CL:0000165,neuroendocrine cell,type D enteroendocrine cell,CL:0000502,type D enteroendocrine cell,,,,,,,,,,,,,,,,,,,Chenchen,,
1551,cell,CL:0000000,cell,neural cell,CL:0002319,neural cell,neuron,CL:0000540,neuron,efferent neuron,CL:0000527,efferent neuron,neuroendocrine cell,CL:0000165,neuroendocrine cell,type D enteroendocrine cell,CL:0000502,type D enteroendocrine cell,,,,,,,,,,,,,,,,,,,Chenchen,,
1552,cell,CL:0000000,cell,epithelial cell,CL:0000066,epithelial cell,endo-epithelial cell,CL:0002076,endo-epithelial cell,epithelial cell of alimentary canal,CL:0002251,epithelial cell of alimentary canal,intestinal epithelial cell,CL:0002563,intestinal epithelial cell,paneth cell,CL:0000510,paneth cell,,,,,,,,,,,,,,,,,,,Chenchen,,
1553,cell,CL:0000000,cell,epithelial cell,CL:0000066,epithelial cell,endo-epithelial cell,CL:0002076,endo-epithelial cell,epithelial cell of alimentary canal,CL:0002251,epithelial cell of alimentary canal,intestinal epithelial cell,CL:0002563,intestinal epithelial cell,paneth cell,CL:0000510,paneth cell,,,,,,,,,,,,,,,,,,,Chenchen,,
1554,cell,CL:0000000,cell,neural cell,CL:0002319,neural cell,neuron,CL:0000540,neuron,,,,,,,,,,,,,,,,,,,,,,,,,,,,Chenchen,,
1555,cell,CL:0000000,cell,neural cell,CL:0002319,neural cell,neuron,CL:0000540,neuron,,,,,,,,,,,,,,,,,,,,,,,,,,,,Chenchen,,
1556,cell,CL:0000000,cell,hematopoietic cell,CL:0000988,hematopoietic cell,leukocyte,CL:0000738,leukocyte,myeloid leukocyte,CL:0000766,myeloid leukocyte,monocyte,CL:0000576,monocyte,,,,,,,,,,,,,,,,,,,,,,Chenchen,,
1557,cell,CL:0000000,cell,hematopoietic cell,CL:0000988,hematopoietic cell,leukocyte,CL:0000738,leukocyte,myeloid leukocyte,CL:0000766,myeloid leukocyte,monocyte,CL:0000576,monocyte,,,,,,,,,,,,,,,,,,,,,,Chenchen,,
1558,cell,CL:0000000,cell,neural cell,CL:0002319,neural cell,neuron,CL:0000540,neuron,neural crest derived neuron,CL:0000029,neural crest derived neuron,chromaffin cell,CL:0000166,chromaffin cell,type EC enteroendocrine cell,CL:0000577,type EC enteroendocrine cell,,,,,,,,,,,,,,,,,,,Chenchen,,
1559,cell,CL:0000000,cell,neural cell,CL:0002319,neural cell,neuron,CL:0000540,neuron,neural crest derived neuron,CL:0000029,neural crest derived neuron,chromaffin cell,CL:0000166,chromaffin cell,type EC enteroendocrine cell,CL:0000577,type EC enteroendocrine cell,,,,,,,,,,,,,,,,,,,Chenchen,,
1560,cell,CL:0000000,cell,hematopoietic cell,CL:0000988,hematopoietic cell,leukocyte,CL:0000738,leukocyte,myeloid leukocyte,CL:0000766,myeloid leukocyte,macrophage,CL:0000235,macrophage,lung macrophage,CL:1001603,lung macrophage,alveolar macrophage,CL:0000583,alveolar macrophage,,,,,,,,,,,,,,,,Chenchen,,
1561,cell,CL:0000000,cell,epithelial cell,CL:0000066,epithelial cell,columnar/cuboidal epithelial cell,CL:0000075,columnar/cuboidal epithelial cell,brush border epithelial cell,CL:0000239,brush border epithelial cell,enterocyte,CL:0000584,enterocyte,,,,,,,,,,,,,,,,,,,,,,Chenchen,,
1562,cell,CL:0000000,cell,epithelial cell,CL:0000066,epithelial cell,columnar/cuboidal epithelial cell,CL:0000075,columnar/cuboidal epithelial cell,brush border epithelial cell,CL:0000239,brush border epithelial cell,enterocyte,CL:0000584,enterocyte,,,,,,,,,,,,,,,,,,,,,,Chenchen,,
1563,cell,CL:0000000,cell,epithelial cell,CL:0000066,epithelial cell,columnar/cuboidal epithelial cell,CL:0000075,columnar/cuboidal epithelial cell,brush border epithelial cell,CL:0000239,brush border epithelial cell,enterocyte,CL:0000584,enterocyte,,,,,,,,,,,,,,,,,,,,,,Chenchen,,
1564,cell,CL:0000000,cell,epithelial cell,CL:0000066,epithelial cell,columnar/cuboidal epithelial cell,CL:0000075,columnar/cuboidal epithelial cell,brush border epithelial cell,CL:0000239,brush border epithelial cell,enterocyte,CL:0000584,enterocyte,,,,,,,,,,,,,,,,,,,,,,Chenchen,,
1565,cell,CL:0000000,cell,hematopoietic cell,CL:0000988,hematopoietic cell,leukocyte,CL:0000738,leukocyte,mononuclear leukocyte,CL:0000842,mononuclear leukocyte,lymphocyte,CL:0000542,lymphocyte,innate lymphoid cell,CL:0001065,innate lymphoid cell,group 1 innate lymphoid cell,CL:0001067,group 1 innate lymphoid cell,natural killer cell,CL:0000623,natural killer cell,,,,,,,,,,,,,Chenchen,,
1566,cell,CL:0000000,cell,hematopoietic cell,CL:0000988,hematopoietic cell,leukocyte,CL:0000738,leukocyte,mononuclear leukocyte,CL:0000842,mononuclear leukocyte,lymphocyte,CL:0000542,lymphocyte,innate lymphoid cell,CL:0001065,innate lymphoid cell,group 1 innate lymphoid cell,CL:0001067,group 1 innate lymphoid cell,natural killer cell,CL:0000623,natural killer cell,,,,,,,,,,,,,Chenchen,,
1567,cell,CL:0000000,cell,hematopoietic cell,CL:0000988,hematopoietic cell,leukocyte,CL:0000738,leukocyte,mononuclear leukocyte,CL:0000842,mononuclear leukocyte,lymphocyte,CL:0000542,lymphocyte,innate lymphoid cell,CL:0001065,innate lymphoid cell,group 1 innate lymphoid cell,CL:0001067,group 1 innate lymphoid cell,natural killer cell,CL:0000623,natural killer cell,,,,,,,,,,,,,Chenchen,,
1568,cell,CL:0000000,cell,hematopoietic cell,CL:0000988,hematopoietic cell,leukocyte,CL:0000738,leukocyte,mononuclear leukocyte,CL:0000842,mononuclear leukocyte,lymphocyte,CL:0000542,lymphocyte,innate lymphoid cell,CL:0001065,innate lymphoid cell,group 1 innate lymphoid cell,CL:0001067,group 1 innate lymphoid cell,natural killer cell,CL:0000623,natural killer cell,,,,,,,,,,,,,Chenchen,,
1569,cell,CL:0000000,cell,hematopoietic cell,CL:0000988,hematopoietic cell,leukocyte,CL:0000738,leukocyte,mononuclear leukocyte,CL:0000842,mononuclear leukocyte,lymphocyte,CL:0000542,lymphocyte,innate lymphoid cell,CL:0001065,innate lymphoid cell,group 1 innate lymphoid cell,CL:0001067,group 1 innate lymphoid cell,natural killer cell,CL:0000623,natural killer cell,,,,,,,,,,,,,Chenchen,,
1570,cell,CL:0000000,cell,hematopoietic cell,CL:0000988,hematopoietic cell,leukocyte,CL:0000738,leukocyte,mononuclear leukocyte,CL:0000842,mononuclear leukocyte,lymphocyte,CL:0000542,lymphocyte,T cell,CL:0000084,T cell,mature T cell,CL:0002419,mature T cell,mature alpha-beta T cell,CL:0000791,mature alpha-beta T cell,"CD4-positive, alpha-beta T cell",CL:0000624,"CD4-positive, alpha-beta T cell",,,,,,,,,,Chenchen,,
1571,cell,CL:0000000,cell,hematopoietic cell,CL:0000988,hematopoietic cell,leukocyte,CL:0000738,leukocyte,mononuclear leukocyte,CL:0000842,mononuclear leukocyte,lymphocyte,CL:0000542,lymphocyte,T cell,CL:0000084,T cell,mature T cell,CL:0002419,mature T cell,mature alpha-beta T cell,CL:0000791,mature alpha-beta T cell,"CD4-positive, alpha-beta T cell",CL:0000624,"CD4-positive, alpha-beta T cell",,,,,,,,,,Chenchen,,
1572,cell,CL:0000000,cell,hematopoietic cell,CL:0000988,hematopoietic cell,leukocyte,CL:0000738,leukocyte,mononuclear leukocyte,CL:0000842,mononuclear leukocyte,lymphocyte,CL:0000542,lymphocyte,T cell,CL:0000084,T cell,mature T cell,CL:0002419,mature T cell,mature alpha-beta T cell,CL:0000791,mature alpha-beta T cell,"CD4-positive, alpha-beta T cell",CL:0000624,"CD4-positive, alpha-beta T cell",,,,,,,,,,Chenchen,,
1573,cell,CL:0000000,cell,hematopoietic cell,CL:0000988,hematopoietic cell,leukocyte,CL:0000738,leukocyte,mononuclear leukocyte,CL:0000842,mononuclear leukocyte,lymphocyte,CL:0000542,lymphocyte,T cell,CL:0000084,T cell,mature T cell,CL:0002419,mature T cell,mature alpha-beta T cell,CL:0000791,mature alpha-beta T cell,"CD4-positive, alpha-beta T cell",CL:0000624,"CD4-positive, alpha-beta T cell",,,,,,,,,,Chenchen,,
1574,cell,CL:0000000,cell,hematopoietic cell,CL:0000988,hematopoietic cell,leukocyte,CL:0000738,leukocyte,mononuclear leukocyte,CL:0000842,mononuclear leukocyte,lymphocyte,CL:0000542,lymphocyte,T cell,CL:0000084,T cell,mature T cell,CL:0002419,mature T cell,mature alpha-beta T cell,CL:0000791,mature alpha-beta T cell,"CD8-positive, alpha-beta T cell",CL:0000625,"CD8-positive, alpha-beta T cell",,,,,,,,,,Chenchen,,
1575,cell,CL:0000000,cell,hematopoietic cell,CL:0000988,hematopoietic cell,leukocyte,CL:0000738,leukocyte,mononuclear leukocyte,CL:0000842,mononuclear leukocyte,lymphocyte,CL:0000542,lymphocyte,T cell,CL:0000084,T cell,mature T cell,CL:0002419,mature T cell,mature alpha-beta T cell,CL:0000791,mature alpha-beta T cell,"CD8-positive, alpha-beta T cell",CL:0000625,"CD8-positive, alpha-beta T cell",,,,,,,,,,Chenchen,,
1576,cell,CL:0000000,cell,hematopoietic cell,CL:0000988,hematopoietic cell,leukocyte,CL:0000738,leukocyte,mononuclear leukocyte,CL:0000842,mononuclear leukocyte,lymphocyte,CL:0000542,lymphocyte,T cell,CL:0000084,T cell,mature T cell,CL:0002419,mature T cell,mature alpha-beta T cell,CL:0000791,mature alpha-beta T cell,"CD8-positive, alpha-beta T cell",CL:0000625,"CD8-positive, alpha-beta T cell",,,,,,,,,,Chenchen,,
1577,cell,CL:0000000,cell,hematopoietic cell,CL:0000988,hematopoietic cell,leukocyte,CL:0000738,leukocyte,mononuclear leukocyte,CL:0000842,mononuclear leukocyte,lymphocyte,CL:0000542,lymphocyte,T cell,CL:0000084,T cell,mature T cell,CL:0002419,mature T cell,mature alpha-beta T cell,CL:0000791,mature alpha-beta T cell,"CD8-positive, alpha-beta T cell",CL:0000625,"CD8-positive, alpha-beta T cell",,,,,,,,,,Chenchen,,
1578,cell,CL:0000000,cell,muscle cell,CL:0000187,muscle cell,non-striated muscle cell,CL:0008000,non-striated muscle cell,smooth muscle cell,CL:0000192,smooth muscle cell,kidney granular cell,CL:0000648,kidney granular cell,,,,,,,,,,,,,,,,,,,,,,Chenchen,,
1579,cell,CL:0000000,cell,epithelial cell,CL:0000066,epithelial cell,kidney epithelial cell,CL:0002518,kidney epithelial cell,renal cortical epithelial cell,CL:0002584,renal cortical epithelial cell,kidney corpuscule cell,CL:1000612,kidney corpuscule cell,glomerular cell,CL:1000746,glomerular cell,kidney glomerular epithelial cell,CL:1000510,kidney glomerular epithelial cell,epithelial cell of glomerular capsule,CL:1000450,epithelial cell of glomerular capsule,podocyte,CL:0000653,podocyte,,,,,,,,,,Chenchen,,
1580,cell,CL:0000000,cell,epithelial cell,CL:0000066,epithelial cell,kidney epithelial cell,CL:0002518,kidney epithelial cell,renal cortical epithelial cell,CL:0002584,renal cortical epithelial cell,kidney corpuscule cell,CL:1000612,kidney corpuscule cell,glomerular cell,CL:1000746,glomerular cell,kidney glomerular epithelial cell,CL:1000510,kidney glomerular epithelial cell,epithelial cell of glomerular capsule,CL:1000450,epithelial cell of glomerular capsule,podocyte,CL:0000653,podocyte,,,,,,,,,,Chenchen,,
1581,cell,CL:0000000,cell,connective tissue cell,CL:0002320,connective tissue cell,pericyte,CL:0000669,pericyte,,,,,,,,,,,,,,,,,,,,,,,,,,,,Chenchen,,
1582,cell,CL:0000000,cell,connective tissue cell,CL:0002320,connective tissue cell,pericyte,CL:0000669,pericyte,,,,,,,,,,,,,,,,,,,,,,,,,,,,Chenchen,,
1583,cell,CL:0000000,cell,connective tissue cell,CL:0002320,connective tissue cell,pericyte,CL:0000669,pericyte,,,,,,,,,,,,,,,,,,,,,,,,,,,,Chenchen,,
1584,cell,CL:0000000,cell,hematopoietic cell,CL:0000988,hematopoietic cell,leukocyte,CL:0000738,leukocyte,,,,,,,,,,,,,,,,,,,,,,,,,,,,Chenchen,,
1585,cell,CL:0000000,cell,hematopoietic cell,CL:0000988,hematopoietic cell,leukocyte,CL:0000738,leukocyte,,,,,,,,,,,,,,,,,,,,,,,,,,,,Chenchen,,
1586,cell,CL:0000000,cell,hematopoietic cell,CL:0000988,hematopoietic cell,leukocyte,CL:0000738,leukocyte,myeloid leukocyte,CL:0000766,myeloid leukocyte,granulocyte,CL:0000094,granulocyte,neutrophil,CL:0000775,neutrophil,,,,,,,,,,,,,,,,,,,Chenchen,,
1587,cell,CL:0000000,cell,hematopoietic cell,CL:0000988,hematopoietic cell,leukocyte,CL:0000738,leukocyte,myeloid leukocyte,CL:0000766,myeloid leukocyte,granulocyte,CL:0000094,granulocyte,neutrophil,CL:0000775,neutrophil,,,,,,,,,,,,,,,,,,,Chenchen,,
1588,cell,CL:0000000,cell,hematopoietic cell,CL:0000988,hematopoietic cell,leukocyte,CL:0000738,leukocyte,mononuclear leukocyte,CL:0000842,mononuclear leukocyte,mononuclear phagocyte,CL:0000113,mononuclear phagocyte,dendritic cell,CL:0000451,dendritic cell,plasmacytoid dendritic cell,CL:0000784,plasmacytoid dendritic cell,,,,,,,,,,,,,,,,Chenchen,,
1589,cell,CL:0000000,cell,hematopoietic cell,CL:0000988,hematopoietic cell,leukocyte,CL:0000738,leukocyte,mononuclear leukocyte,CL:0000842,mononuclear leukocyte,lymphocyte,CL:0000542,lymphocyte,lymphocyte of B lineage,CL:0000945,lymphocyte of B lineage,antibody secreting cell,CL:0000946,antibody secreting cell,plasma cell,CL:0000786,plasma cell,,,,,,,,,,,,,Chenchen,,
1590,cell,CL:0000000,cell,hematopoietic cell,CL:0000988,hematopoietic cell,leukocyte,CL:0000738,leukocyte,mononuclear leukocyte,CL:0000842,mononuclear leukocyte,lymphocyte,CL:0000542,lymphocyte,lymphocyte of B lineage,CL:0000945,lymphocyte of B lineage,antibody secreting cell,CL:0000946,antibody secreting cell,plasma cell,CL:0000786,plasma cell,,,,,,,,,,,,,Chenchen,,
1591,cell,CL:0000000,cell,hematopoietic cell,CL:0000988,hematopoietic cell,leukocyte,CL:0000738,leukocyte,mononuclear leukocyte,CL:0000842,mononuclear leukocyte,lymphocyte,CL:0000542,lymphocyte,lymphocyte of B lineage,CL:0000945,lymphocyte of B lineage,antibody secreting cell,CL:0000946,antibody secreting cell,plasma cell,CL:0000786,plasma cell,,,,,,,,,,,,,Chenchen,,
1592,cell,CL:0000000,cell,hematopoietic cell,CL:0000988,hematopoietic cell,leukocyte,CL:0000738,leukocyte,mononuclear leukocyte,CL:0000842,mononuclear leukocyte,lymphocyte,CL:0000542,lymphocyte,lymphocyte of B lineage,CL:0000945,lymphocyte of B lineage,antibody secreting cell,CL:0000946,antibody secreting cell,plasma cell,CL:0000786,plasma cell,,,,,,,,,,,,,Chenchen,,
1593,cell,CL:0000000,cell,hematopoietic cell,CL:0000988,hematopoietic cell,leukocyte,CL:0000738,leukocyte,mononuclear leukocyte,CL:0000842,mononuclear leukocyte,lymphocyte,CL:0000542,lymphocyte,lymphocyte of B lineage,CL:0000945,lymphocyte of B lineage,antibody secreting cell,CL:0000946,antibody secreting cell,plasma cell,CL:0000786,plasma cell,,,,,,,,,,,,,Chenchen,,
1594,cell,CL:0000000,cell,hematopoietic cell,CL:0000988,hematopoietic cell,leukocyte,CL:0000738,leukocyte,mononuclear leukocyte,CL:0000842,mononuclear leukocyte,lymphocyte,CL:0000542,lymphocyte,lymphocyte of B lineage,CL:0000945,lymphocyte of B lineage,B cell,CL:0000236,B cell,"B cell, CD19-positive",CL:0001201,"B cell, CD19-positive",mature B cell,CL:0000785,mature B cell,naive B cell,CL:0000788,naive B cell,,,,,,,Chenchen,,
1595,cell,CL:0000000,cell,hematopoietic cell,CL:0000988,hematopoietic cell,leukocyte,CL:0000738,leukocyte,mononuclear leukocyte,CL:0000842,mononuclear leukocyte,lymphocyte,CL:0000542,lymphocyte,T cell,CL:0000084,T cell,mature T cell,CL:0002419,mature T cell,mature alpha-beta T cell,CL:0000791,mature alpha-beta T cell,mature NK T cell,CL:0000814,mature NK T cell,,,,,,,,,,Chenchen,,
1596,cell,CL:0000000,cell,hematopoietic cell,CL:0000988,hematopoietic cell,leukocyte,CL:0000738,leukocyte,mononuclear leukocyte,CL:0000842,mononuclear leukocyte,lymphocyte,CL:0000542,lymphocyte,T cell,CL:0000084,T cell,mature T cell,CL:0002419,mature T cell,regulatory T cell,CL:0000815,regulatory T cell,,,,,,,,,,,,,Chenchen,,
1597,cell,CL:0000000,cell,hematopoietic cell,CL:0000988,hematopoietic cell,leukocyte,CL:0000738,leukocyte,myeloid leukocyte,CL:0000766,myeloid leukocyte,monocyte,CL:0000576,monocyte,classical monocyte,CL:0000860,classical monocyte,,,,,,,,,,,,,,,,,,,Chenchen,,
1598,cell,CL:0000000,cell,hematopoietic cell,CL:0000988,hematopoietic cell,leukocyte,CL:0000738,leukocyte,mononuclear leukocyte,CL:0000842,mononuclear leukocyte,mononuclear phagocyte,CL:0000113,mononuclear phagocyte,dendritic cell,CL:0000451,dendritic cell,conventional dendritic cell,CL:0000990,conventional dendritic cell,,,,,,,,,,,,,,,,Chenchen,,
1599,cell,CL:0000000,cell,hematopoietic cell,CL:0000988,hematopoietic cell,leukocyte,CL:0000738,leukocyte,mononuclear leukocyte,CL:0000842,mononuclear leukocyte,mononuclear phagocyte,CL:0000113,mononuclear phagocyte,dendritic cell,CL:0000451,dendritic cell,conventional dendritic cell,CL:0000990,conventional dendritic cell,,,,,,,,,,,,,,,,Chenchen,,
1600,cell,CL:0000000,cell,hematopoietic cell,CL:0000988,hematopoietic cell,leukocyte,CL:0000738,leukocyte,mononuclear leukocyte,CL:0000842,mononuclear leukocyte,lymphocyte,CL:0000542,lymphocyte,innate lymphoid cell,CL:0001065,innate lymphoid cell,,,,,,,,,,,,,,,,,,,Chenchen,,
1601,cell,CL:0000000,cell,hematopoietic cell,CL:0000988,hematopoietic cell,leukocyte,CL:0000738,leukocyte,mononuclear leukocyte,CL:0000842,mononuclear leukocyte,lymphocyte,CL:0000542,lymphocyte,innate lymphoid cell,CL:0001065,innate lymphoid cell,,,,,,,,,,,,,,,,,,,Chenchen,,
1602,cell,CL:0000000,cell,epithelial cell,CL:0000066,epithelial cell,endo-epithelial cell,CL:0002076,endo-epithelial cell,respiratory tract epithelial cell,CL:0002368,respiratory tract epithelial cell,epithelial cell of lower respiratory tract,CL:0002632,epithelial cell of lower respiratory tract,epithelial cell of lung,CL:0000082,epithelial cell of lung,pulmonary alveolar epithelial cell,CL:0000322,pulmonary alveolar epithelial cell,pulmonary alveolar type 1 cell,CL:0002062,pulmonary alveolar type 1 cell,,,,,,,,,,,,,Chenchen,,
1603,cell,CL:0000000,cell,epithelial cell,CL:0000066,epithelial cell,endo-epithelial cell,CL:0002076,endo-epithelial cell,respiratory tract epithelial cell,CL:0002368,respiratory tract epithelial cell,epithelial cell of lower respiratory tract,CL:0002632,epithelial cell of lower respiratory tract,epithelial cell of lung,CL:0000082,epithelial cell of lung,pulmonary alveolar epithelial cell,CL:0000322,pulmonary alveolar epithelial cell,pulmonary alveolar type 2 cell,CL:0002063,pulmonary alveolar type 2 cell,,,,,,,,,,,,,Chenchen,,
1604,cell,CL:0000000,cell,epithelial cell,CL:0000066,epithelial cell,endo-epithelial cell,CL:0002076,endo-epithelial cell,respiratory tract epithelial cell,CL:0002368,respiratory tract epithelial cell,epithelial cell of lower respiratory tract,CL:0002632,epithelial cell of lower respiratory tract,epithelial cell of lung,CL:0000082,epithelial cell of lung,pulmonary alveolar epithelial cell,CL:0000322,pulmonary alveolar epithelial cell,pulmonary alveolar type 2 cell,CL:0002063,pulmonary alveolar type 2 cell,,,,,,,,,,,,,Chenchen,,
1605,cell,CL:0000000,cell,epithelial cell,CL:0000066,epithelial cell,columnar/cuboidal epithelial cell,CL:0000075,columnar/cuboidal epithelial cell,neurecto-epithelial cell,CL:0000710,neurecto-epithelial cell,interstitial cell of Cajal,CL:0002088,interstitial cell of Cajal,,,,,,,,,,,,,,,,,,,,,,Chenchen,,
1606,cell,CL:0000000,cell,epithelial cell,CL:0000066,epithelial cell,columnar/cuboidal epithelial cell,CL:0000075,columnar/cuboidal epithelial cell,neurecto-epithelial cell,CL:0000710,neurecto-epithelial cell,interstitial cell of Cajal,CL:0002088,interstitial cell of Cajal,,,,,,,,,,,,,,,,,,,,,,Chenchen,,
1607,cell,CL:0000000,cell,endothelial cell,CL:0000115,endothelial cell,endothelial cell of vascular tree,CL:0002139,endothelial cell of vascular tree,endothelial cell of lymphatic vessel,CL:0002138,endothelial cell of lymphatic vessel,,,,,,,,,,,,,,,,,,,,,,,,,Chenchen,,
1608,cell,CL:0000000,cell,endothelial cell,CL:0000115,endothelial cell,endothelial cell of vascular tree,CL:0002139,endothelial cell of vascular tree,endothelial cell of lymphatic vessel,CL:0002138,endothelial cell of lymphatic vessel,,,,,,,,,,,,,,,,,,,,,,,,,Chenchen,,
1609,cell,CL:0000000,cell,epithelial cell,CL:0000066,epithelial cell,endo-epithelial cell,CL:0002076,endo-epithelial cell,respiratory tract epithelial cell,CL:0002368,respiratory tract epithelial cell,epithelial cell of lower respiratory tract,CL:0002632,epithelial cell of lower respiratory tract,epithelial cell of tracheobronchial tree,CL:0002202,epithelial cell of tracheobronchial tree,multiciliated columnar cell of tracheobronchial tree,CL:0002145,multiciliated columnar cell of tracheobronchial tree,,,,,,,,,,,,,,,,Chenchen,,
1610,cell,CL:0000000,cell,epithelial cell,CL:0000066,epithelial cell,tuft cell,CL:0002204,tuft cell,,,,,,,,,,,,,,,,,,,,,,,,,,,,Chenchen,,
1611,cell,CL:0000000,cell,epithelial cell,CL:0000066,epithelial cell,tuft cell,CL:0002204,tuft cell,,,,,,,,,,,,,,,,,,,,,,,,,,,,Chenchen,,
1612,cell,CL:0000000,cell,epithelial cell,CL:0000066,epithelial cell,endo-epithelial cell,CL:0002076,endo-epithelial cell,epithelial cell of alimentary canal,CL:0002251,epithelial cell of alimentary canal,intestinal epithelial cell,CL:0002563,intestinal epithelial cell,intestinal epithelial cell,CL:0002563,intestinal epithelial cell,,,,,,,,,,,,,,,,,,,Chenchen,,
1613,cell,CL:0000000,cell,epithelial cell,CL:0000066,epithelial cell,endo-epithelial cell,CL:0002076,endo-epithelial cell,epithelial cell of alimentary canal,CL:0002251,epithelial cell of alimentary canal,intestinal epithelial cell,CL:0002563,intestinal epithelial cell,intestinal epithelial cell,CL:0002563,intestinal epithelial cell,,,,,,,,,,,,,,,,,,,Chenchen,,
1614,cell,CL:0000000,cell,epithelial cell,CL:0000066,epithelial cell,endo-epithelial cell,CL:0002076,endo-epithelial cell,epithelial cell of alimentary canal,CL:0002251,epithelial cell of alimentary canal,intestinal epithelial cell,CL:0002563,intestinal epithelial cell,intestinal enteroendocrine cell,CL:1001516,intestinal enteroendocrine cell,enteroendocrine cell of small intestine,CL:0009006,enteroendocrine cell of small intestine,type I enteroendocrine cell,CL:0002277,type I enteroendocrine cell,,,,,,,,,,,,,Chenchen,,
1615,cell,CL:0000000,cell,epithelial cell,CL:0000066,epithelial cell,endo-epithelial cell,CL:0002076,endo-epithelial cell,epithelial cell of alimentary canal,CL:0002251,epithelial cell of alimentary canal,intestinal epithelial cell,CL:0002563,intestinal epithelial cell,intestinal enteroendocrine cell,CL:1001516,intestinal enteroendocrine cell,enteroendocrine cell of small intestine,CL:0009006,enteroendocrine cell of small intestine,type I enteroendocrine cell,CL:0002277,type I enteroendocrine cell,,,,,,,,,,,,,Chenchen,,
1616,cell,CL:0000000,cell,epithelial cell,CL:0000066,epithelial cell,endo-epithelial cell,CL:0002076,endo-epithelial cell,epithelial cell of alimentary canal,CL:0002251,epithelial cell of alimentary canal,intestinal epithelial cell,CL:0002563,intestinal epithelial cell,intestinal enteroendocrine cell,CL:1001516,intestinal enteroendocrine cell,enteroendocrine cell of small intestine,CL:0009006,enteroendocrine cell of small intestine,GIP cell,CL:0002278,GIP cell,,,,,,,,,,,,,Chenchen,,
1617,cell,CL:0000000,cell,epithelial cell,CL:0000066,epithelial cell,endo-epithelial cell,CL:0002076,endo-epithelial cell,epithelial cell of alimentary canal,CL:0002251,epithelial cell of alimentary canal,intestinal epithelial cell,CL:0002563,intestinal epithelial cell,intestinal enteroendocrine cell,CL:1001516,intestinal enteroendocrine cell,enteroendocrine cell of small intestine,CL:0009006,enteroendocrine cell of small intestine,GIP cell,CL:0002278,GIP cell,,,,,,,,,,,,,Chenchen,,
1618,cell,CL:0000000,cell,epithelial cell,CL:0000066,epithelial cell,endo-epithelial cell,CL:0002076,endo-epithelial cell,epithelial cell of alimentary canal,CL:0002251,epithelial cell of alimentary canal,intestinal epithelial cell,CL:0002563,intestinal epithelial cell,intestinal enteroendocrine cell,CL:1001516,intestinal enteroendocrine cell,type L enteroendocrine cell,CL:0002279,type L enteroendocrine cell,,,,,,,,,,,,,,,,Chenchen,,
1619,cell,CL:0000000,cell,epithelial cell,CL:0000066,epithelial cell,endo-epithelial cell,CL:0002076,endo-epithelial cell,epithelial cell of alimentary canal,CL:0002251,epithelial cell of alimentary canal,intestinal epithelial cell,CL:0002563,intestinal epithelial cell,intestinal enteroendocrine cell,CL:1001516,intestinal enteroendocrine cell,type L enteroendocrine cell,CL:0002279,type L enteroendocrine cell,,,,,,,,,,,,,,,,Chenchen,,
1620,cell,CL:0000000,cell,epithelial cell,CL:0000066,epithelial cell,endo-epithelial cell,CL:0002076,endo-epithelial cell,epithelial cell of alimentary canal,CL:0002251,epithelial cell of alimentary canal,intestinal epithelial cell,CL:0002563,intestinal epithelial cell,intestinal enteroendocrine cell,CL:1001516,intestinal enteroendocrine cell,enteroendocrine cell of small intestine,CL:0009006,enteroendocrine cell of small intestine,type S enteroendocrine cell,CL:0002281,type S enteroendocrine cell,,,,,,,,,,,,,Chenchen,,
1621,cell,CL:0000000,cell,epithelial cell,CL:0000066,epithelial cell,endo-epithelial cell,CL:0002076,endo-epithelial cell,epithelial cell of alimentary canal,CL:0002251,epithelial cell of alimentary canal,intestinal epithelial cell,CL:0002563,intestinal epithelial cell,intestinal enteroendocrine cell,CL:1001516,intestinal enteroendocrine cell,enteroendocrine cell of small intestine,CL:0009006,enteroendocrine cell of small intestine,type S enteroendocrine cell,CL:0002281,type S enteroendocrine cell,,,,,,,,,,,,,Chenchen,,
1622,cell,CL:0000000,cell,epithelial cell,CL:0000066,epithelial cell,kidney epithelial cell,CL:0002518,kidney epithelial cell,epithelial cell of nephron,CL:1000449,epithelial cell of nephron,nephron tubule epithelial cell,CL:1000494,nephron tubule epithelial cell,epithelial cell of proximal tubule,CL:0002306,epithelial cell of proximal tubule,,,,,,,,,,,,,,,,,,,Chenchen,,
1623,cell,CL:0000000,cell,epithelial cell,CL:0000066,epithelial cell,kidney epithelial cell,CL:0002518,kidney epithelial cell,epithelial cell of nephron,CL:1000449,epithelial cell of nephron,nephron tubule epithelial cell,CL:1000494,nephron tubule epithelial cell,epithelial cell of proximal tubule,CL:0002306,epithelial cell of proximal tubule,,,,,,,,,,,,,,,,,,,Chenchen,,
1624,cell,CL:0000000,cell,neural cell,CL:0002319,neural cell,,,,,,,,,,,,,,,,,,,,,,,,,,,,,,,Chenchen,,
1625,cell,CL:0000000,cell,neural cell,CL:0002319,neural cell,,,,,,,,,,,,,,,,,,,,,,,,,,,,,,,Chenchen,,
1626,cell,CL:0000000,cell,neural cell,CL:0002319,neural cell,,,,,,,,,,,,,,,,,,,,,,,,,,,,,,,Chenchen,,
1627,cell,CL:0000000,cell,neural cell,CL:0002319,neural cell,,,,,,,,,,,,,,,,,,,,,,,,,,,,,,,Chenchen,,
1628,cell,CL:0000000,cell,epithelial cell,CL:0000066,epithelial cell,endo-epithelial cell,CL:0002076,endo-epithelial cell,respiratory tract epithelial cell,CL:0002368,respiratory tract epithelial cell,epithelial cell of lower respiratory tract,CL:0002632,epithelial cell of lower respiratory tract,epithelial cell of tracheobronchial tree,CL:0002202,epithelial cell of tracheobronchial tree,basal epithelial cell of tracheobronchial tree,CL:0002329,basal epithelial cell of tracheobronchial tree,,,,,,,,,,,,,,,,Chenchen,,
1629,cell,CL:0000000,cell,epithelial cell,CL:0000066,epithelial cell,endo-epithelial cell,CL:0002076,endo-epithelial cell,respiratory tract epithelial cell,CL:0002368,respiratory tract epithelial cell,epithelial cell of lower respiratory tract,CL:0002632,epithelial cell of lower respiratory tract,epithelial cell of tracheobronchial tree,CL:0002202,epithelial cell of tracheobronchial tree,basal epithelial cell of tracheobronchial tree,CL:0002329,basal epithelial cell of tracheobronchial tree,,,,,,,,,,,,,,,,Chenchen,,
1630,cell,CL:0000000,cell,hematopoietic cell,CL:0000988,hematopoietic cell,leukocyte,CL:0000738,leukocyte,mononuclear leukocyte,CL:0000842,mononuclear leukocyte,mononuclear phagocyte,CL:0000113,mononuclear phagocyte,dendritic cell,CL:0000451,dendritic cell,conventional dendritic cell,CL:0000990,conventional dendritic cell,myeloid dendritic cell,CL:0000782,myeloid dendritic cell,CD141-positive myeloid dendritic cell,CL:0002394,CD141-positive myeloid dendritic cell,,,,,,,,,,Chenchen,,
1631,cell,CL:0000000,cell,hematopoietic cell,CL:0000988,hematopoietic cell,leukocyte,CL:0000738,leukocyte,mononuclear leukocyte,CL:0000842,mononuclear leukocyte,mononuclear phagocyte,CL:0000113,mononuclear phagocyte,dendritic cell,CL:0000451,dendritic cell,conventional dendritic cell,CL:0000990,conventional dendritic cell,myeloid dendritic cell,CL:0000782,myeloid dendritic cell,CD1c-positive myeloid dendritic cell,CL:0002399,CD1c-positive myeloid dendritic cell,,,,,,,,,,Chenchen,,
1632,cell,CL:0000000,cell,epithelial cell,CL:0000066,epithelial cell,endo-epithelial cell,CL:0002076,endo-epithelial cell,epithelial cell of alimentary canal,CL:0002251,epithelial cell of alimentary canal,intestinal epithelial cell,CL:0002563,intestinal epithelial cell,intestinal enteroendocrine cell,CL:1001516,intestinal enteroendocrine cell,enteroendocrine cell of small intestine,CL:0009006,enteroendocrine cell of small intestine,type M enteroendocrine cell,CL:0002502,type M enteroendocrine cell,,,,,,,,,,,,,Chenchen,,
1633,cell,CL:0000000,cell,epithelial cell,CL:0000066,epithelial cell,endo-epithelial cell,CL:0002076,endo-epithelial cell,epithelial cell of alimentary canal,CL:0002251,epithelial cell of alimentary canal,intestinal epithelial cell,CL:0002563,intestinal epithelial cell,intestinal enteroendocrine cell,CL:1001516,intestinal enteroendocrine cell,enteroendocrine cell of small intestine,CL:0009006,enteroendocrine cell of small intestine,type M enteroendocrine cell,CL:0002502,type M enteroendocrine cell,,,,,,,,,,,,,Chenchen,,
1634,cell,CL:0000000,cell,endothelial cell,CL:0000115,endothelial cell,endothelial cell of vascular tree,CL:0002139,endothelial cell of vascular tree,blood vessel endothelial cell,CL:0000071,blood vessel endothelial cell,vein endothelial cell,CL:0002543,vein endothelial cell,vein endothelial cell of respiratory system,CL:4033008,vein endothelial cell of respiratory system,,,,,,,,,,,,,,,,,,,Chenchen,,
1635,cell,CL:0000000,cell,connective tissue cell,CL:0002320,connective tissue cell,stromal cell,CL:0000499,stromal cell,fibroblast,CL:0000057,fibroblast,fibroblast of villous mesenchyme,CL:0002558,fibroblast of villous mesenchyme,,,,,,,,,,,,,,,,,,,,,,Chenchen,,
1636,cell,CL:0000000,cell,connective tissue cell,CL:0002320,connective tissue cell,stromal cell,CL:0000499,stromal cell,fibroblast,CL:0000057,fibroblast,fibroblast of villous mesenchyme,CL:0002558,fibroblast of villous mesenchyme,,,,,,,,,,,,,,,,,,,,,,Chenchen,,
1637,cell,CL:0000000,cell,connective tissue cell,CL:0002320,connective tissue cell,stromal cell,CL:0000499,stromal cell,fibroblast,CL:0000057,fibroblast,skin fibroblast,CL:0002620,skin fibroblast,,,,,,,,,,,,,,,,,,,,,,Chenchen,,
1638,cell,CL:0000000,cell,epithelial cell,CL:0000066,epithelial cell,ionocyte,CL:0005006,ionocyte,,,,,,,,,,,,,,,,,,,,,,,,,,,,Chenchen,,
1639,cell,CL:0000000,cell,epithelial cell,CL:0000066,epithelial cell,kidney epithelial cell,CL:0002518,kidney epithelial cell,renal principal cell,CL:0005009,renal principal cell,,,,,,,,,,,,,,,,,,,,,,,,,Chenchen,,
1640,cell,CL:0000000,cell,endothelial cell,CL:0000115,endothelial cell,endothelial cell of vascular tree,CL:0002139,endothelial cell of vascular tree,endothelial cell of lymphatic vessel,CL:0002138,endothelial cell of lymphatic vessel,endothelial cell of respiratory system lymphatic vessel,CL:0009086,endothelial cell of respiratory system lymphatic vessel,,,,,,,,,,,,,,,,,,,,,,Chenchen,,
1641,cell,CL:0000000,cell,endothelial cell,CL:0000115,endothelial cell,endothelial cell of vascular tree,CL:0002139,endothelial cell of vascular tree,endothelial cell of lymphatic vessel,CL:0002138,endothelial cell of lymphatic vessel,endothelial cell of respiratory system lymphatic vessel,CL:0009086,endothelial cell of respiratory system lymphatic vessel,,,,,,,,,,,,,,,,,,,,,,Chenchen,,
1642,cell,CL:0000000,cell,connective tissue cell,CL:0002320,connective tissue cell,pericyte,CL:0000669,pericyte,lung pericyte,CL:0009089,lung pericyte,,,,,,,,,,,,,,,,,,,,,,,,,Chenchen,,
1643,cell,CL:0000000,cell,muscle cell,CL:0000187,muscle cell,non-striated muscle cell,CL:0008000,non-striated muscle cell,smooth muscle cell,CL:0000192,smooth muscle cell,tracheobronchial smooth muscle cell,CL:0019019,tracheobronchial smooth muscle cell,,,,,,,,,,,,,,,,,,,,,,Chenchen,,
1644,cell,CL:0000000,cell,neural cell,CL:0002319,neural cell,neuron,CL:0000540,neuron,afferent neuron,CL:0000526,afferent neuron,sensory neuron,CL:0000101,sensory neuron,neuronal receptor cell,CL:0000006,neuronal receptor cell,pulmonary neuroendocrine cell,CL:1000223,pulmonary neuroendocrine cell,,,,,,,,,,,,,,,,Chenchen,,
1645,cell,CL:0000000,cell,endothelial cell,CL:0000115,endothelial cell,endothelial cell of vascular tree,CL:0002139,endothelial cell of vascular tree,blood vessel endothelial cell,CL:0000071,blood vessel endothelial cell,endothelial cell of artery,CL:1000413,endothelial cell of artery,,,,,,,,,,,,,,,,,,,,,,Chenchen,,
1646,cell,CL:0000000,cell,endothelial cell,CL:0000115,endothelial cell,endothelial cell of vascular tree,CL:0002139,endothelial cell of vascular tree,blood vessel endothelial cell,CL:0000071,blood vessel endothelial cell,endothelial cell of artery,CL:1000413,endothelial cell of artery,,,,,,,,,,,,,,,,,,,,,,Chenchen,,
1647,cell,CL:0000000,cell,endothelial cell,CL:0000115,endothelial cell,endothelial cell of vascular tree,CL:0002139,endothelial cell of vascular tree,blood vessel endothelial cell,CL:0000071,blood vessel endothelial cell,endothelial cell of venule,CL:1000414,endothelial cell of venule,,,,,,,,,,,,,,,,,,,,,,Chenchen,,
1648,cell,CL:0000000,cell,endothelial cell,CL:0000115,endothelial cell,endothelial cell of vascular tree,CL:0002139,endothelial cell of vascular tree,blood vessel endothelial cell,CL:0000071,blood vessel endothelial cell,endothelial cell of venule,CL:1000414,endothelial cell of venule,,,,,,,,,,,,,,,,,,,,,,Chenchen,,
1649,cell,CL:0000000,cell,epithelial cell,CL:0000066,epithelial cell,kidney epithelial cell,CL:0002518,kidney epithelial cell,renal cortical epithelial cell,CL:0002584,renal cortical epithelial cell,kidney corpuscule cell,CL:1000612,kidney corpuscule cell,glomerular cell,CL:1000746,glomerular cell,kidney glomerular epithelial cell,CL:1000510,kidney glomerular epithelial cell,epithelial cell of glomerular capsule,CL:1000450,epithelial cell of glomerular capsule,parietal epithelial cell,CL:1000452,parietal epithelial cell,,,,,,,,,,Chenchen,,
1650,cell,CL:0000000,cell,connective tissue cell,CL:0002320,connective tissue cell,stromal cell,CL:0000499,stromal cell,fibroblast,CL:0000057,fibroblast,kidney interstitial fibroblast,CL:1000692,kidney interstitial fibroblast,,,,,,,,,,,,,,,,,,,,,,Chenchen,,
1651,cell,CL:0000000,cell,connective tissue cell,CL:0002320,connective tissue cell,stromal cell,CL:0000499,stromal cell,fibroblast,CL:0000057,fibroblast,kidney interstitial fibroblast,CL:1000692,kidney interstitial fibroblast,,,,,,,,,,,,,,,,,,,,,,Chenchen,,
1652,cell,CL:0000000,cell,connective tissue cell,CL:0002320,connective tissue cell,stromal cell,CL:0000499,stromal cell,fibroblast,CL:0000057,fibroblast,kidney interstitial fibroblast,CL:1000692,kidney interstitial fibroblast,,,,,,,,,,,,,,,,,,,,,,Chenchen,,
1653,cell,CL:0000000,cell,connective tissue cell,CL:0002320,connective tissue cell,stromal cell,CL:0000499,stromal cell,fibroblast,CL:0000057,fibroblast,kidney interstitial fibroblast,CL:1000692,kidney interstitial fibroblast,,,,,,,,,,,,,,,,,,,,,,Chenchen,,
1654,cell,CL:0000000,cell,connective tissue cell,CL:0002320,connective tissue cell,stromal cell,CL:0000499,stromal cell,fibroblast,CL:0000057,fibroblast,kidney interstitial fibroblast,CL:1000692,kidney interstitial fibroblast,,,,,,,,,,,,,,,,,,,,,,Chenchen,,
1655,cell,CL:0000000,cell,connective tissue cell,CL:0002320,connective tissue cell,stromal cell,CL:0000499,stromal cell,fibroblast,CL:0000057,fibroblast,kidney interstitial fibroblast,CL:1000692,kidney interstitial fibroblast,,,,,,,,,,,,,,,,,,,,,,Chenchen,,
1656,cell,CL:0000000,cell,hematopoietic cell,CL:0000988,hematopoietic cell,leukocyte,CL:0000738,leukocyte,myeloid leukocyte,CL:0000766,myeloid leukocyte,macrophage,CL:0000235,macrophage,elicited macrophage,CL:0000861,elicited macrophage,M1 macrophage,CL:0000863,M1 macrophage,kidney interstitial inflammatory macrophage,CL:1000696,kidney interstitial inflammatory macrophage,,,,,,,,,,,,,Chenchen,,
1657,cell,CL:0000000,cell,hematopoietic cell,CL:0000988,hematopoietic cell,leukocyte,CL:0000738,leukocyte,myeloid leukocyte,CL:0000766,myeloid leukocyte,macrophage,CL:0000235,macrophage,tissue-resident macrophage,CL:0000864,tissue-resident macrophage,kidney resident macrophage,CL:1000698,kidney resident macrophage,,,,,,,,,,,,,,,,Chenchen,,
1658,cell,CL:0000000,cell,connective tissue cell,CL:0002320,connective tissue cell,pericyte,CL:0000669,pericyte,renal interstitial pericyte,CL:1001318,renal interstitial pericyte,mesangial cell,CL:0000650,mesangial cell,glomerular mesangial cell,CL:1000742,glomerular mesangial cell,,,,,,,,,,,,,,,,,,,Chenchen,,
1659,cell,CL:0000000,cell,epithelial cell,CL:0000066,epithelial cell,kidney epithelial cell,CL:0002518,kidney epithelial cell,renal cortical epithelial cell,CL:0002584,renal cortical epithelial cell,kidney cortex tubule cell,CL:1000615,kidney cortex tubule cell,kidney connecting tubule epithelial cell,CL:1000768,kidney connecting tubule epithelial cell,,,,,,,,,,,,,,,,,,,Chenchen,,
1660,cell,CL:0000000,cell,epithelial cell,CL:0000066,epithelial cell,kidney epithelial cell,CL:0002518,kidney epithelial cell,renal cortical epithelial cell,CL:0002584,renal cortical epithelial cell,kidney cortex tubule cell,CL:1000615,kidney cortex tubule cell,kidney connecting tubule epithelial cell,CL:1000768,kidney connecting tubule epithelial cell,,,,,,,,,,,,,,,,,,,Chenchen,,
1661,cell,CL:0000000,cell,epithelial cell,CL:0000066,epithelial cell,kidney epithelial cell,CL:0002518,kidney epithelial cell,epithelial cell of nephron,CL:1000449,epithelial cell of nephron,nephron tubule epithelial cell,CL:1000494,nephron tubule epithelial cell,epithelial cell of distal tubule,CL:0002305,epithelial cell of distal tubule,kidney distal convoluted tubule epithelial cell,CL:1000849,kidney distal convoluted tubule epithelial cell,,,,,,,,,,,,,,,,Chenchen,,
1662,cell,CL:0000000,cell,epithelial cell,CL:0000066,epithelial cell,kidney epithelial cell,CL:0002518,kidney epithelial cell,epithelial cell of nephron,CL:1000449,epithelial cell of nephron,nephron tubule epithelial cell,CL:1000494,nephron tubule epithelial cell,epithelial cell of distal tubule,CL:0002305,epithelial cell of distal tubule,kidney distal convoluted tubule epithelial cell,CL:1000849,kidney distal convoluted tubule epithelial cell,,,,,,,,,,,,,,,,Chenchen,,
1663,cell,CL:0000000,cell,epithelial cell,CL:0000066,epithelial cell,kidney epithelial cell,CL:0002518,kidney epithelial cell,epithelial cell of nephron,CL:1000449,epithelial cell of nephron,nephron tubule epithelial cell,CL:1000494,nephron tubule epithelial cell,epithelial cell of distal tubule,CL:0002305,epithelial cell of distal tubule,macula densa epithelial cell,CL:1000850,macula densa epithelial cell,,,,,,,,,,,,,,,,Chenchen,,
1664,cell,CL:0000000,cell,endothelial cell,CL:0000115,endothelial cell,endothelial cell of vascular tree,CL:0002139,endothelial cell of vascular tree,blood vessel endothelial cell,CL:0000071,blood vessel endothelial cell,microvascular endothelial cell,CL:2000008,microvascular endothelial cell,capillary endothelial cell,CL:0002144,capillary endothelial cell,kidney capillary endothelial cell,CL:1000892,kidney capillary endothelial cell,glomerular capillary endothelial cell,CL:1001005,glomerular capillary endothelial cell,,,,,,,,,,,,,Chenchen,,
1665,cell,CL:0000000,cell,epithelial cell,CL:0000066,epithelial cell,kidney epithelial cell,CL:0002518,kidney epithelial cell,epithelial cell of nephron,CL:1000449,epithelial cell of nephron,nephron tubule epithelial cell,CL:1000494,nephron tubule epithelial cell,epithelial cell of distal tubule,CL:0002305,epithelial cell of distal tubule,kidney loop of Henle ascending limb epithelial cell,CL:1001016,kidney loop of Henle ascending limb epithelial cell,kidney loop of Henle thick ascending limb epithelial cell,CL:1001106,kidney loop of Henle thick ascending limb epithelial cell,,,,,,,,,,,,,Chenchen,,
1666,cell,CL:0000000,cell,epithelial cell,CL:0000066,epithelial cell,kidney epithelial cell,CL:0002518,kidney epithelial cell,epithelial cell of nephron,CL:1000449,epithelial cell of nephron,nephron tubule epithelial cell,CL:1000494,nephron tubule epithelial cell,epithelial cell of distal tubule,CL:0002305,epithelial cell of distal tubule,kidney loop of Henle ascending limb epithelial cell,CL:1001016,kidney loop of Henle ascending limb epithelial cell,kidney loop of Henle thick ascending limb epithelial cell,CL:1001106,kidney loop of Henle thick ascending limb epithelial cell,,,,,,,,,,,,,Chenchen,,
1667,cell,CL:0000000,cell,epithelial cell,CL:0000066,epithelial cell,kidney epithelial cell,CL:0002518,kidney epithelial cell,epithelial cell of nephron,CL:1000449,epithelial cell of nephron,nephron tubule epithelial cell,CL:1000494,nephron tubule epithelial cell,epithelial cell of distal tubule,CL:0002305,epithelial cell of distal tubule,kidney loop of Henle ascending limb epithelial cell,CL:1001016,kidney loop of Henle ascending limb epithelial cell,kidney loop of Henle thin ascending limb epithelial cell,CL:1001107,kidney loop of Henle thin ascending limb epithelial cell,,,,,,,,,,,,,Chenchen,,
1668,cell,CL:0000000,cell,epithelial cell,CL:0000066,epithelial cell,kidney epithelial cell,CL:0002518,kidney epithelial cell,epithelial cell of nephron,CL:1000449,epithelial cell of nephron,nephron tubule epithelial cell,CL:1000494,nephron tubule epithelial cell,epithelial cell of distal tubule,CL:0002305,epithelial cell of distal tubule,kidney loop of Henle ascending limb epithelial cell,CL:1001016,kidney loop of Henle ascending limb epithelial cell,kidney loop of Henle thin ascending limb epithelial cell,CL:1001107,kidney loop of Henle thin ascending limb epithelial cell,,,,,,,,,,,,,Chenchen,,
1669,cell,CL:0000000,cell,epithelial cell,CL:0000066,epithelial cell,kidney epithelial cell,CL:0002518,kidney epithelial cell,epithelial cell of nephron,CL:1000449,epithelial cell of nephron,nephron tubule epithelial cell,CL:1000494,nephron tubule epithelial cell,kidney loop of Henle epithelial cell,CL:1000909,kidney loop of Henle epithelial cell,kidney loop of Henle descending limb epithelial cell,CL:1001021,kidney loop of Henle descending limb epithelial cell,kidney loop of Henle thin descending limb epithelial cell,CL:1001111,kidney loop of Henle thin descending limb epithelial cell,,,,,,,,,,,,,Chenchen,,
1670,cell,CL:0000000,cell,epithelial cell,CL:0000066,epithelial cell,kidney epithelial cell,CL:0002518,kidney epithelial cell,epithelial cell of nephron,CL:1000449,epithelial cell of nephron,nephron tubule epithelial cell,CL:1000494,nephron tubule epithelial cell,kidney loop of Henle epithelial cell,CL:1000909,kidney loop of Henle epithelial cell,kidney loop of Henle descending limb epithelial cell,CL:1001021,kidney loop of Henle descending limb epithelial cell,kidney loop of Henle thin descending limb epithelial cell,CL:1001111,kidney loop of Henle thin descending limb epithelial cell,,,,,,,,,,,,,Chenchen,,
1671,cell,CL:0000000,cell,epithelial cell,CL:0000066,epithelial cell,kidney epithelial cell,CL:0002518,kidney epithelial cell,epithelial cell of nephron,CL:1000449,epithelial cell of nephron,kidney collecting duct epithelial cell,CL:1000454,kidney collecting duct epithelial cell,kidney collecting duct principal cell,CL:1001431,kidney collecting duct principal cell,,,,,,,,,,,,,,,,,,,Chenchen,,
1672,cell,CL:0000000,cell,endothelial cell,CL:0000115,endothelial cell,endothelial cell of vascular tree,CL:0002139,endothelial cell of vascular tree,blood vessel endothelial cell,CL:0000071,blood vessel endothelial cell,microvascular endothelial cell,CL:2000008,microvascular endothelial cell,,,,,,,,,,,,,,,,,,,,,,Chenchen,,
1673,cell,CL:0000000,cell,endothelial cell,CL:0000115,endothelial cell,endothelial cell of vascular tree,CL:0002139,endothelial cell of vascular tree,blood vessel endothelial cell,CL:0000071,blood vessel endothelial cell,microvascular endothelial cell,CL:2000008,microvascular endothelial cell,,,,,,,,,,,,,,,,,,,,,,Chenchen,,
1674,cell,CL:0000000,cell,endothelial cell,CL:0000115,endothelial cell,endothelial cell of vascular tree,CL:0002139,endothelial cell of vascular tree,endothelial cell of lymphatic vessel,CL:0002138,endothelial cell of lymphatic vessel,endothelial cell of lymphatic vessel,CL:0002138,endothelial cell of lymphatic vessel,,,,,,,,,,,,,,,,,,,,,,Chenchen,,
1675,cell,CL:0000000,cell,epithelial cell,CL:0000066,epithelial cell,secretory epithelial cell,CL:1100001,secretory epithelial cell,goblet cell,CL:0000160,goblet cell,conjunctiva goblet cell,CL:2000084,conjunctiva goblet cell,,,,,,,,,,,,,,,,,,,,,,Chenchen,,
1676,cell,CL:0000000,cell,epithelial cell,CL:0000066,epithelial cell,secretory epithelial cell,CL:1100001,secretory epithelial cell,goblet cell,CL:0000160,goblet cell,conjunctiva goblet cell,CL:2000084,conjunctiva goblet cell,,,,,,,,,,,,,,,,,,,,,,Chenchen,,
1677,cell,CL:0000000,cell,epithelial cell,CL:0000066,epithelial cell,secretory epithelial cell,CL:1100001,secretory epithelial cell,goblet cell,CL:0000160,goblet cell,conjunctiva goblet cell,CL:2000084,conjunctiva goblet cell,,,,,,,,,,,,,,,,,,,,,,Chenchen,,
1678,cell,CL:0000000,cell,epithelial cell,CL:0000066,epithelial cell,secretory epithelial cell,CL:1100001,secretory epithelial cell,goblet cell,CL:0000160,goblet cell,conjunctiva goblet cell,CL:2000084,conjunctiva goblet cell,,,,,,,,,,,,,,,,,,,,,,Chenchen,,
1679,cell,CL:0000000,cell,endothelial cell,CL:0000115,endothelial cell,endothelial cell of vascular tree,CL:0002139,endothelial cell of vascular tree,blood vessel endothelial cell,CL:0000071,blood vessel endothelial cell,microvascular endothelial cell,CL:2000008,microvascular endothelial cell,capillary endothelial cell,CL:0002144,capillary endothelial cell,pulmonary capillary endothelial cell,CL:4028001,pulmonary capillary endothelial cell,alveolar capillary type 1 endothelial cell,CL:4028002,alveolar capillary type 1 endothelial cell,,,,,,,,,,,,,Chenchen,,
1680,cell,CL:0000000,cell,endothelial cell,CL:0000115,endothelial cell,endothelial cell of vascular tree,CL:0002139,endothelial cell of vascular tree,blood vessel endothelial cell,CL:0000071,blood vessel endothelial cell,microvascular endothelial cell,CL:2000008,microvascular endothelial cell,capillary endothelial cell,CL:0002144,capillary endothelial cell,pulmonary capillary endothelial cell,CL:4028001,pulmonary capillary endothelial cell,alveolar capillary type 1 endothelial cell,CL:4028002,alveolar capillary type 1 endothelial cell,,,,,,,,,,,,,Chenchen,,
1681,cell,CL:0000000,cell,endothelial cell,CL:0000115,endothelial cell,endothelial cell of vascular tree,CL:0002139,endothelial cell of vascular tree,blood vessel endothelial cell,CL:0000071,blood vessel endothelial cell,microvascular endothelial cell,CL:2000008,microvascular endothelial cell,capillary endothelial cell,CL:0002144,capillary endothelial cell,pulmonary capillary endothelial cell,CL:4028001,pulmonary capillary endothelial cell,alveolar capillary type 2 endothelial cell,CL:4028003,alveolar capillary type 2 endothelial cell,,,,,,,,,,,,,Chenchen,,
1682,cell,CL:0000000,cell,endothelial cell,CL:0000115,endothelial cell,endothelial cell of vascular tree,CL:0002139,endothelial cell of vascular tree,blood vessel endothelial cell,CL:0000071,blood vessel endothelial cell,microvascular endothelial cell,CL:2000008,microvascular endothelial cell,capillary endothelial cell,CL:0002144,capillary endothelial cell,pulmonary capillary endothelial cell,CL:4028001,pulmonary capillary endothelial cell,alveolar capillary type 2 endothelial cell,CL:4028003,alveolar capillary type 2 endothelial cell,,,,,,,,,,,,,Chenchen,,
1683,cell,CL:0000000,cell,connective tissue cell,CL:0002320,connective tissue cell,stromal cell,CL:0000499,stromal cell,fibroblast,CL:0000057,fibroblast,pulmonary interstitial fibroblast,CL:0002241,pulmonary interstitial fibroblast,alveolar type 1 fibroblast cell,CL:4028004,alveolar type 1 fibroblast cell,,,,,,,,,,,,,,,,,,,Chenchen,,
1684,cell,CL:0000000,cell,epithelial cell,CL:0000066,epithelial cell,kidney epithelial cell,CL:0002518,kidney epithelial cell,epithelial cell of nephron,CL:1000449,epithelial cell of nephron,renal intercalated cell,CL:0005010,renal intercalated cell,kidney collecting duct intercalated cell,CL:1001432,kidney collecting duct intercalated cell,kidney collecting duct alpha-intercalated cell,CL:4030015,kidney collecting duct alpha-intercalated cell,,,,,,,,,,,,,,,,Chenchen,,
1685,cell,CL:0000000,cell,epithelial cell,CL:0000066,epithelial cell,kidney epithelial cell,CL:0002518,kidney epithelial cell,epithelial cell of nephron,CL:1000449,epithelial cell of nephron,renal intercalated cell,CL:0005010,renal intercalated cell,kidney collecting duct intercalated cell,CL:1001432,kidney collecting duct intercalated cell,kidney collecting duct alpha-intercalated cell,CL:4030015,kidney collecting duct alpha-intercalated cell,,,,,,,,,,,,,,,,Chenchen,,
1686,cell,CL:0000000,cell,epithelial cell,CL:0000066,epithelial cell,columnar/cuboidal epithelial cell,CL:0000075,columnar/cuboidal epithelial cell,brush border epithelial cell,CL:0000239,brush border epithelial cell,enterocyte,CL:0000584,enterocyte,BEST4+ enterocyte,CL:4030026,BEST4+ enterocyte,,,,,,,,,,,,,,,,,,,Chenchen,,
1687,cell,CL:0000000,cell,epithelial cell,CL:0000066,epithelial cell,columnar/cuboidal epithelial cell,CL:0000075,columnar/cuboidal epithelial cell,brush border epithelial cell,CL:0000239,brush border epithelial cell,enterocyte,CL:0000584,enterocyte,BEST4+ enterocyte,CL:4030026,BEST4+ enterocyte,,,,,,,,,,,,,,,,,,,Chenchen,,
1688,cell,CL:0000000,cell,epithelial cell,CL:0000066,epithelial cell,columnar/cuboidal epithelial cell,CL:0000075,columnar/cuboidal epithelial cell,myoepithelial cell,CL:0000185,myoepithelial cell,myoepithelial cell of bronchus submucosal gland,CL:4033003,myoepithelial cell of bronchus submucosal gland,,,,,,,,,,,,,,,,,,,,,,Chenchen,,
1689,cell,CL:0000000,cell,connective tissue cell,CL:0002320,connective tissue cell,myofibroblast cell,CL:0000186,myofibroblast cell,secondary crest myofibroblast,CL:4033016,secondary crest myofibroblast,,,,,,,,,,,,,,,,,,,,,,,,,Chenchen,,
1690,cell,CL:0000000,cell,hematopoietic cell,CL:0000988,hematopoietic cell,leukocyte,CL:0000738,leukocyte,myeloid leukocyte,CL:0000766,myeloid leukocyte,macrophage,CL:0000235,macrophage,lung macrophage,CL:1001603,lung macrophage,lung interstitial macrophage,CL:4033043,lung interstitial macrophage,,,,,,,,,,,,,,,,Chenchen,,
1691,cell,CL:0000000,cell,hematopoietic cell,CL:0000988,hematopoietic cell,leukocyte,CL:0000738,leukocyte,myeloid leukocyte,CL:0000766,myeloid leukocyte,macrophage,CL:0000235,macrophage,lung macrophage,CL:1001603,lung macrophage,lung interstitial macrophage,CL:4033043,lung interstitial macrophage,,,,,,,,,,,,,,,,Chenchen,,
1692,cell,CL:0000000,cell,hematopoietic cell,CL:0000988,hematopoietic cell,leukocyte,CL:0000738,leukocyte,myeloid leukocyte,CL:0000766,myeloid leukocyte,macrophage,CL:0000235,macrophage,lung macrophage,CL:1001603,lung macrophage,alveolar macrophage,CL:0000583,alveolar macrophage,cycling alveolar macrophage,CL:4033077,cycling alveolar macrophage,,,,,,,,,,,,,Chenchen,,
1693,cell,CL:0000000,cell,epithelial cell,CL:0000066,epithelial cell,endo-epithelial cell,CL:0002076,endo-epithelial cell,respiratory tract epithelial cell,CL:0002368,respiratory tract epithelial cell,epithelial cell of lower respiratory tract,CL:0002632,epithelial cell of lower respiratory tract,epithelial cell of lung,CL:0000082,epithelial cell of lung,pulmonary alveolar epithelial cell,CL:0000322,pulmonary alveolar epithelial cell,pulmonary alveolar type 2 cell,CL:0002063,pulmonary alveolar type 2 cell,cycling pulmonary alveolar type 2 cell,CL:4033080,cycling pulmonary alveolar type 2 cell,,,,,,,,,,Chenchen,,
1694,cell,CL:0000000,cell,epithelial cell,CL:0000066,epithelial cell,endo-epithelial cell,CL:0002076,endo-epithelial cell,respiratory tract epithelial cell,CL:0002368,respiratory tract epithelial cell,epithelial cell of lower respiratory tract,CL:0002632,epithelial cell of lower respiratory tract,epithelial cell of lung,CL:0000082,epithelial cell of lung,pulmonary alveolar epithelial cell,CL:0000322,pulmonary alveolar epithelial cell,pulmonary alveolar type 2 cell,CL:0002063,pulmonary alveolar type 2 cell,cycling pulmonary alveolar type 2 cell,CL:4033080,cycling pulmonary alveolar type 2 cell,,,,,,,,,,Chenchen,,
1695,cell,CL:0000000,cell,precursor cell,CL:0011115,precursor cell,stem cell,CL:0000034,stem cell,somatic stem cell,CL:0000723,somatic stem cell,epithelial fate stem cell,CL:0000036,epithelial fate stem cell,basal cell,CL:0000646,basal cell,cycling basal cell,CL:4033082,cycling basal cell,,,,,,,,,,,,,,,,Chenchen,,
1696,cell,CL:0000000,cell,connective tissue cell,CL:0002320,connective tissue cell,stromal cell,CL:0000499,stromal cell,fibroblast,CL:0000057,fibroblast,subepithelial intestinal fibroblast,CL:4052007,subepithelial intestinal fibroblast,,,,,,,,,,,,,,,,,,,,,,Chenchen,,
1697,cell,CL:0000000,cell,connective tissue cell,CL:0002320,connective tissue cell,stromal cell,CL:0000499,stromal cell,fibroblast,CL:0000057,fibroblast,subepithelial intestinal fibroblast,CL:4052007,subepithelial intestinal fibroblast,,,,,,,,,,,,,,,,,,,,,,Chenchen,,
1698,cell,CL:0000000,cell,connective tissue cell,CL:0002320,connective tissue cell,stromal cell,CL:0000499,stromal cell,fibroblast,CL:0000057,fibroblast,subepithelial intestinal fibroblast,CL:4052007,subepithelial intestinal fibroblast,,,,,,,,,,,,,,,,,,,,,,Chenchen,,
1699,cell,CL:0000000,cell,connective tissue cell,CL:0002320,connective tissue cell,stromal cell,CL:0000499,stromal cell,fibroblast,CL:0000057,fibroblast,subepithelial intestinal fibroblast,CL:4052007,subepithelial intestinal fibroblast,,,,,,,,,,,,,,,,,,,,,,Chenchen,,
1700,cell,CL:0000000,cell,connective tissue cell,CL:0002320,connective tissue cell,stromal cell,CL:0000499,stromal cell,fibroblast,CL:0000057,fibroblast,subepithelial intestinal fibroblast,CL:4052007,subepithelial intestinal fibroblast,,,,,,,,,,,,,,,,,,,,,,Chenchen,,
1701,cell,CL:0000000,cell,connective tissue cell,CL:0002320,connective tissue cell,stromal cell,CL:0000499,stromal cell,fibroblast,CL:0000057,fibroblast,subepithelial intestinal fibroblast,CL:4052007,subepithelial intestinal fibroblast,,,,,,,,,,,,,,,,,,,,,,Chenchen,,
1702,cell,CL:0000000,cell,connective tissue cell,CL:0002320,connective tissue cell,stromal cell,CL:0000499,stromal cell,fibroblast,CL:0000057,fibroblast,adventitial fibroblast,CL:4052030,adventitial fibroblast,,,,,,,,,,,,,,,,,,,,,,Chenchen,,
1703,cell,CL:0000000,cell,connective tissue cell,CL:0002320,connective tissue cell,stromal cell,CL:0000499,stromal cell,fibroblast,CL:0000057,fibroblast,adventitial fibroblast,CL:4052030,adventitial fibroblast,,,,,,,,,,,,,,,,,,,,,,Chenchen,,